chunk_id,chunk_valid,duplicate_claim_count,duplicate_claim_ids,empty_sentence_count,empty_sentence_ids,expected_claim_count,mapping_complete,missing_claim_count,missing_claim_ids,output_termination_class,parse_error,parse_status,request_id,returned_claim_count,schema_status,task_id,transport_success,truncation_exposed,unexpected_claim_count,unexpected_claim_ids
a3_chunk_9254ef26da06ee2fef3053e9,True,0,,0,,7,True,0,,NORMAL_COMPLETION,,PASS,stage7e_v1_2_request_0188b8a84174f6db855bf6e1,7,PASS,stage7_main_task_033,True,False,0,
a3_chunk_2d0bd831fa2ececee244a56f,True,0,,0,,8,True,0,,NORMAL_COMPLETION,,PASS,stage7e_v1_2_request_0225b4853138633b995d5511,8,PASS,stage7_main_task_043,True,False,0,
a3_chunk_0ea6e2f27fbcfeccb5e68572,True,0,,0,,6,True,0,,NORMAL_COMPLETION,,PASS,stage7e_v1_2_request_045305e2f9df9d69bc537ead,6,PASS,stage7_main_task_017,True,False,0,
a3_chunk_15109e5f4d54fc6a82fcda14,True,0,,0,,8,True,0,,NORMAL_COMPLETION,,PASS,stage7e_v1_2_request_045e00d4d4dff9b386b0a547,8,PASS,stage7_main_task_023,True,False,0,
a3_chunk_89088a542d568a9d809a0703,True,0,,0,,8,True,0,,NORMAL_COMPLETION,,PASS,stage7e_v1_2_request_084a2f6fa6bccbf4f22f4666,8,PASS,stage7_main_task_013,True,False,0,
a3_chunk_9b5fe1d7fe62da62c5e38b59,True,0,,0,,8,True,0,,NORMAL_COMPLETION,,PASS,stage7e_v1_2_request_08c1f7dbc3da3a4d57cb584a,8,PASS,stage7_main_task_019,True,False,0,
a3_chunk_d8e1a2cafdf7b535d3bc6732,True,0,,0,,3,True,0,,NORMAL_COMPLETION,,PASS,stage7e_v1_2_request_0936acecec7af9443a59aed7,3,PASS,stage7_main_task_036,True,False,0,
a3_chunk_4a85dc45474fda76eb828391,True,0,,0,,8,True,0,,NORMAL_COMPLETION,,PASS,stage7e_v1_2_request_09daa1df742b5d18b4aa76a2,8,PASS,stage7_main_task_021,True,False,0,
a3_chunk_4c14825368b22753dda91fd2,False,0,,0,,8,False,8,typed_claim_3098d9eded85bc9bbfbaa2a2;typed_claim_4b0e94c12031b3d8bdf0c7ae;typed_claim_87aa59f25b16cd1e378aa3fd;typed_claim_8e50c3fbb7b7a3046db55d81;typed_claim_9ec9188e42b6de332273c5a1;typed_claim_bb61d01207a55a68f424e125;typed_claim_d32ad06380e244931ee61519;typed_claim_dad5e42452c912a684f553f9,NORMAL_COMPLETION,JSON_DECODE_ERROR:Expecting value,FAIL,stage7e_v1_2_request_0bebae04d3b4ba0f078f6b52,0,FAIL,stage7_main_task_010,True,False,0,
a3_chunk_708426f4edbdaae3d7f17e87,True,0,,0,,8,True,0,,NORMAL_COMPLETION,,PASS,stage7e_v1_2_request_0df953e1953580320322cdda,8,PASS,stage7_main_task_002,True,False,0,
a3_chunk_4fb473e881dbe6c3e4dd666c,True,0,,0,,8,True,0,,NORMAL_COMPLETION,,PASS,stage7e_v1_2_request_0fa7680508a697a38f688e55,8,PASS,stage7_main_task_044,True,False,0,
a3_chunk_9034d0a26dd1ad0c745694a0,False,0,,0,,4,False,4,typed_claim_27370aa2ba4c54cb99a47100;typed_claim_3995dcf288eb97b9b50131eb;typed_claim_49b0a40400914164ab8c8f95;typed_claim_a907b4ceebc0663264965580,NORMAL_COMPLETION,JSON_DECODE_ERROR:Expecting value,FAIL,stage7e_v1_2_request_1163982282430aed7e4ff717,0,FAIL,stage7_main_task_010,True,False,0,
a3_chunk_cbc69f65bec3b5692a566ef9,True,0,,0,,8,True,0,,NORMAL_COMPLETION,,PASS,stage7e_v1_2_request_11b54f3a7b204fa8980a5a07,8,PASS,stage7_main_task_047,True,False,0,
a3_chunk_97d4d6af349125af20227d28,False,0,,0,,8,False,8,typed_claim_1a1a8aaf1dbcbcf405dfe26c;typed_claim_228a1871f9bdcf05f7461333;typed_claim_2d4a4f1a150de2e58783e7b8;typed_claim_434e35f5ea8409d889b81d60;typed_claim_88843dd927dc0a693cd5846e;typed_claim_99c03b9ea79d270e7edcb917;typed_claim_d62665c7a0da6a41740edd34;typed_claim_f99c93e00e01e113f91edab9,NORMAL_COMPLETION,JSON_DECODE_ERROR:Expecting value,FAIL,stage7e_v1_2_request_12e20a11ffb6d2b54c8f2725,0,FAIL,stage7_main_task_017,True,False,0,
a3_chunk_cc36c36cf92a5fa783cc7019,True,0,,0,,8,True,0,,NORMAL_COMPLETION,,PASS,stage7e_v1_2_request_156afa3a5a351660d279bfe8,8,PASS,stage7_main_task_011,True,False,0,
a3_chunk_e5790e118c0ca0da03d579bb,True,0,,0,,6,True,0,,NORMAL_COMPLETION,,PASS,stage7e_v1_2_request_165ed5b7b62854835523622a,6,PASS,stage7_main_task_025,True,False,0,
a3_chunk_b247f123c798ae3e5607c9c3,True,0,,0,,8,True,0,,NORMAL_COMPLETION,,PASS,stage7e_v1_2_request_17eacdd6612f216aa3e5e09c,8,PASS,stage7_main_task_021,True,False,0,
a3_chunk_67fbf747c088e380d9eaf083,True,0,,0,,8,True,0,,NORMAL_COMPLETION,,PASS,stage7e_v1_2_request_1821215329baa4cf9c47630a,8,PASS,stage7_main_task_003,True,False,0,
a3_chunk_a7caf06bcd6c7d575f658cf2,True,0,,0,,4,True,0,,NORMAL_COMPLETION,,PASS,stage7e_v1_2_request_1a62226611f035a8c25212e5,4,PASS,stage7_main_task_012,True,False,0,
a3_chunk_6aca6f710af612b82192f398,True,0,,0,,4,True,0,,NORMAL_COMPLETION,,PASS,stage7e_v1_2_request_20c29033346af0ad21a68fdf,4,PASS,stage7_main_task_001,True,False,0,
a3_chunk_da2ae4ca2026062c41fe0973,True,0,,0,,7,True,0,,NORMAL_COMPLETION,,PASS,stage7e_v1_2_request_216adb0f26a02840abf1c677,7,PASS,stage7_main_task_032,True,False,0,
a3_chunk_a8d2562562fde773ce5535ec,True,0,,0,,8,True,0,,NORMAL_COMPLETION,,PASS,stage7e_v1_2_request_22d069161cc6499bcc4c10be,8,PASS,stage7_main_task_011,True,False,0,
a3_chunk_da1424c9e03afef378c3036c,True,0,,0,,8,True,0,,NORMAL_COMPLETION,,PASS,stage7e_v1_2_request_291067ef7be73871da4344fa,8,PASS,stage7_main_task_012,True,False,0,
a3_chunk_5893975f9f5f31effc599186,False,0,,0,,1,False,1,typed_claim_ea9f14a57f1c6083e1a754f6,NORMAL_COMPLETION,JSON_DECODE_ERROR:Expecting value,FAIL,stage7e_v1_2_request_2b94a40fd32c9cd2383dae84,0,FAIL,stage7_main_task_032,True,False,0,
a3_chunk_2f0545988dd6cddcdac004b0,True,0,,0,,8,True,0,,NORMAL_COMPLETION,,PASS,stage7e_v1_2_request_2dc668106cc2dd3efc174e86,8,PASS,stage7_main_task_017,True,False,0,
a3_chunk_d83639502c2f610c215d8e62,True,0,,0,,8,True,0,,NORMAL_COMPLETION,,PASS,stage7e_v1_2_request_2e1beca2d7e8e7010ee93ad9,8,PASS,stage7_main_task_032,True,False,0,
a3_chunk_25eae128ba28d8d6f91a8f68,False,0,,0,,7,False,7,typed_claim_422dabf217f7453263d9360e;typed_claim_6f6508312e14c55c99447194;typed_claim_b25cd4fef4c9726e2f956ea7;typed_claim_be9df97eaffb704ac009322a;typed_claim_c6532b272dd38ada16a30dd1;typed_claim_e99cf6389e63eece57840aaf;typed_claim_f8d4bca7b275a2901f93800f,NORMAL_COMPLETION,JSON_DECODE_ERROR:Expecting value,FAIL,stage7e_v1_2_request_2ee454bb9fbffb489b758a08,0,FAIL,stage7_main_task_038,True,False,0,
a3_chunk_d132dda51c842982be3d4460,False,0,,0,,8,False,8,typed_claim_285af9503599131415a17121;typed_claim_2e1a1634f4efc8f093b559de;typed_claim_3497ee35597b937ed8bf1b6b;typed_claim_8a4e46a54cd96480bd91c011;typed_claim_90323dcd22d8c472bc0d1d8d;typed_claim_a7733d4ffb9a043c27d624e0;typed_claim_cc1e5433fefc6daad18626c8;typed_claim_e7bccf8610c13eb106eb3f1f,NORMAL_COMPLETION,JSON_DECODE_ERROR:Expecting value,FAIL,stage7e_v1_2_request_33ec6644151ada7abf05b88a,0,FAIL,stage7_main_task_004,True,False,0,
a3_chunk_a0277ea3f36e72a61a4e9536,True,0,,0,,2,True,0,,NORMAL_COMPLETION,,PASS,stage7e_v1_2_request_3681c5b4b9982865974e1987,2,PASS,stage7_main_task_041,True,False,0,
a3_chunk_1b43085104f57927fcedc98c,True,0,,0,,8,True,0,,NORMAL_COMPLETION,,PASS,stage7e_v1_2_request_38a8e67c37feb1e3a8b4073f,8,PASS,stage7_main_task_046,True,False,0,
a3_chunk_4658da2ae74294899914b863,False,0,,0,,8,False,8,typed_claim_00827c6c5e778f8ce65cf083;typed_claim_00dfd479c78158d57798409d;typed_claim_4120c531570c8d65575bb64a;typed_claim_4caa58e0292c75a95b7b12e2;typed_claim_534681fd2849b3f38beacbbc;typed_claim_5f57dec472a6831642f608c4;typed_claim_6c58aa13253c32d5e64d18cb;typed_claim_8ed9c206048766ac6fe2b02e,NORMAL_COMPLETION,JSON_DECODE_ERROR:Expecting value,FAIL,stage7e_v1_2_request_3c403c415c8b3bdb2430ef0a,0,FAIL,stage7_main_task_011,True,False,0,
a3_chunk_554a6db8f85dba205f4d13b3,True,0,,0,,8,True,0,,NORMAL_COMPLETION,,PASS,stage7e_v1_2_request_3c83f182696eaf26ae36e4bb,8,PASS,stage7_main_task_032,True,False,0,
a3_chunk_ce48ac7dcad4c7784fc1bbcf,True,0,,0,,8,True,0,,NORMAL_COMPLETION,,PASS,stage7e_v1_2_request_3c8f8f76e1143d370b194f32,8,PASS,stage7_main_task_017,True,False,0,
a3_chunk_e2100629a736773e69acc324,True,0,,0,,8,True,0,,NORMAL_COMPLETION,,PASS,stage7e_v1_2_request_3caefe571036b6364755e199,8,PASS,stage7_main_task_021,True,False,0,
a3_chunk_4d937180777a3ec4f5921aa6,True,0,,0,,8,True,0,,NORMAL_COMPLETION,,PASS,stage7e_v1_2_request_3d635fd2357f50fc8e1ea6b8,8,PASS,stage7_main_task_011,True,False,0,
a3_chunk_4fbd8046a2bdef87fb28edd1,True,0,,0,,1,True,0,,NORMAL_COMPLETION,,PASS,stage7e_v1_2_request_3ec112cd7b34e551b3237d6b,1,PASS,stage7_main_task_009,True,False,0,
a3_chunk_34205c2b497bb79309f368de,False,0,,0,,7,False,7,typed_claim_26232e01640496d94f505be9;typed_claim_323dc21b06da5f338b5e9008;typed_claim_33be7162f8a8df7517acb544;typed_claim_4744318c8f9a4a01377197b6;typed_claim_a0ab98e4fcab30a64e3c4b06;typed_claim_c1b7f5342e373b536011c5e6;typed_claim_d6e1d0a35bd137cb7caf85d5,NORMAL_COMPLETION,JSON_DECODE_ERROR:Expecting value,FAIL,stage7e_v1_2_request_41d21d97f892dd2f78cb50e4,0,FAIL,stage7_main_task_016,True,False,0,
a3_chunk_a413b512d3a1bd38464adde6,False,0,,0,,8,False,8,typed_claim_681fd3ac9fcdd3dad80a0993;typed_claim_6dc7f9c39f367d08140175cd;typed_claim_889aa05e2e39e162e7ae7a6d;typed_claim_986eeba297b7060139016b35;typed_claim_c2ec2bb2a4c27bfda0bcb996;typed_claim_e4a0aa89b55cb1764ce9366a;typed_claim_f9a65de6337fda9db0c559ed;typed_claim_fe562b8354ec909aed4fc2bb,NORMAL_COMPLETION,JSON_DECODE_ERROR:Expecting value,FAIL,stage7e_v1_2_request_4432dbe6744321fff70de49c,0,FAIL,stage7_main_task_011,True,False,0,
a3_chunk_bf0f3f4fa21c7a5286fee4b2,True,0,,0,,6,True,0,,NORMAL_COMPLETION,,PASS,stage7e_v1_2_request_4452cf3fc8981487fb93b209,6,PASS,stage7_main_task_002,True,False,0,
a3_chunk_74b0a0ea9ac2198ff7928e46,True,0,,0,,8,True,0,,NORMAL_COMPLETION,,PASS,stage7e_v1_2_request_455192a394ffde6814adf2e5,8,PASS,stage7_main_task_034,True,False,0,
a3_chunk_a879e5c473632876d0d9e03d,True,0,,0,,1,True,0,,NORMAL_COMPLETION,,PASS,stage7e_v1_2_request_4694557fba77f6a252e6fc1e,1,PASS,stage7_main_task_006,True,False,0,
a3_chunk_9687e6b0f861d869420553f0,True,0,,0,,5,True,0,,NORMAL_COMPLETION,,PASS,stage7e_v1_2_request_478364734ecce26d0dacd759,5,PASS,stage7_main_task_043,True,False,0,
a3_chunk_29c4d9f7dca50c097a9db148,True,0,,0,,8,True,0,,NORMAL_COMPLETION,,PASS,stage7e_v1_2_request_48107c047d75ea1f829e8f4b,8,PASS,stage7_main_task_012,True,False,0,
a3_chunk_2df0219ca9cd3983fef8546f,True,0,,0,,8,True,0,,NORMAL_COMPLETION,,PASS,stage7e_v1_2_request_48faf870ed6f9b711fe4c904,8,PASS,stage7_main_task_030,True,False,0,
a3_chunk_7dd16c3adb9ba0c6898d4bf5,True,0,,0,,6,True,0,,NORMAL_COMPLETION,,PASS,stage7e_v1_2_request_4af8a672ef582a2da24c1b48,6,PASS,stage7_main_task_038,True,False,0,
a3_chunk_3c42c4c6434226f37e4dc8e2,True,0,,0,,4,True,0,,NORMAL_COMPLETION,,PASS,stage7e_v1_2_request_4b37bc96883cdeda9d7cd588,4,PASS,stage7_main_task_021,True,False,0,
a3_chunk_8426bda97fb0b0aa1a76e5ec,False,0,,0,,8,False,8,typed_claim_2fa29bdc5aaef342ba562ef4;typed_claim_3cd7737bdad34d0ad4d7c887;typed_claim_4f0dbf1089466d21ddfb312f;typed_claim_5b9159d1f82bb2935e62d214;typed_claim_691e71fa3627297b8dc32a30;typed_claim_72f845df2e9ceff9382a13d3;typed_claim_a46c7047e75a487f50d81325;typed_claim_c3496d2e71ab5b51150639a0,NORMAL_COMPLETION,JSON_DECODE_ERROR:Expecting value,FAIL,stage7e_v1_2_request_4cb8298472fac6cedef8b622,0,FAIL,stage7_main_task_009,True,False,0,
a3_chunk_3475c2219434e3357754d7ec,True,0,,0,,8,True,0,,NORMAL_COMPLETION,,PASS,stage7e_v1_2_request_4d5e6c96326a09dee6d8be2f,8,PASS,stage7_main_task_011,True,False,0,
a3_chunk_8e85006ab3238be8270a4f3d,True,0,,0,,8,True,0,,NORMAL_COMPLETION,,PASS,stage7e_v1_2_request_4e8a04b7059fa683f5ab2a90,8,PASS,stage7_main_task_047,True,False,0,
a3_chunk_5978aa2db07a614a63ec1b9e,True,0,,0,,7,True,0,,NORMAL_COMPLETION,,PASS,stage7e_v1_2_request_526311ee605b7dd7953ff0fe,7,PASS,stage7_main_task_044,True,False,0,
a3_chunk_df58cef3eb898551e84a9d01,True,0,,0,,8,True,0,,NORMAL_COMPLETION,,PASS,stage7e_v1_2_request_535bceab108ab84da319eca3,8,PASS,stage7_main_task_006,True,False,0,
a3_chunk_2a011f0d6924a12fb534918e,True,0,,0,,8,True,0,,NORMAL_COMPLETION,,PASS,stage7e_v1_2_request_55604f7cd6aec774abfb49a2,8,PASS,stage7_main_task_033,True,False,0,
a3_chunk_1709bb974366965db7353296,True,0,,0,,4,True,0,,NORMAL_COMPLETION,,PASS,stage7e_v1_2_request_5617ea5df31d007090f72723,4,PASS,stage7_main_task_028,True,False,0,
a3_chunk_f157345407f523591f4209af,True,0,,0,,8,True,0,,NORMAL_COMPLETION,,PASS,stage7e_v1_2_request_566777c015b2d197ebdbe62f,8,PASS,stage7_main_task_010,True,False,0,
a3_chunk_5415dec9e4a19b493f3b4b59,True,0,,0,,8,True,0,,NORMAL_COMPLETION,,PASS,stage7e_v1_2_request_57f22bd6fc600d8555cc6dd7,8,PASS,stage7_main_task_021,True,False,0,
a3_chunk_b3a4f8e9bfacb3034fe7517f,True,0,,0,,1,True,0,,NORMAL_COMPLETION,,PASS,stage7e_v1_2_request_593b2d7b0fcc0bf35307c863,1,PASS,stage7_main_task_023,True,False,0,
a3_chunk_42cab3472ddfa4df40ecf5d0,True,0,,0,,8,True,0,,NORMAL_COMPLETION,,PASS,stage7e_v1_2_request_5b2c1f2e2791aae5cb59fd1e,8,PASS,stage7_main_task_002,True,False,0,
a3_chunk_ed1770928ad77ab7c927fdf9,True,0,,0,,7,True,0,,NORMAL_COMPLETION,,PASS,stage7e_v1_2_request_5cec319e6268294a0c1a3a41,7,PASS,stage7_main_task_011,True,False,0,
a3_chunk_c8dfbd16830a175539aa7230,True,0,,0,,8,True,0,,NORMAL_COMPLETION,,PASS,stage7e_v1_2_request_5cf0bf51217c78e5ebf891fe,8,PASS,stage7_main_task_032,True,False,0,
a3_chunk_226b0db7b3b4b324d451fbff,True,0,,0,,2,True,0,,NORMAL_COMPLETION,,PASS,stage7e_v1_2_request_5d48fbd39c2b22705e7242a5,2,PASS,stage7_main_task_047,True,False,0,
a3_chunk_6c8e46845cbb2b4bac13be3f,False,0,,0,,8,False,8,typed_claim_1069d51ae6f3b1edaf3bea95;typed_claim_14628005dd02fe37423d88b8;typed_claim_16f087018185fce078909af1;typed_claim_925b3ca5df756154eda799da;typed_claim_971811d46366995eadfbc2cf;typed_claim_9d05f67268e9081eebcdae19;typed_claim_d9c2af9caa6a784fc804d2a7;typed_claim_fc3cb93e65c6c0667d7bff1f,NORMAL_COMPLETION,JSON_DECODE_ERROR:Expecting value,FAIL,stage7e_v1_2_request_5da000bb6643a0e84be81589,0,FAIL,stage7_main_task_021,True,False,0,
a3_chunk_ea3190a9a06a4931af19e522,True,0,,0,,1,True,0,,NORMAL_COMPLETION,,PASS,stage7e_v1_2_request_5faabfe2f1c501d2e13f96b6,1,PASS,stage7_main_task_013,True,False,0,
a3_chunk_154e7507ab3adbdbf5699b02,False,0,,0,,8,False,8,typed_claim_01cd4e84ee51bde5952ac4eb;typed_claim_26737de9b9e51728cd5a82f4;typed_claim_2720a510b7f147219fb39b12;typed_claim_9b993830fbf3e30740c5487a;typed_claim_a4dca26d3809bc23929f020f;typed_claim_ba2067e9e2cd2f1d6de200bc;typed_claim_c69bb8bc0ba183a6435c7e93;typed_claim_c876bc775191035cba260891,NORMAL_COMPLETION,JSON_DECODE_ERROR:Expecting value,FAIL,stage7e_v1_2_request_60da54aafd8714befa5e8d0b,0,FAIL,stage7_main_task_011,True,False,0,
a3_chunk_f4031913fc7c75311e1e5265,True,0,,0,,8,True,0,,NORMAL_COMPLETION,,PASS,stage7e_v1_2_request_61ff71077e51f52bda7b0946,8,PASS,stage7_main_task_032,True,False,0,
a3_chunk_3fbdfd44f41c770e1070c206,True,0,,0,,1,True,0,,NORMAL_COMPLETION,,PASS,stage7e_v1_2_request_6226475487dd94a5b1048e79,1,PASS,stage7_main_task_008,True,False,0,
a3_chunk_e4f33278e374cdad989993a3,True,0,,0,,8,True,0,,NORMAL_COMPLETION,,PASS,stage7e_v1_2_request_6304717364810ca8d2111e0d,8,PASS,stage7_main_task_031,True,False,0,
a3_chunk_02343b98ed99a6c873263bb2,True,0,,0,,3,True,0,,NORMAL_COMPLETION,,PASS,stage7e_v1_2_request_652cce6a5f14d6bcf1c56e91,3,PASS,stage7_main_task_037,True,False,0,
a3_chunk_e01f2e0459f2949e15d2d687,True,0,,0,,8,True,0,,NORMAL_COMPLETION,,PASS,stage7e_v1_2_request_6b54c704b5026716a2064ebf,8,PASS,stage7_main_task_011,True,False,0,
a3_chunk_f1aa59cf972289fdd6bed6ae,False,0,,0,,8,False,8,typed_claim_5587460a2cc306f9bd91874f;typed_claim_5e4a6c51075eb75d6f79f4a3;typed_claim_89db48744ccbbed6ff514f21;typed_claim_913901f5b14391c4bada3925;typed_claim_b381c13b00530376e0c06993;typed_claim_dcd518c92b4dd38961cc4f77;typed_claim_e19c8cacb684b7e1e81cc5a9;typed_claim_f0fde656975cccba66db3bdb,NORMAL_COMPLETION,JSON_DECODE_ERROR:Expecting value,FAIL,stage7e_v1_2_request_784f6eb17804449ab06c98e2,0,FAIL,stage7_main_task_004,True,False,0,
a3_chunk_0e3be99b5ae7bf2446cb3e62,True,0,,0,,8,True,0,,NORMAL_COMPLETION,,PASS,stage7e_v1_2_request_7aaa43f8805130f766ff3cac,8,PASS,stage7_main_task_037,True,False,0,
a3_chunk_2b353776c417b6e2aed87456,True,0,,0,,4,True,0,,NORMAL_COMPLETION,,PASS,stage7e_v1_2_request_7d161efcb10851cfbff2501e,4,PASS,stage7_main_task_003,True,False,0,
a3_chunk_9dd38e57c48a189b44cbe6db,True,0,,0,,8,True,0,,NORMAL_COMPLETION,,PASS,stage7e_v1_2_request_7e3e0055526b470a624cf26b,8,PASS,stage7_main_task_047,True,False,0,
a3_chunk_c58a3a70c2ff8d63b91b7244,True,0,,0,,8,True,0,,NORMAL_COMPLETION,,PASS,stage7e_v1_2_request_8931bc3cd0286877c8c8623d,8,PASS,stage7_main_task_021,True,False,0,
a3_chunk_40130f69e13865c300657ad3,True,0,,0,,8,True,0,,NORMAL_COMPLETION,,PASS,stage7e_v1_2_request_893a1fd047a58f4ab174592e,8,PASS,stage7_main_task_023,True,False,0,
a3_chunk_5e9663cef433bb460ae5aead,True,0,,0,,8,True,0,,NORMAL_COMPLETION,,PASS,stage7e_v1_2_request_923a101d446ed20629e94b89,8,PASS,stage7_main_task_032,True,False,0,
a3_chunk_d11ea47138796b9e39794bc9,True,0,,0,,8,True,0,,NORMAL_COMPLETION,,PASS,stage7e_v1_2_request_92bd58ca0f379496bea6b0e6,8,PASS,stage7_main_task_047,True,False,0,
a3_chunk_86f625465cf8cedf4ce32b50,True,0,,0,,8,True,0,,NORMAL_COMPLETION,,PASS,stage7e_v1_2_request_995c0e008046af83f2624652,8,PASS,stage7_main_task_047,True,False,0,
a3_chunk_6218b18a88c029741bbf2fd6,False,0,,0,,8,False,8,typed_claim_0afae38d3fa6efca6dbed99c;typed_claim_379868334c67a1b2c6faf7a6;typed_claim_5a93b079c8c72004f9179b55;typed_claim_6d6f0b96c3e471ec201e7b3a;typed_claim_6da36b3b10ca5f0defa04ed0;typed_claim_8c127284eac6b9fb4ff3ea04;typed_claim_8e2b0c51dd6f102f263f8a0c;typed_claim_a70081539fb4ea658582279f,NORMAL_COMPLETION,JSON_DECODE_ERROR:Expecting value,FAIL,stage7e_v1_2_request_997dfaffa2c7d01238156870,0,FAIL,stage7_main_task_021,True,False,0,
a3_chunk_381c3edc3d3a25722f14f3fa,True,0,,0,,8,True,0,,NORMAL_COMPLETION,,PASS,stage7e_v1_2_request_99b0a39dd02e71df0c5a7862,8,PASS,stage7_main_task_045,True,False,0,
a3_chunk_283129fadbe4928dcbaf6db8,True,0,,0,,4,True,0,,NORMAL_COMPLETION,,PASS,stage7e_v1_2_request_9a2043b0d64d64bf3154ca5f,4,PASS,stage7_main_task_046,True,False,0,
a3_chunk_451cfbc943a20e65e40b44e7,True,0,,0,,8,True,0,,NORMAL_COMPLETION,,PASS,stage7e_v1_2_request_9cecf96a6ca29a80596764c5,8,PASS,stage7_main_task_028,True,False,0,
a3_chunk_23194d33c196a2c355dc6cc4,True,0,,0,,8,True,0,,NORMAL_COMPLETION,,PASS,stage7e_v1_2_request_a0f65547612b3e8b472af417,8,PASS,stage7_main_task_021,True,False,0,
a3_chunk_7732ba495b6c5b72aa65cb08,False,0,,0,,8,False,8,typed_claim_0c553d32dd4d076a298fe813;typed_claim_2843197f05efce8389926ae1;typed_claim_7348fa7edbe8fdb687ccae38;typed_claim_7880bb54630aad750af8b891;typed_claim_843ab37a22cc7a51696dd2ae;typed_claim_ae3796edc6af2d6555a7c056;typed_claim_bd583a6061378994f0fc0e37;typed_claim_d0edef1a5056fdf89d954eed,NORMAL_COMPLETION,JSON_DECODE_ERROR:Expecting value,FAIL,stage7e_v1_2_request_a60178702cc3d98105072ec5,0,FAIL,stage7_main_task_012,True,False,0,
a3_chunk_0cf605fae4b3c24d4fbf035e,True,0,,0,,8,True,0,,NORMAL_COMPLETION,,PASS,stage7e_v1_2_request_a6098053505fff9648d58a69,8,PASS,stage7_main_task_021,True,False,0,
a3_chunk_41ad7381512074889944b7b2,True,0,,0,,7,True,0,,NORMAL_COMPLETION,,PASS,stage7e_v1_2_request_a8b56c1452ca8972ab9cc1f8,7,PASS,stage7_main_task_010,True,False,0,
a3_chunk_62f0c2aba7dae0cc7c197795,True,0,,0,,5,True,0,,NORMAL_COMPLETION,,PASS,stage7e_v1_2_request_a9eb87e4d9d7d9e491b2293b,5,PASS,stage7_main_task_020,True,False,0,
a3_chunk_34e67725e5401c73fe08bc6c,True,0,,0,,2,True,0,,NORMAL_COMPLETION,,PASS,stage7e_v1_2_request_a9f2f97a36ded6d178345163,2,PASS,stage7_main_task_040,True,False,0,
a3_chunk_104898735a49a46c3f265642,True,0,,0,,7,True,0,,NORMAL_COMPLETION,,PASS,stage7e_v1_2_request_b05e22a0272ee70bc52f6624,7,PASS,stage7_main_task_029,True,False,0,
a3_chunk_3a5cfd43deb9bf71f7820e86,True,0,,0,,7,True,0,,NORMAL_COMPLETION,,PASS,stage7e_v1_2_request_b379fd4475cec0425313a5c9,7,PASS,stage7_main_task_002,True,False,0,
a3_chunk_3029aaf4c9d1bf3fb265ba9d,True,0,,0,,8,True,0,,NORMAL_COMPLETION,,PASS,stage7e_v1_2_request_b3c3237a94ae7d2f34ad88db,8,PASS,stage7_main_task_037,True,False,0,
a3_chunk_7f16354ba984f3d27b8e0655,True,0,,0,,7,True,0,,NORMAL_COMPLETION,,PASS,stage7e_v1_2_request_b3dbf97feb0cb7cd772cdfc8,7,PASS,stage7_main_task_011,True,False,0,
a3_chunk_036879404268fd7c97292ac4,True,0,,0,,8,True,0,,NORMAL_COMPLETION,,PASS,stage7e_v1_2_request_b58913db3ef0e1fa75a9764e,8,PASS,stage7_main_task_047,True,False,0,
a3_chunk_9083bf226996dd9f69e7ce0f,True,0,,0,,1,True,0,,NORMAL_COMPLETION,,PASS,stage7e_v1_2_request_b7f24527bf502f276303aa1a,1,PASS,stage7_main_task_018,True,False,0,
a3_chunk_ded44c2fd1bd789ee1dfca08,True,0,,0,,8,True,0,,NORMAL_COMPLETION,,PASS,stage7e_v1_2_request_b8d924eaaa46a395bfbd93c8,8,PASS,stage7_main_task_010,True,False,0,
a3_chunk_b420951ec854bced5ca9b815,True,0,,0,,8,True,0,,NORMAL_COMPLETION,,PASS,stage7e_v1_2_request_b8e707322c37f287baf1139e,8,PASS,stage7_main_task_033,True,False,0,
a3_chunk_9032e889e652a9060390f649,True,0,,0,,8,True,0,,NORMAL_COMPLETION,,PASS,stage7e_v1_2_request_badb0b1d7d544efd79f2bf7e,8,PASS,stage7_main_task_011,True,False,0,
a3_chunk_9961987df09312409fb08b6b,True,0,,0,,3,True,0,,NORMAL_COMPLETION,,PASS,stage7e_v1_2_request_bd0e2bfa5dbb82f74e01f6b6,3,PASS,stage7_main_task_019,True,False,0,
a3_chunk_b7fc226be787c2ad7aad3fc5,True,0,,0,,8,True,0,,NORMAL_COMPLETION,,PASS,stage7e_v1_2_request_c272ddf4f081bebf8cc0e47c,8,PASS,stage7_main_task_021,True,False,0,
a3_chunk_fec7f47de621bcd063732f6f,True,0,,0,,8,True,0,,NORMAL_COMPLETION,,PASS,stage7e_v1_2_request_c297740850df31489f8c8f27,8,PASS,stage7_main_task_033,True,False,0,
a3_chunk_3b3cb4043593dc9643559a38,True,0,,0,,8,True,0,,NORMAL_COMPLETION,,PASS,stage7e_v1_2_request_c2a1283869341402e3d405dc,8,PASS,stage7_main_task_043,True,False,0,
a3_chunk_43a8eb913993021472134cff,False,0,,0,,8,False,8,typed_claim_02d391925cfe31d89afce94d;typed_claim_0b8e9fbdb75e183e7e992c1f;typed_claim_1d06936a1c448eff2e9f888b;typed_claim_5f562ad05b7d77e8d2f3cf93;typed_claim_b39261f9e4dee5be04d19cb7;typed_claim_b4d2906237c6c4e8eb0f45b0;typed_claim_c03cebed57bc4cd627983517;typed_claim_de634b63495b3d3bb3e9ca4b,NORMAL_COMPLETION,JSON_DECODE_ERROR:Expecting value,FAIL,stage7e_v1_2_request_c3a8a929e7ffe425c84267c5,0,FAIL,stage7_main_task_004,True,False,0,
a3_chunk_87eca6fb17593acfd05f0141,True,0,,0,,1,True,0,,NORMAL_COMPLETION,,PASS,stage7e_v1_2_request_c4880c7ed81c75c4b2a608e8,1,PASS,stage7_main_task_034,True,False,0,
a3_chunk_9ed091388e2d1c0309143ae1,True,0,,0,,7,True,0,,NORMAL_COMPLETION,,PASS,stage7e_v1_2_request_c4e42381df3f536c83ce39e9,7,PASS,stage7_main_task_011,True,False,0,
a3_chunk_fd57195d0c9476b38f963efe,True,0,,0,,8,True,0,,NORMAL_COMPLETION,,PASS,stage7e_v1_2_request_c514adb0efb4d55397b3aad5,8,PASS,stage7_main_task_016,True,False,0,
a3_chunk_996b7b089310d0172a6544a5,True,0,,0,,5,True,0,,NORMAL_COMPLETION,,PASS,stage7e_v1_2_request_c54870444cc1d477c74e9736,5,PASS,stage7_main_task_015,True,False,0,
a3_chunk_5fbfc14a44f353095ed283d8,True,0,,0,,8,True,0,,NORMAL_COMPLETION,,PASS,stage7e_v1_2_request_ceef796313f810751eaeda53,8,PASS,stage7_main_task_045,True,False,0,
a3_chunk_23eb5c1e3fbfbb8263bf72f4,True,0,,0,,8,True,0,,NORMAL_COMPLETION,,PASS,stage7e_v1_2_request_cff6466ae161381c58a1b045,8,PASS,stage7_main_task_044,True,False,0,
a3_chunk_9bde2dbc8ddcfbe1371d448c,True,0,,0,,7,True,0,,NORMAL_COMPLETION,,PASS,stage7e_v1_2_request_d1c12947c3027f443a0b1b47,7,PASS,stage7_main_task_045,True,False,0,
a3_chunk_d0e7d7ecd9a1cbfffcfcde3a,True,0,,0,,8,True,0,,NORMAL_COMPLETION,,PASS,stage7e_v1_2_request_d3074a7f3a29bce75e47594a,8,PASS,stage7_main_task_024,True,False,0,
a3_chunk_46773df1d71cb39354017610,True,0,,0,,8,True,0,,NORMAL_COMPLETION,,PASS,stage7e_v1_2_request_d34432ca5ea701c8c47db148,8,PASS,stage7_main_task_047,True,False,0,
a3_chunk_bd0e25b88b71a954d99b3c54,True,0,,0,,4,True,0,,NORMAL_COMPLETION,,PASS,stage7e_v1_2_request_d5d9803c673ed497d3abf2f4,4,PASS,stage7_main_task_014,True,False,0,
a3_chunk_1aff7a4c2e7cc4af3fb7e7d4,True,0,,0,,8,True,0,,NORMAL_COMPLETION,,PASS,stage7e_v1_2_request_d67d87995e2c25a656ba0e52,8,PASS,stage7_main_task_021,True,False,0,
a3_chunk_718a6d4a044e117b5d30b315,False,0,,0,,8,False,8,typed_claim_2a528e0722d3c284bcd9299e;typed_claim_89debe6ce09611914c0fd14a;typed_claim_9feeda63a5814cce0ce4ead3;typed_claim_a125bb195c18904266474d6f;typed_claim_c01c3328e5ac3c1f29d20b1f;typed_claim_c102c66caf6a2d1ea3ea0294;typed_claim_eb59dfd3863d27fef444ed6e;typed_claim_fda86db1910a05a41525c575,NORMAL_COMPLETION,JSON_DECODE_ERROR:Expecting value,FAIL,stage7e_v1_2_request_d76b38465990f5423dbf4d2e,0,FAIL,stage7_main_task_021,True,False,0,
a3_chunk_560252414ab42428602e9cd4,True,0,,0,,8,True,0,,NORMAL_COMPLETION,,PASS,stage7e_v1_2_request_d8370d188570b10f7a38c543,8,PASS,stage7_main_task_032,True,False,0,
a3_chunk_58ac0ce11dccb5657f5ba1f2,True,0,,0,,8,True,0,,NORMAL_COMPLETION,,PASS,stage7e_v1_2_request_d873a7a5837551a4278b7639,8,PASS,stage7_main_task_011,True,False,0,
a3_chunk_6c1a653bdb0b5ff40da0bfcb,True,0,,0,,8,True,0,,NORMAL_COMPLETION,,PASS,stage7e_v1_2_request_daa50994ef1a770b399eed3f,8,PASS,stage7_main_task_043,True,False,0,
a3_chunk_72699cf364032cf54bfd8949,True,0,,0,,8,True,0,,NORMAL_COMPLETION,,PASS,stage7e_v1_2_request_dab2b01a46d2bb5deb40e758,8,PASS,stage7_main_task_029,True,False,0,
a3_chunk_78ec45b279a41776617916db,True,0,,0,,8,True,0,,NORMAL_COMPLETION,,PASS,stage7e_v1_2_request_db120ffe90a00e1be2f5736e,8,PASS,stage7_main_task_038,True,False,0,
a3_chunk_2d2d8729cade56772f6b469a,True,0,,0,,3,True,0,,NORMAL_COMPLETION,,PASS,stage7e_v1_2_request_dbd5748b7076985d2c424db9,3,PASS,stage7_main_task_005,True,False,0,
a3_chunk_28880a868fce4ee75fe05336,True,0,,0,,1,True,0,,NORMAL_COMPLETION,,PASS,stage7e_v1_2_request_dd59551424abc0631e2e16df,1,PASS,stage7_main_task_007,True,False,0,
a3_chunk_c2ccd481dce5a6c4e3f4fe0b,True,0,,0,,8,True,0,,NORMAL_COMPLETION,,PASS,stage7e_v1_2_request_dea3284ba02d148263b8444c,8,PASS,stage7_main_task_014,True,False,0,
a3_chunk_40cfa45a385ba48809badcfd,True,0,,0,,8,True,0,,NORMAL_COMPLETION,,PASS,stage7e_v1_2_request_dedb34de3fd716ca71cf7871,8,PASS,stage7_main_task_010,True,False,0,
a3_chunk_0c9def5ad26cd71bdf2dc35e,True,0,,0,,8,True,0,,NORMAL_COMPLETION,,PASS,stage7e_v1_2_request_dfdb5d4b891d91f50fe65451,8,PASS,stage7_main_task_032,True,False,0,
a3_chunk_c05d044e027572b9ef6d5329,True,0,,0,,7,True,0,,NORMAL_COMPLETION,,PASS,stage7e_v1_2_request_e1182555d1a9e5ee7c303a6f,7,PASS,stage7_main_task_019,True,False,0,
a3_chunk_6023691a2337f5f44c24d706,True,0,,0,,4,True,0,,NORMAL_COMPLETION,,PASS,stage7e_v1_2_request_e47b6e1f5e6ff415274cf63b,4,PASS,stage7_main_task_033,True,False,0,
a3_chunk_63e89b7e77bd354abdafaa6c,False,0,,0,,8,False,8,typed_claim_154bd0df988385425d3348f1;typed_claim_544a33f4203325bd4d891237;typed_claim_77df17f80f9d85198185810d;typed_claim_813e3ec396f6be59a6f6a664;typed_claim_921a784ac749a43a8fa69abb;typed_claim_c42c9b72498ff44a70bbf170;typed_claim_ef624ca94ccb98e5c2886996;typed_claim_fc32d40e06fd13ded4b77ae7,NORMAL_COMPLETION,JSON_DECODE_ERROR:Expecting value,FAIL,stage7e_v1_2_request_e791668fc362b0c93465cc1c,0,FAIL,stage7_main_task_021,True,False,0,
a3_chunk_eb5884738637b7619ddb5d15,True,0,,0,,8,True,0,,NORMAL_COMPLETION,,PASS,stage7e_v1_2_request_e7d1c3cc14e238ec52849f90,8,PASS,stage7_main_task_030,True,False,0,
a3_chunk_40f56ad4a913b152b910184e,True,0,,0,,8,True,0,,NORMAL_COMPLETION,,PASS,stage7e_v1_2_request_e91a9fca0fa026830f82b19a,8,PASS,stage7_main_task_008,True,False,0,
a3_chunk_ac9acc9eaa2c49de6c3731d2,True,0,,0,,8,True,0,,NORMAL_COMPLETION,,PASS,stage7e_v1_2_request_ea51a2a342e6c4e1d5a35ddb,8,PASS,stage7_main_task_003,True,False,0,
a3_chunk_6f7f9cfddabd133491f4b325,True,0,,0,,2,True,0,,NORMAL_COMPLETION,,PASS,stage7e_v1_2_request_ed1c3829e82e3e7804631645,2,PASS,stage7_main_task_000,True,False,0,
a3_chunk_2bd585be988cb105069db636,False,0,,0,,7,False,7,typed_claim_16defa97196ffd6243c4ff8a;typed_claim_180aadb86e461bc7e3f466f9;typed_claim_40e5a9238c8004836c5638fb;typed_claim_928835cce2f95fcc6e405d6a;typed_claim_a75fa19ddefd64ff1001c376;typed_claim_bcfdd885fc728e5f0ab328d3;typed_claim_cf65284e2a7613b49b2e72e9,NORMAL_COMPLETION,JSON_DECODE_ERROR:Expecting value,FAIL,stage7e_v1_2_request_ed20683c324cea6b3e8431b8,0,FAIL,stage7_main_task_047,True,False,0,
a3_chunk_1fcb400f5d2992d2f776049c,True,0,,0,,8,True,0,,NORMAL_COMPLETION,,PASS,stage7e_v1_2_request_ed232354d70a07549c7c798f,8,PASS,stage7_main_task_040,True,False,0,
a3_chunk_b85f5a4e0dc6f480f79ed7c3,True,0,,0,,1,True,0,,NORMAL_COMPLETION,,PASS,stage7e_v1_2_request_ed5b5dcf31c36d09470e585d,1,PASS,stage7_main_task_027,True,False,0,
a3_chunk_819d15feddf7ff75b63bbdec,True,0,,0,,8,True,0,,NORMAL_COMPLETION,,PASS,stage7e_v1_2_request_f1c528ab105e3a201113a834,8,PASS,stage7_main_task_001,True,False,0,
a3_chunk_5ded301415c9eaf799bc234f,False,0,,0,,7,False,7,typed_claim_69c942189eee5c38344f8db5;typed_claim_69f12b9148f9586f128aec0e;typed_claim_8eaa5c95d7edb90ace230ba5;typed_claim_97cb42677ecd7d0a4e3b6f5b;typed_claim_ce6165b0bf31a698abf2ee0e;typed_claim_d9b47d781c26e2482ef89a06;typed_claim_dc2fe6eead60b91a54ac655b,NORMAL_COMPLETION,JSON_DECODE_ERROR:Expecting value,FAIL,stage7e_v1_2_request_f389e4932d2a62f6517e4e30,0,FAIL,stage7_main_task_039,True,False,0,
a3_chunk_7dd34b7d33d79212f3f6aae9,True,0,,0,,8,True,0,,NORMAL_COMPLETION,,PASS,stage7e_v1_2_request_f48a633b184fba8589e5c129,8,PASS,stage7_main_task_018,True,False,0,
a3_chunk_23a4082d119f8cb13bae2c43,True,0,,0,,8,True,0,,NORMAL_COMPLETION,,PASS,stage7e_v1_2_request_f4cb99efef56f05d3aa9dc15,8,PASS,stage7_main_task_024,True,False,0,
a3_chunk_e0079b0c79cfbe4a852a4bc6,True,0,,0,,8,True,0,,NORMAL_COMPLETION,,PASS,stage7e_v1_2_request_f5c05dc35b4760014550ec48,8,PASS,stage7_main_task_001,True,False,0,
a3_chunk_62dae36346580d06576c0898,True,0,,0,,8,True,0,,NORMAL_COMPLETION,,PASS,stage7e_v1_2_request_f6654b85209459ac65262d61,8,PASS,stage7_main_task_032,True,False,0,
a3_chunk_b33b18661c6f376756fb6982,True,0,,0,,8,True,0,,NORMAL_COMPLETION,,PASS,stage7e_v1_2_request_f8779910006e13ae25877cf1,8,PASS,stage7_main_task_047,True,False,0,
a3_chunk_1655e04e5cbf21ef6731e0d6,True,0,,0,,8,True,0,,NORMAL_COMPLETION,,PASS,stage7e_v1_2_request_f98e513ffd1d5d224f1ff9f4,8,PASS,stage7_main_task_033,True,False,0,
a3_chunk_bc3bbf96c6850a4a00a63291,True,0,,0,,8,True,0,,NORMAL_COMPLETION,,PASS,stage7e_v1_2_request_f9a1bd4f9d6d7f13acc810a6,8,PASS,stage7_main_task_000,True,False,0,
a3_chunk_d98f4dc630416dffa77cac33,True,0,,0,,5,True,0,,NORMAL_COMPLETION,,PASS,stage7e_v1_2_request_fa7ef127ef1a6b4530a15a33,5,PASS,stage7_main_task_004,True,False,0,
a3_chunk_87cae75aaa14869436066889,False,0,,0,,8,False,8,typed_claim_371b6d0cc4e4ddb66e78f8d3;typed_claim_3a1f0dd01147072075effaf3;typed_claim_59ff9672f1b509b3d2b2ab9f;typed_claim_ada08bd3d4ae57251a08281a;typed_claim_c26d300f83b8c35481417c65;typed_claim_d1e70a228f7fe7a98800ed18;typed_claim_f40d0bf9c77b8c6677f2eb34;typed_claim_faf26b5b22dd9d1e1fc6bf08,NORMAL_COMPLETION,JSON_DECODE_ERROR:Expecting value,FAIL,stage7e_v1_2_request_fbc1dcc96bd099c66c0e250a,0,FAIL,stage7_main_task_032,True,False,0,
a3_chunk_70852f83419565db2362c61b,True,0,,0,,7,True,0,,NORMAL_COMPLETION,,PASS,stage7e_v1_2_request_fcf69c6809e7dcd8d4e8dfa3,7,PASS,stage7_main_task_035,True,False,0,
a3_chunk_8f83b1347883d10d9815cdf5,False,0,,0,,8,False,8,typed_claim_08fbd0e1838f691760643286;typed_claim_339555710057f362b7dc3286;typed_claim_35a40c64e9b0f69038e4f3c5;typed_claim_7515f97eb3e5833cc9a63715;typed_claim_8bafc5b36f9dfa02cfccd156;typed_claim_9b59e3f5d7cf161c74ecc765;typed_claim_ca05f834c1eeeff52330fc8d;typed_claim_ff06d75a2f89a39c06e4079d,NORMAL_COMPLETION,JSON_DECODE_ERROR:Expecting value,FAIL,stage7e_v1_2_request_fd9672ec2af9b3b8aa5dc9de,0,FAIL,stage7_main_task_041,True,False,0,
a3_chunk_f825f97c7051c2160889dc18,True,0,,0,,7,True,0,,NORMAL_COMPLETION,,PASS,stage7e_v1_2_request_ff69cdc0309cc8e7c7015505,7,PASS,stage7_main_task_021,True,False,0,
