bundle_path,source_path,source_tag,source_commit,purpose,canonical,copied_or_generated,size_bytes,sha256
00_READ_ME_FIRST.md,paper_writing_evidence_bundle_v1/00_READ_ME_FIRST.md; authoritative frozen sources listed in traceability/FINAL_RESULT_REGISTRY.csv,paper-writing-evidence-bundle-v1-frozen,8f70768f877acc81e3b021ae3b0f77decf8fe2f2,v1.1 writer-facing clarification or regenerated bookkeeping,true,generated,2452,19b26af4099bb47f51aec923c283414f667240805a06d097ea8e8010afcb433f
01_MANUSCRIPT_BRIEF.md,paper_writing_evidence_bundle_v1/01_MANUSCRIPT_BRIEF.md,paper-writing-evidence-bundle-v1-frozen,8f70768f877acc81e3b021ae3b0f77decf8fe2f2,unchanged from frozen Paper Writing Evidence Bundle v1,true,copied,2461,dca36f6417b1004d4bf4aa71ef8ddbfe7b14dc910501504a05ed6c261852cf8e
02_RESEARCH_METHOD.md,paper_writing_evidence_bundle_v1/02_RESEARCH_METHOD.md,paper-writing-evidence-bundle-v1-frozen,8f70768f877acc81e3b021ae3b0f77decf8fe2f2,unchanged from frozen Paper Writing Evidence Bundle v1,true,copied,6014,2fa6bb766a6303ed8cc94d7d0abaa2bebf79b4075606e8c0edf5e041d6ab67ec
03_DATASET_AND_IMPLEMENTATION.md,paper_writing_evidence_bundle_v1/03_DATASET_AND_IMPLEMENTATION.md,paper-writing-evidence-bundle-v1-frozen,8f70768f877acc81e3b021ae3b0f77decf8fe2f2,unchanged from frozen Paper Writing Evidence Bundle v1,true,copied,2095,a63dc9135df0b8efc334cdbcd4b73cb210961c652c4de045d694d1241deacdc3
04_EXPERIMENT_DESIGN.md,paper_writing_evidence_bundle_v1/04_EXPERIMENT_DESIGN.md,paper-writing-evidence-bundle-v1-frozen,8f70768f877acc81e3b021ae3b0f77decf8fe2f2,unchanged from frozen Paper Writing Evidence Bundle v1,true,copied,3052,2cfeba614b5c2d3e008a00ba2ebf1442bfc83547d4400ddf795242e2b6a2c888
05_FINAL_RESULTS.md,paper_writing_evidence_bundle_v1/05_FINAL_RESULTS.md,paper-writing-evidence-bundle-v1-frozen,8f70768f877acc81e3b021ae3b0f77decf8fe2f2,unchanged from frozen Paper Writing Evidence Bundle v1,true,copied,3357,7438a6ca1c12fe15b68060aa9b3b1770569bee337a1345759696cd44c9736fb7
06_RESULT_INTERPRETATION.md,paper_writing_evidence_bundle_v1/06_RESULT_INTERPRETATION.md,paper-writing-evidence-bundle-v1-frozen,8f70768f877acc81e3b021ae3b0f77decf8fe2f2,unchanged from frozen Paper Writing Evidence Bundle v1,true,copied,1968,ec65cb18f2c9ebe9b7dde8b8d7b47f9e4345a4cab40dcb317e2a45db780ed310
07_SCIENTIFIC_BOUNDARIES.md,paper_writing_evidence_bundle_v1/07_SCIENTIFIC_BOUNDARIES.md,paper-writing-evidence-bundle-v1-frozen,8f70768f877acc81e3b021ae3b0f77decf8fe2f2,unchanged from frozen Paper Writing Evidence Bundle v1,true,copied,1707,18fccd31e011d21c10430d2e460cec6862f6a82b9ddb889550c83933346acbca
08_HUMAN_EVALUATION_STATUS.md,paper_writing_evidence_bundle_v1/08_HUMAN_EVALUATION_STATUS.md,paper-writing-evidence-bundle-v1-frozen,8f70768f877acc81e3b021ae3b0f77decf8fe2f2,unchanged from frozen Paper Writing Evidence Bundle v1,true,copied,1353,f7154c80ccd04694c36d1557f094c838fafb0a7d8bb27ed196f10f0e8b53c3c8
09_CASE_STUDIES.md,paper_writing_evidence_bundle_v1/09_CASE_STUDIES.md,paper-writing-evidence-bundle-v1-frozen,8f70768f877acc81e3b021ae3b0f77decf8fe2f2,unchanged from frozen Paper Writing Evidence Bundle v1,true,copied,942,83fb2e24778c918b6ad57b57c12be16974db4611467c87d88b7f37da87404370
10_PAPER_OUTLINE.md,paper_writing_evidence_bundle_v1/10_PAPER_OUTLINE.md,paper-writing-evidence-bundle-v1-frozen,8f70768f877acc81e3b021ae3b0f77decf8fe2f2,unchanged from frozen Paper Writing Evidence Bundle v1,true,copied,1664,98762d954097b3148af65725fae83928bf6ae95830a90390a03a89cb32e619e4
11_WRITING_INSTRUCTIONS_FOR_LLM.md,paper_writing_evidence_bundle_v1/11_WRITING_INSTRUCTIONS_FOR_LLM.md,paper-writing-evidence-bundle-v1-frozen,8f70768f877acc81e3b021ae3b0f77decf8fe2f2,unchanged from frozen Paper Writing Evidence Bundle v1,true,copied,1685,fc27a811b5e52318a72b2bba2827d466d9b42f9d005e23c00f9206221f9ccb0f
BUNDLE_TRACEABILITY_AUDIT.csv,paper_writing_evidence_bundle_v1/BUNDLE_TRACEABILITY_AUDIT.csv; authoritative frozen sources listed in traceability/FINAL_RESULT_REGISTRY.csv,paper-writing-evidence-bundle-v1-frozen,8f70768f877acc81e3b021ae3b0f77decf8fe2f2,v1.1 writer-facing clarification or regenerated bookkeeping,true,generated,102266,532c8700910e279a56c8a2c5e4bd638f5b35fa920e4aa9bd87d01bc60a9315d6
PROMPT_FOR_MANUSCRIPT_WRITER.md,paper_writing_evidence_bundle_v1/PROMPT_FOR_MANUSCRIPT_WRITER.md; authoritative frozen sources listed in traceability/FINAL_RESULT_REGISTRY.csv,paper-writing-evidence-bundle-v1-frozen,8f70768f877acc81e3b021ae3b0f77decf8fe2f2,v1.1 writer-facing clarification or regenerated bookkeeping,true,generated,2078,a05df14e610117a59eeedbc4d4a84f4d0f93f35a1391047e25d29e7ab51a40de
cases/CASE_A_2023_10_07.md,paper_writing_evidence_bundle_v1/cases/CASE_A_2023_10_07.md,paper-writing-evidence-bundle-v1-frozen,8f70768f877acc81e3b021ae3b0f77decf8fe2f2,unchanged from frozen Paper Writing Evidence Bundle v1,true,copied,1316,0c50bb8dd9deddd5125e6dcf532bfdbbba0b4a350cf94130dacd21b10b9865d9
cases/CASE_B_BITEMPORAL_REVISION.md,paper_writing_evidence_bundle_v1/cases/CASE_B_BITEMPORAL_REVISION.md,paper-writing-evidence-bundle-v1-frozen,8f70768f877acc81e3b021ae3b0f77decf8fe2f2,unchanged from frozen Paper Writing Evidence Bundle v1,true,copied,1339,f87af8bd552344ab24ca207953949d93f57746ba37b9f7804e28d687ac5b6cad
cases/case_a_source_extract.json,paper_writing_evidence_bundle_v1/cases/case_a_source_extract.json,paper-writing-evidence-bundle-v1-frozen,8f70768f877acc81e3b021ae3b0f77decf8fe2f2,unchanged from frozen Paper Writing Evidence Bundle v1,true,copied,67797,daceeab6f66b281ffd628a970f02f5a1d0ada8599378b777218153d95050e999
cases/case_b_frozen_source.md,paper_writing_evidence_bundle_v1/cases/case_b_frozen_source.md,paper-writing-evidence-bundle-v1-frozen,8f70768f877acc81e3b021ae3b0f77decf8fe2f2,unchanged from frozen Paper Writing Evidence Bundle v1,true,copied,2494,a5d7eebad26dae43204994adc2c89935462cc9a01e37a94320c03575934f6cff
experiments/ablation/a2_mechanistic_summary.json,paper_writing_evidence_bundle_v1/experiments/ablation/a2_mechanistic_summary.json,paper-writing-evidence-bundle-v1-frozen,8f70768f877acc81e3b021ae3b0f77decf8fe2f2,unchanged from frozen Paper Writing Evidence Bundle v1,true,copied,424,fcf0a52ae86ee5fff8fc5bb75468d360547ebef42c0f80afd4278c642e66dbda
experiments/ablation/final_machine_result_summary.json,paper_writing_evidence_bundle_v1/experiments/ablation/final_machine_result_summary.json,paper-writing-evidence-bundle-v1-frozen,8f70768f877acc81e3b021ae3b0f77decf8fe2f2,unchanged from frozen Paper Writing Evidence Bundle v1,true,copied,1637,59213d70ff457f7510106abf3d15fc2b411ab6c1f91cdbdc88faf4f99fe4742e
experiments/bitemporal/benchmark_alignment_diagnostic.json,paper_writing_evidence_bundle_v1/experiments/bitemporal/benchmark_alignment_diagnostic.json,paper-writing-evidence-bundle-v1-frozen,8f70768f877acc81e3b021ae3b0f77decf8fe2f2,unchanged from frozen Paper Writing Evidence Bundle v1,true,copied,517,7779a1758432eae4c6ab4153ba58f6999a7d6e5b9dfc88497cc9d84a01952808
experiments/bitemporal/revision_value_table.csv,paper_writing_evidence_bundle_v1/experiments/bitemporal/revision_value_table.csv,paper-writing-evidence-bundle-v1-frozen,8f70768f877acc81e3b021ae3b0f77decf8fe2f2,unchanged from frozen Paper Writing Evidence Bundle v1,true,copied,441,40eedbe2262c06c794e9a8c4bdda2c2b49ce2566746d49dc3e2bd602c7cf6ee7
experiments/bitemporal/stage7d_primary_endpoints.json,paper_writing_evidence_bundle_v1/experiments/bitemporal/stage7d_primary_endpoints.json,paper-writing-evidence-bundle-v1-frozen,8f70768f877acc81e3b021ae3b0f77decf8fe2f2,unchanged from frozen Paper Writing Evidence Bundle v1,true,copied,879,5e64aa301dd043d1ee0a480d032390843939f1656310cf5d31488031da11e607
experiments/bitemporal/stage7d_secondary_endpoints.json,paper_writing_evidence_bundle_v1/experiments/bitemporal/stage7d_secondary_endpoints.json,paper-writing-evidence-bundle-v1-frozen,8f70768f877acc81e3b021ae3b0f77decf8fe2f2,unchanged from frozen Paper Writing Evidence Bundle v1,true,copied,1590,54b8ab0772f49baeed70b6bb6ec405cee304e568b82c478a6e56403251d6a526
experiments/claim_admissibility/abstention_reason_summary.csv,paper_writing_evidence_bundle_v1/experiments/claim_admissibility/abstention_reason_summary.csv,paper-writing-evidence-bundle-v1-frozen,8f70768f877acc81e3b021ae3b0f77decf8fe2f2,unchanged from frozen Paper Writing Evidence Bundle v1,true,copied,546,ac5574a216d5026a7274fbbdd035bb9751fe501b8646f6a2f7465202b77cef4c
experiments/claim_admissibility/claim_type_expressibility.csv,paper_writing_evidence_bundle_v1/experiments/claim_admissibility/claim_type_expressibility.csv,paper-writing-evidence-bundle-v1-frozen,8f70768f877acc81e3b021ae3b0f77decf8fe2f2,unchanged from frozen Paper Writing Evidence Bundle v1,true,copied,699,0f66382fbdb35421543b13b4dbd039d9efc28eb44842b2d9eeb0e9eb422eb570
experiments/claim_admissibility/overall_expressibility_summary.csv,paper_writing_evidence_bundle_v1/experiments/claim_admissibility/overall_expressibility_summary.csv,paper-writing-evidence-bundle-v1-frozen,8f70768f877acc81e3b021ae3b0f77decf8fe2f2,unchanged from frozen Paper Writing Evidence Bundle v1,true,copied,211,4d52cdcffe5df78de5569001a22abcd886dbd3a13988b29d694162444ae6f3aa
experiments/claim_admissibility/state_role_expressibility.csv,paper_writing_evidence_bundle_v1/experiments/claim_admissibility/state_role_expressibility.csv,paper-writing-evidence-bundle-v1-frozen,8f70768f877acc81e3b021ae3b0f77decf8fe2f2,unchanged from frozen Paper Writing Evidence Bundle v1,true,copied,284,7f63de0e79093199b9e2ff5e303a6ce147a739a8c5f2be6a45ea35c4c200bedd
experiments/human_eval_pending/HUMAN_EVALUATION_PROTOCOL.md,paper_writing_evidence_bundle_v1/experiments/human_eval_pending/HUMAN_EVALUATION_PROTOCOL.md,paper-writing-evidence-bundle-v1-frozen,8f70768f877acc81e3b021ae3b0f77decf8fe2f2,unchanged from frozen Paper Writing Evidence Bundle v1,true,copied,1623,42ef68eeedf5de34eacb588ba07563fbe50befd24cd6c1b8f0e8df96a18d9308
experiments/human_eval_pending/freeze_manifest.json,paper_writing_evidence_bundle_v1/experiments/human_eval_pending/freeze_manifest.json,paper-writing-evidence-bundle-v1-frozen,8f70768f877acc81e3b021ae3b0f77decf8fe2f2,unchanged from frozen Paper Writing Evidence Bundle v1,true,copied,2855,0cdd33e476580568265c356a3fcf7b9246c71517200dac021a53560c8a1cd1b6
experiments/human_eval_pending/human_evaluation_protocol.json,paper_writing_evidence_bundle_v1/experiments/human_eval_pending/human_evaluation_protocol.json,paper-writing-evidence-bundle-v1-frozen,8f70768f877acc81e3b021ae3b0f77decf8fe2f2,unchanged from frozen Paper Writing Evidence Bundle v1,true,copied,3158,622f55739de07d643dddecec2d3a14cbd3b4ccac7533a39883b19414bf3a49e8
experiments/main_comparison/P_plan_validation_summary.csv,paper_writing_evidence_bundle_v1/experiments/main_comparison/P_plan_validation_summary.csv,paper-writing-evidence-bundle-v1-frozen,8f70768f877acc81e3b021ae3b0f77decf8fe2f2,unchanged from frozen Paper Writing Evidence Bundle v1,true,copied,210,a135ef6c6a74485f3cfdf4450d0ffb1c802b2b2b3ab533dd26579bac5e153671
experiments/main_comparison/P_post_audit_summary.csv,paper_writing_evidence_bundle_v1/experiments/main_comparison/P_post_audit_summary.csv,paper-writing-evidence-bundle-v1-frozen,8f70768f877acc81e3b021ae3b0f77decf8fe2f2,unchanged from frozen Paper Writing Evidence Bundle v1,true,copied,85,52c76ea65d303143de14db24271467df9f0e94062b51621eed44696262bff3e7
experiments/main_comparison/execution_protocol.json,paper_writing_evidence_bundle_v1/experiments/main_comparison/execution_protocol.json,paper-writing-evidence-bundle-v1-frozen,8f70768f877acc81e3b021ae3b0f77decf8fe2f2,unchanged from frozen Paper Writing Evidence Bundle v1,true,copied,2114,77022162060cb20bf910bb759362bf5ee8aa104dc65e14bb174f0f89c8368808
experiments/main_comparison/method_execution_summary.csv,paper_writing_evidence_bundle_v1/experiments/main_comparison/method_execution_summary.csv,paper-writing-evidence-bundle-v1-frozen,8f70768f877acc81e3b021ae3b0f77decf8fe2f2,unchanged from frozen Paper Writing Evidence Bundle v1,true,copied,225,dbceb09a4c4b1e9e4fcc1429ceba456c5f3c618269267d0eab6b7c980a92d437
experiments/main_comparison/run_summary.json,paper_writing_evidence_bundle_v1/experiments/main_comparison/run_summary.json,paper-writing-evidence-bundle-v1-frozen,8f70768f877acc81e3b021ae3b0f77decf8fe2f2,unchanged from frozen Paper Writing Evidence Bundle v1,true,copied,776,249eecd54ef0b62a8da17ac9848027471f7fc22f521d453844584dd70ae6aaab
experiments/sensitivity/cell_size_metric_pairwise_statistics.csv,paper_writing_evidence_bundle_v1/experiments/sensitivity/cell_size_metric_pairwise_statistics.csv,paper-writing-evidence-bundle-v1-frozen,8f70768f877acc81e3b021ae3b0f77decf8fe2f2,unchanged from frozen Paper Writing Evidence Bundle v1,true,copied,2560,7a535faeb2ba5dd008d44d306d87f3a5ad704e22b620cfb9329cce09c25cfe34
experiments/sensitivity/final_machine_summary.json,paper_writing_evidence_bundle_v1/experiments/sensitivity/final_machine_summary.json,paper-writing-evidence-bundle-v1-frozen,8f70768f877acc81e3b021ae3b0f77decf8fe2f2,unchanged from frozen Paper Writing Evidence Bundle v1,true,copied,12739,167258669926081825c96bcc02280c724eb21f91519c29d6b5526812a4cae610
experiments/sensitivity/rai_history_pairwise_statistics.csv,paper_writing_evidence_bundle_v1/experiments/sensitivity/rai_history_pairwise_statistics.csv,paper-writing-evidence-bundle-v1-frozen,8f70768f877acc81e3b021ae3b0f77decf8fe2f2,unchanged from frozen Paper Writing Evidence Bundle v1,true,copied,1009,40323047efaf1297119277ca6f485a7650e4fc980a3af4648f943d8e99b29a0f
experiments/sensitivity/rai_saturation_pairwise_statistics.csv,paper_writing_evidence_bundle_v1/experiments/sensitivity/rai_saturation_pairwise_statistics.csv,paper-writing-evidence-bundle-v1-frozen,8f70768f877acc81e3b021ae3b0f77decf8fe2f2,unchanged from frozen Paper Writing Evidence Bundle v1,true,copied,1326,dd3674f25e27e34ecdf8286546155ffafc452962e0b643af97d4c7282022bcff
figures/FIGURE_PLAN.md,paper_writing_evidence_bundle_v1/figures/FIGURE_PLAN.md; authoritative frozen sources listed in traceability/FINAL_RESULT_REGISTRY.csv,paper-writing-evidence-bundle-v1-frozen,8f70768f877acc81e3b021ae3b0f77decf8fe2f2,v1.1 writer-facing clarification or regenerated bookkeeping,true,generated,1336,57517642e9eda298b9fc433307435d44df5d929366f934db70322a7ef3f303a0
figures/Figure_Ablation_Data.csv,paper_writing_evidence_bundle_v1/figures/Figure_Ablation_Data.csv,paper-writing-evidence-bundle-v1-frozen,8f70768f877acc81e3b021ae3b0f77decf8fe2f2,unchanged from frozen Paper Writing Evidence Bundle v1,true,copied,1097,81112b7a9946488450a5c02c7a93c41155a3a96575d700e777e005569da1f7e2
figures/Figure_Bitemporal_Revision_Data.csv,paper_writing_evidence_bundle_v1/figures/Figure_Bitemporal_Revision_Data.csv; authoritative frozen sources listed in traceability/FINAL_RESULT_REGISTRY.csv,paper-writing-evidence-bundle-v1-frozen,8f70768f877acc81e3b021ae3b0f77decf8fe2f2,v1.1 writer-facing clarification or regenerated bookkeeping,true,generated,1119,8a218602a16b9eae0c7b5fb4be65e0e4a3f66fa80c08f41df6209d31bba8543d
figures/Figure_Claim_Admissibility_Data.csv,paper_writing_evidence_bundle_v1/figures/Figure_Claim_Admissibility_Data.csv,paper-writing-evidence-bundle-v1-frozen,8f70768f877acc81e3b021ae3b0f77decf8fe2f2,unchanged from frozen Paper Writing Evidence Bundle v1,true,copied,670,b8dd8b7ebc5003a93c14eaa54fd9e6b71384015a7e2c17784320bdbb2926dd72
figures/Figure_Main_Experiment_Data.csv,paper_writing_evidence_bundle_v1/figures/Figure_Main_Experiment_Data.csv; authoritative frozen sources listed in traceability/FINAL_RESULT_REGISTRY.csv,paper-writing-evidence-bundle-v1-frozen,8f70768f877acc81e3b021ae3b0f77decf8fe2f2,v1.1 writer-facing clarification or regenerated bookkeeping,true,generated,390,d6b6e9cf214b7bf13e4750fd8e82cfbc36b3e6d55f3430c57b532014c34b4df6
figures/Figure_Sensitivity_Data.csv,paper_writing_evidence_bundle_v1/figures/Figure_Sensitivity_Data.csv,paper-writing-evidence-bundle-v1-frozen,8f70768f877acc81e3b021ae3b0f77decf8fe2f2,unchanged from frozen Paper Writing Evidence Bundle v1,true,copied,1878,ca55bd3f155012d54bd482a6ab053deee8454d9666306dfa33ee67e6628d8067
hard_check.csv,paper_writing_evidence_bundle_v1/hard_check.csv; authoritative frozen sources listed in traceability/FINAL_RESULT_REGISTRY.csv,paper-writing-evidence-bundle-v1-frozen,8f70768f877acc81e3b021ae3b0f77decf8fe2f2,v1.1 writer-facing clarification or regenerated bookkeeping,true,generated,2169,7c01be720fb39c8e66f6d892509f4e1e210a1ed562eeb224dc967438351f519d
method_version.json,paper_writing_evidence_bundle_v1/method_version.json; authoritative frozen sources listed in traceability/FINAL_RESULT_REGISTRY.csv,paper-writing-evidence-bundle-v1-frozen,8f70768f877acc81e3b021ae3b0f77decf8fe2f2,v1.1 writer-facing clarification or regenerated bookkeeping,true,generated,836,5119a9fc342a9b830aecf6d65b45ca46dda1ab940ebe329a3a19195477b0380c
optional_support/representative_generation_examples/README.md,paper_writing_evidence_bundle_v1/optional_support/representative_generation_examples/README.md,paper-writing-evidence-bundle-v1-frozen,8f70768f877acc81e3b021ae3b0f77decf8fe2f2,unchanged from frozen Paper Writing Evidence Bundle v1,true,copied,367,0738b5749b61f1bd07fcdeaca9c41aefde7cf62aa192547a203d393ab409a458
optional_support/representative_generation_examples/stage7_main_task_000.json,paper_writing_evidence_bundle_v1/optional_support/representative_generation_examples/stage7_main_task_000.json,paper-writing-evidence-bundle-v1-frozen,8f70768f877acc81e3b021ae3b0f77decf8fe2f2,unchanged from frozen Paper Writing Evidence Bundle v1,true,copied,25536,cc23df871fd86f2029f036d32852de5f35f5194a6dc3fe6c6505be49b09e03d3
optional_support/representative_generation_examples/stage7_main_task_021.json,paper_writing_evidence_bundle_v1/optional_support/representative_generation_examples/stage7_main_task_021.json,paper-writing-evidence-bundle-v1-frozen,8f70768f877acc81e3b021ae3b0f77decf8fe2f2,unchanged from frozen Paper Writing Evidence Bundle v1,true,copied,116148,557dcd042815795638a24254cdca1321c6b93deb16dcba68c4b95fad8fc64277
optional_support/representative_generation_examples/stage7_main_task_025.json,paper_writing_evidence_bundle_v1/optional_support/representative_generation_examples/stage7_main_task_025.json,paper-writing-evidence-bundle-v1-frozen,8f70768f877acc81e3b021ae3b0f77decf8fe2f2,unchanged from frozen Paper Writing Evidence Bundle v1,true,copied,22554,a231f6f21101bb302b4a6f77d98d4098ca9e45878a84b3662cba30c4c97fcc4c
optional_support/representative_generation_examples/stage7_main_task_026.json,paper_writing_evidence_bundle_v1/optional_support/representative_generation_examples/stage7_main_task_026.json,paper-writing-evidence-bundle-v1-frozen,8f70768f877acc81e3b021ae3b0f77decf8fe2f2,unchanged from frozen Paper Writing Evidence Bundle v1,true,copied,10556,6280bbe8432cefeb0f81a7cc604b5e12627d0c4009722d1ac95442af5422d176
source_definitions/bitemporal_definition.md,paper_writing_evidence_bundle_v1/source_definitions/bitemporal_definition.md,paper-writing-evidence-bundle-v1-frozen,8f70768f877acc81e3b021ae3b0f77decf8fe2f2,unchanged from frozen Paper Writing Evidence Bundle v1,true,copied,668,5bdc2066ee012a2316bbc1681e823e9206fbfea32e2f681ca861993504cb4191
source_definitions/claim_contract_summary.md,paper_writing_evidence_bundle_v1/source_definitions/claim_contract_summary.md,paper-writing-evidence-bundle-v1-frozen,8f70768f877acc81e3b021ae3b0f77decf8fe2f2,unchanged from frozen Paper Writing Evidence Bundle v1,true,copied,824,7044e94ac1f73cdaf9a1bad15c63d1adfeb8f47281e4b9e303a981cc2e9e62e9
source_definitions/method_definition_registry.csv,paper_writing_evidence_bundle_v1/source_definitions/method_definition_registry.csv,paper-writing-evidence-bundle-v1-frozen,8f70768f877acc81e3b021ae3b0f77decf8fe2f2,unchanged from frozen Paper Writing Evidence Bundle v1,true,copied,6407,ad0a9fb4f99c69ec9235670a15fabbcd4e0f7eb355c90970398047ef296330a5
source_definitions/metric_definition.md,paper_writing_evidence_bundle_v1/source_definitions/metric_definition.md,paper-writing-evidence-bundle-v1-frozen,8f70768f877acc81e3b021ae3b0f77decf8fe2f2,unchanged from frozen Paper Writing Evidence Bundle v1,true,copied,817,79eed75b9a1a9f91e09ae50b4c3e8c983b54237873e50136a34b1ff485152816
source_definitions/realization_definition.md,paper_writing_evidence_bundle_v1/source_definitions/realization_definition.md,paper-writing-evidence-bundle-v1-frozen,8f70768f877acc81e3b021ae3b0f77decf8fe2f2,unchanged from frozen Paper Writing Evidence Bundle v1,true,copied,700,4a60643e73c1dcc817c2e22ad4b50dc845a9c0f3d86c9eec003da45ded6ee17b
tables/Table_1_Dataset_and_System_Scale.csv,paper_writing_evidence_bundle_v1/tables/Table_1_Dataset_and_System_Scale.csv,paper-writing-evidence-bundle-v1-frozen,8f70768f877acc81e3b021ae3b0f77decf8fe2f2,unchanged from frozen Paper Writing Evidence Bundle v1,true,copied,3083,2890bdb40dc690a9e7e4ef69f350a4171a836c5a456707601322c36aa9eb0291
tables/Table_1_NOTE.md,paper_writing_evidence_bundle_v1/tables/Table_1_NOTE.md,paper-writing-evidence-bundle-v1-frozen,8f70768f877acc81e3b021ae3b0f77decf8fe2f2,unchanged from frozen Paper Writing Evidence Bundle v1,true,copied,298,63b5b323718e4286a6c78e6ec7ea4cbe7683d441abb1e9609082ad39ee92f50e
tables/Table_2_Claim_Admissibility.csv,paper_writing_evidence_bundle_v1/tables/Table_2_Claim_Admissibility.csv,paper-writing-evidence-bundle-v1-frozen,8f70768f877acc81e3b021ae3b0f77decf8fe2f2,unchanged from frozen Paper Writing Evidence Bundle v1,true,copied,670,b8dd8b7ebc5003a93c14eaa54fd9e6b71384015a7e2c17784320bdbb2926dd72
tables/Table_2_NOTE.md,paper_writing_evidence_bundle_v1/tables/Table_2_NOTE.md,paper-writing-evidence-bundle-v1-frozen,8f70768f877acc81e3b021ae3b0f77decf8fe2f2,unchanged from frozen Paper Writing Evidence Bundle v1,true,copied,291,89349c9c2f81a1fb90e6754e67e1b3135dfc8051db7c2b7a517e32e731ef3ba1
tables/Table_3_Main_Comparison.csv,paper_writing_evidence_bundle_v1/tables/Table_3_Main_Comparison.csv; authoritative frozen sources listed in traceability/FINAL_RESULT_REGISTRY.csv,paper-writing-evidence-bundle-v1-frozen,8f70768f877acc81e3b021ae3b0f77decf8fe2f2,v1.1 writer-facing clarification or regenerated bookkeeping,true,generated,390,d6b6e9cf214b7bf13e4750fd8e82cfbc36b3e6d55f3430c57b532014c34b4df6
tables/Table_3_NOTE.md,paper_writing_evidence_bundle_v1/tables/Table_3_NOTE.md; authoritative frozen sources listed in traceability/FINAL_RESULT_REGISTRY.csv,paper-writing-evidence-bundle-v1-frozen,8f70768f877acc81e3b021ae3b0f77decf8fe2f2,v1.1 writer-facing clarification or regenerated bookkeeping,true,generated,797,f322f53e67ea1212cd73a8871641769b71ec02470beeb76100df3dd70cd41e3f
tables/Table_4_Bitemporal_Revision.csv,paper_writing_evidence_bundle_v1/tables/Table_4_Bitemporal_Revision.csv; authoritative frozen sources listed in traceability/FINAL_RESULT_REGISTRY.csv,paper-writing-evidence-bundle-v1-frozen,8f70768f877acc81e3b021ae3b0f77decf8fe2f2,v1.1 writer-facing clarification or regenerated bookkeeping,true,generated,1119,8a218602a16b9eae0c7b5fb4be65e0e4a3f66fa80c08f41df6209d31bba8543d
tables/Table_4_NOTE.md,paper_writing_evidence_bundle_v1/tables/Table_4_NOTE.md; authoritative frozen sources listed in traceability/FINAL_RESULT_REGISTRY.csv,paper-writing-evidence-bundle-v1-frozen,8f70768f877acc81e3b021ae3b0f77decf8fe2f2,v1.1 writer-facing clarification or regenerated bookkeeping,true,generated,954,d3aa87532bf191b88cca3ab894881ff658c4bbb2034738103001d15844eebbb7
tables/Table_5_Ablation.csv,paper_writing_evidence_bundle_v1/tables/Table_5_Ablation.csv,paper-writing-evidence-bundle-v1-frozen,8f70768f877acc81e3b021ae3b0f77decf8fe2f2,unchanged from frozen Paper Writing Evidence Bundle v1,true,copied,1097,81112b7a9946488450a5c02c7a93c41155a3a96575d700e777e005569da1f7e2
tables/Table_5_NOTE.md,paper_writing_evidence_bundle_v1/tables/Table_5_NOTE.md,paper-writing-evidence-bundle-v1-frozen,8f70768f877acc81e3b021ae3b0f77decf8fe2f2,unchanged from frozen Paper Writing Evidence Bundle v1,true,copied,314,8822e4669544d85c739300fb067e24053a560be20ea23e798c46eadfb3312dc3
tables/Table_6_NOTE.md,paper_writing_evidence_bundle_v1/tables/Table_6_NOTE.md,paper-writing-evidence-bundle-v1-frozen,8f70768f877acc81e3b021ae3b0f77decf8fe2f2,unchanged from frozen Paper Writing Evidence Bundle v1,true,copied,309,54d6e36920884d2ca19d2cbb17c1b0f55fbf0cf2d6b5a51c07c5ff5a3ba1a359
tables/Table_6_Sensitivity.csv,paper_writing_evidence_bundle_v1/tables/Table_6_Sensitivity.csv,paper-writing-evidence-bundle-v1-frozen,8f70768f877acc81e3b021ae3b0f77decf8fe2f2,unchanged from frozen Paper Writing Evidence Bundle v1,true,copied,1878,ca55bd3f155012d54bd482a6ab053deee8454d9666306dfa33ee67e6628d8067
traceability/FINAL_RESULT_REGISTRY.csv,paper_writing_evidence_bundle_v1/traceability/FINAL_RESULT_REGISTRY.csv; authoritative frozen sources listed in traceability/FINAL_RESULT_REGISTRY.csv,paper-writing-evidence-bundle-v1-frozen,8f70768f877acc81e3b021ae3b0f77decf8fe2f2,v1.1 writer-facing clarification or regenerated bookkeeping,true,generated,164260,c403d1e67d4e2882105b815b33b6e9b5166c276a3ccd2e84ac786d4ebc4571c4
traceability/PAPER_FACING_NUMERIC_TRACE_AUDIT.csv,paper_writing_evidence_bundle_v1/traceability/PAPER_FACING_NUMERIC_TRACE_AUDIT.csv; authoritative frozen sources listed in traceability/FINAL_RESULT_REGISTRY.csv,paper-writing-evidence-bundle-v1-frozen,8f70768f877acc81e3b021ae3b0f77decf8fe2f2,v1.1 writer-facing clarification or regenerated bookkeeping,true,generated,57677,8e4c1b2a11df0910bd0cf248f1d0ddfcfa102ac751810a54cf3e81edd979cc07
traceability/SUPERSEDED_RESULTS_DO_NOT_USE.csv,paper_writing_evidence_bundle_v1/traceability/SUPERSEDED_RESULTS_DO_NOT_USE.csv,paper-writing-evidence-bundle-v1-frozen,8f70768f877acc81e3b021ae3b0f77decf8fe2f2,unchanged from frozen Paper Writing Evidence Bundle v1,true,copied,2537,bf73aa83f0f9535b8d1a01a51c31e38c1c53bb18658edfe3c505682f40bb52b6
