cell_id,post_background_support_count,post_daily_review_support_count,post_forecast_support_count,post_forward_support_count,post_observed_support_count,pre_background_support_count,pre_daily_review_support_count,pre_forecast_support_count,pre_forward_support_count,pre_observed_support_count,revision_event_id,source_epistemic_status_preserved,transition_classes,valid_date
cell_bf64fbf6243db5ccc68f8d6e,0,0,1,1,0,0,0,0,0,0,knowledge_revision_event_0107dcf53392c843140a9758,True,NEW_FORECAST_SUPPORT;ROLE_SUPPORT_CHANGED,2023-11-28
cell_cbe6f12faedc4a536f287879,0,0,3,3,0,0,0,2,2,0,knowledge_revision_event_013f0fb538ad5132504542d9,True,NEW_FORECAST_SUPPORT;ROLE_SUPPORT_CHANGED,2023-12-02
cell_96b4757cd7a8528a4fb821e7,0,0,1,1,0,0,0,0,0,0,knowledge_revision_event_04aff7f160ec89f31aee0af8,True,NEW_FORECAST_SUPPORT;ROLE_SUPPORT_CHANGED,2023-10-21
cell_8d1c49d3e1718f64fcb81f76,0,5,3,0,2,0,3,2,0,1,knowledge_revision_event_0b36f4b2852ca06c71cd6ab4,True,NEW_FORECAST_SUPPORT;NEW_OBSERVED_SUPPORT;ROLE_SUPPORT_CHANGED,2023-11-17
cell_af293191decaff8df7b1d72b,0,2,2,0,0,0,1,1,0,0,knowledge_revision_event_0c39df0e0cf206f7801f0246,True,NEW_FORECAST_SUPPORT;ROLE_SUPPORT_CHANGED,2023-11-28
cell_5f623d6b57b59266e65e7d26,0,0,1,1,0,0,0,0,0,0,knowledge_revision_event_10b94899e6ad3a8c8966a801,True,NEW_FORECAST_SUPPORT;ROLE_SUPPORT_CHANGED,2023-09-22
cell_2dfc9a7f03542dcf190b7553,0,3,2,0,1,0,1,1,0,0,knowledge_revision_event_1e3138441b9da0b559b5cb0b,True,FORECAST_ONLY_TO_FORECAST_PLUS_OBSERVED;NO_OBSERVED_TO_OBSERVED_AVAILABLE;NEW_FORECAST_SUPPORT;NEW_OBSERVED_SUPPORT;ROLE_SUPPORT_CHANGED,2023-10-18
cell_007ae6b7a81e2b90469a65fa,0,0,1,1,0,0,0,0,0,0,knowledge_revision_event_1f85ee0e219e765f42c15f5d,True,NEW_FORECAST_SUPPORT;ROLE_SUPPORT_CHANGED,2023-11-17
cell_ca66aa453029b41218d86f55,0,0,1,1,0,0,0,0,0,0,knowledge_revision_event_22980bb6701cde99a2d8a6b7,True,NEW_FORECAST_SUPPORT;ROLE_SUPPORT_CHANGED,2023-10-11
cell_4d176d99ebe3ce580aa54210,0,0,2,2,0,0,0,0,0,0,knowledge_revision_event_2e009d1ddc1dae12616ebb29,True,NEW_FORECAST_SUPPORT;ROLE_SUPPORT_CHANGED,2023-11-21
cell_c8a195ce5490d52eac969260,0,0,1,1,0,0,0,0,0,0,knowledge_revision_event_2fe1aa0e49d23ef090f4875c,True,NEW_FORECAST_SUPPORT;ROLE_SUPPORT_CHANGED,2023-10-21
cell_8f3c162903e22fbfe2cbba42,0,0,1,1,0,0,0,0,0,0,knowledge_revision_event_341f4cc452843c3a3d91b6e8,True,NEW_FORECAST_SUPPORT;ROLE_SUPPORT_CHANGED,2023-09-22
cell_d8fa56c73ebc8ef37293fd07,0,0,1,1,0,0,0,0,0,0,knowledge_revision_event_34a69e25f833b556ef8a0455,True,NEW_FORECAST_SUPPORT;ROLE_SUPPORT_CHANGED,2023-10-26
cell_23ac4564b0a3ce322fdb2bc1,0,0,1,1,0,0,0,0,0,0,knowledge_revision_event_370bd8ab039e5e5223290f6d,True,NEW_FORECAST_SUPPORT;ROLE_SUPPORT_CHANGED,2023-10-11
cell_feb25603908516ff7807e05b,0,0,2,2,0,0,0,1,1,0,knowledge_revision_event_3c3f2d803b6c2e78e3df85a7,True,NEW_FORECAST_SUPPORT;ROLE_SUPPORT_CHANGED,2023-10-18
cell_aa9a31d2a4df8d15e2b4d46f,0,0,2,2,0,0,0,1,1,0,knowledge_revision_event_47ac62e642b422715513a9f1,True,NEW_FORECAST_SUPPORT;ROLE_SUPPORT_CHANGED,2023-11-21
cell_d0aaf3ebeddde7e26d32be3b,0,2,2,0,0,0,1,1,0,0,knowledge_revision_event_4c6a44899b2ad911a1d7ca78,True,NEW_FORECAST_SUPPORT;ROLE_SUPPORT_CHANGED,2023-10-15
cell_ba71aad8523a714a32b0c788,0,0,1,1,0,0,0,0,0,0,knowledge_revision_event_4cc75b2b34159aa1ce19f6c2,True,NEW_FORECAST_SUPPORT;ROLE_SUPPORT_CHANGED,2023-11-21
cell_0c7c18a1ffef6d9e83e69815,0,0,1,1,0,0,0,0,0,0,knowledge_revision_event_527f4b015126e688f15b718a,True,NEW_FORECAST_SUPPORT;ROLE_SUPPORT_CHANGED,2023-10-11
cell_64ff35e15826ff3f4f73e53f,0,0,2,2,0,0,0,1,1,0,knowledge_revision_event_539a7e6bc65efb253a177cdf,True,NEW_FORECAST_SUPPORT;ROLE_SUPPORT_CHANGED,2023-12-16
cell_a988b2656051f7e18ac637e4,0,0,2,2,0,0,0,1,1,0,knowledge_revision_event_5d8c97e8e8151b58246faca1,True,NEW_FORECAST_SUPPORT;ROLE_SUPPORT_CHANGED,2023-12-16
cell_e610b4ce3922994ac4da48cb,0,0,1,1,0,0,0,0,0,0,knowledge_revision_event_61b6b8545015e0bb65a5970d,True,NEW_FORECAST_SUPPORT;ROLE_SUPPORT_CHANGED,2023-10-18
cell_63d1e25f2b61b93ebb0d39c0,0,4,2,0,2,0,2,1,0,1,knowledge_revision_event_6ab0ab029667d4ef325fbcf3,True,NEW_FORECAST_SUPPORT;NEW_OBSERVED_SUPPORT;ROLE_SUPPORT_CHANGED,2023-10-15
cell_7f60fb415d2265a3f3a9e060,0,0,3,3,0,0,0,0,0,0,knowledge_revision_event_6b0d8288fd43937664e27e4e,True,NEW_FORECAST_SUPPORT;ROLE_SUPPORT_CHANGED,2023-11-28
cell_9014e249e35a590ee949d882,0,0,2,2,0,0,0,1,1,0,knowledge_revision_event_6daa76a55757c468be850f91,True,NEW_FORECAST_SUPPORT;ROLE_SUPPORT_CHANGED,2023-10-18
cell_15d2c322bb0814f83525b455,0,0,2,2,0,0,0,0,0,0,knowledge_revision_event_781f6262fb9d8c7ce08b25cb,True,NEW_FORECAST_SUPPORT;ROLE_SUPPORT_CHANGED,2023-10-15
cell_ee76ecb149a38cfe2eff82bf,0,0,1,1,0,0,0,0,0,0,knowledge_revision_event_7ebb8f0e26115e72d00e5a45,True,NEW_FORECAST_SUPPORT;ROLE_SUPPORT_CHANGED,2023-11-28
cell_9cfca22fbc766370829a5d1b,0,4,3,0,1,0,2,2,0,0,knowledge_revision_event_7fd3e562bf2fc09afce3cd04,True,FORECAST_ONLY_TO_FORECAST_PLUS_OBSERVED;NO_OBSERVED_TO_OBSERVED_AVAILABLE;NEW_FORECAST_SUPPORT;NEW_OBSERVED_SUPPORT;ROLE_SUPPORT_CHANGED,2023-12-16
cell_59d7ded1be93617fff859fd7,0,0,1,1,0,0,0,0,0,0,knowledge_revision_event_8aeca0de8248562abb07a638,True,NEW_FORECAST_SUPPORT;ROLE_SUPPORT_CHANGED,2023-09-22
cell_8daeb32ef201b43aa2396d30,0,0,3,3,0,0,0,2,2,0,knowledge_revision_event_8df4a854c908db33eff62758,True,NEW_FORECAST_SUPPORT;ROLE_SUPPORT_CHANGED,2023-12-18
cell_a7a9faa90556b5f0054f0fd0,0,3,2,0,1,0,1,1,0,0,knowledge_revision_event_9177a8cf2b831a3ad8fc81ec,True,FORECAST_ONLY_TO_FORECAST_PLUS_OBSERVED;NO_OBSERVED_TO_OBSERVED_AVAILABLE;NEW_FORECAST_SUPPORT;NEW_OBSERVED_SUPPORT;ROLE_SUPPORT_CHANGED,2023-09-22
cell_8e31894debfd91db79f6b261,0,2,2,0,0,0,1,1,0,0,knowledge_revision_event_93495e591157d31d6d8763e2,True,NEW_FORECAST_SUPPORT;ROLE_SUPPORT_CHANGED,2023-11-17
cell_a988b2656051f7e18ac637e4,0,0,1,1,0,0,0,0,0,0,knowledge_revision_event_9b619cf10aa6baecd93e5806,True,NEW_FORECAST_SUPPORT;ROLE_SUPPORT_CHANGED,2023-12-18
cell_d56d02a74a190969f5953792,0,0,2,2,0,0,0,1,1,0,knowledge_revision_event_9eba9d2dce977cf51b674212,True,NEW_FORECAST_SUPPORT;ROLE_SUPPORT_CHANGED,2023-11-05
cell_74760c064abb487c9a1b536d,0,0,2,2,0,0,0,0,0,0,knowledge_revision_event_a209ec4280d4a29d371a7f14,True,NEW_FORECAST_SUPPORT;ROLE_SUPPORT_CHANGED,2023-11-17
cell_3ae33164a8e71987590e3ceb,0,0,2,2,0,0,0,0,0,0,knowledge_revision_event_a213809faf72831302451622,True,NEW_FORECAST_SUPPORT;ROLE_SUPPORT_CHANGED,2023-10-15
cell_ff5e7be1c6332ee68423a3aa,0,4,3,0,1,0,2,2,0,0,knowledge_revision_event_a75716642c51519105053812,True,FORECAST_ONLY_TO_FORECAST_PLUS_OBSERVED;NO_OBSERVED_TO_OBSERVED_AVAILABLE;NEW_FORECAST_SUPPORT;NEW_OBSERVED_SUPPORT;ROLE_SUPPORT_CHANGED,2023-11-21
cell_b1b5dac189844b4209fccbad,0,0,1,1,0,0,0,0,0,0,knowledge_revision_event_ab8c5ab2ce32cb5ca7b2c0d5,True,NEW_FORECAST_SUPPORT;ROLE_SUPPORT_CHANGED,2023-10-26
cell_6ab76a141b599fbf0d333f38,0,3,2,0,1,0,1,1,0,0,knowledge_revision_event_b48bfbd73622cc8872803388,True,FORECAST_ONLY_TO_FORECAST_PLUS_OBSERVED;NO_OBSERVED_TO_OBSERVED_AVAILABLE;NEW_FORECAST_SUPPORT;NEW_OBSERVED_SUPPORT;ROLE_SUPPORT_CHANGED,2023-10-26
cell_18dcb188dff729ae040f264a,0,0,2,2,0,0,0,1,1,0,knowledge_revision_event_c434fe7345666538805c2593,True,NEW_FORECAST_SUPPORT;ROLE_SUPPORT_CHANGED,2023-12-08
cell_0e03d8262312cadde60398fe,0,0,1,1,0,0,0,0,0,0,knowledge_revision_event_c8ac64f9a17310524fac8aa2,True,NEW_FORECAST_SUPPORT;ROLE_SUPPORT_CHANGED,2023-10-26
cell_45e09953a5ddef4462c0a147,0,0,3,3,0,0,0,1,1,0,knowledge_revision_event_cd244d1e0ff87b6d3c2d9d94,True,NEW_FORECAST_SUPPORT;ROLE_SUPPORT_CHANGED,2023-12-16
cell_146050071152b2bd18f8a541,0,4,3,0,1,0,2,2,0,0,knowledge_revision_event_cf61ccb51e3d5a3955e852c6,True,FORECAST_ONLY_TO_FORECAST_PLUS_OBSERVED;NO_OBSERVED_TO_OBSERVED_AVAILABLE;NEW_FORECAST_SUPPORT;NEW_OBSERVED_SUPPORT;ROLE_SUPPORT_CHANGED,2023-11-05
cell_63f0b623e1aa623002144e00,0,0,4,4,0,0,0,2,2,0,knowledge_revision_event_d5a58fce1fd2fa3572d5a4bf,True,NEW_FORECAST_SUPPORT;ROLE_SUPPORT_CHANGED,2023-12-08
cell_64ff35e15826ff3f4f73e53f,0,0,1,1,0,0,0,0,0,0,knowledge_revision_event_d64c630cadcbf1339f8e2e98,True,NEW_FORECAST_SUPPORT;ROLE_SUPPORT_CHANGED,2023-12-18
cell_9918a6975e555bb8745426a6,0,0,1,1,0,0,0,0,0,0,knowledge_revision_event_dc7298af9606dbdb8a6e8e35,True,NEW_FORECAST_SUPPORT;ROLE_SUPPORT_CHANGED,2023-10-15
cell_e74dbbf425d6747d204d3810,0,0,2,2,0,0,0,1,1,0,knowledge_revision_event_dcf95b1c5e9e21c61fcf0c38,True,NEW_FORECAST_SUPPORT;ROLE_SUPPORT_CHANGED,2023-12-08
cell_b78c8fe752bb215ebc415f65,0,4,3,0,1,0,2,2,0,0,knowledge_revision_event_e162850c22f21f36d8078cd9,True,FORECAST_ONLY_TO_FORECAST_PLUS_OBSERVED;NO_OBSERVED_TO_OBSERVED_AVAILABLE;NEW_FORECAST_SUPPORT;NEW_OBSERVED_SUPPORT;ROLE_SUPPORT_CHANGED,2023-11-28
cell_fccd76a8459740ecc3617390,0,0,2,2,0,0,0,0,0,0,knowledge_revision_event_e9509fe604d0b341f89d4f9a,True,NEW_FORECAST_SUPPORT;ROLE_SUPPORT_CHANGED,2023-10-21
cell_585026313bab68f0a4a0e814,0,0,3,3,0,0,0,1,1,0,knowledge_revision_event_ecb0e61c665935ee1db3a67f,True,NEW_FORECAST_SUPPORT;ROLE_SUPPORT_CHANGED,2023-11-05
cell_e5477cc9d090c69443f67a6a,0,0,1,1,0,0,0,0,0,0,knowledge_revision_event_f103208f98285276742a59f9,True,NEW_FORECAST_SUPPORT;ROLE_SUPPORT_CHANGED,2023-11-05
cell_e05c5d458652315d2804569f,0,0,2,2,0,0,0,1,1,0,knowledge_revision_event_f37d375dd9928ce56707b7fd,True,NEW_FORECAST_SUPPORT;ROLE_SUPPORT_CHANGED,2023-12-02
cell_eb2c3c433c9ba2151c8c98b3,0,0,1,1,0,0,0,0,0,0,knowledge_revision_event_fe7c93b1bf6755b114a63aaa,True,NEW_FORECAST_SUPPORT;ROLE_SUPPORT_CHANGED,2023-11-17
