added_evidence_count,added_evidence_ids,cell_end,cell_id,cell_start,document_id,event_post_id_exact,event_pre_id_exact,knowledge_available_local_date,knowledge_delay_days,post_knowledge_end,post_knowledge_later,post_knowledge_start,post_start_matches_availability,post_version_id,post_version_number,pre_knowledge_end,pre_knowledge_start,pre_version_id,pre_version_number,revision_event_id,revision_reason_codes,same_cell,same_valid_date,source_type,state_role,valid_date
1,doc_1bccaf9b3397c0d25601b19d_e0002,1014230.0,cell_bf64fbf6243db5ccc68f8d6e,1014220.0,doc_1bccaf9b3397c0d25601b19d,True,True,2023-11-29,1,,True,2023-11-29,True,bitemporal_version_635c39de3adbc9248f67d92f,2,2023-11-29,2023-11-28,bitemporal_version_bce222049a49c2f88125635c,1,knowledge_revision_event_0107dcf53392c843140a9758,INTERVAL_POSITIVE_CELL_OVERLAP;LATE_AVAILABLE_PRIMARY_EVIDENCE;REVISION_ROLE_FROM_FORWARD_ATTENTION_CELL,True,True,SONIC_FORECAST,FORWARD_ATTENTION_CELL,2023-11-28
1,doc_c19c0e4b52882f445108f4a0_e0002,1014270.0,cell_cbe6f12faedc4a536f287879,1014260.0,doc_c19c0e4b52882f445108f4a0,True,True,2023-12-03,1,,True,2023-12-03,True,bitemporal_version_115ac45b1531b0fd6db91bdc,2,2023-12-03,2023-12-02,bitemporal_version_fc6bbbd1e543d39b6aa45919,1,knowledge_revision_event_013f0fb538ad5132504542d9,INTERVAL_POSITIVE_CELL_OVERLAP;LATE_AVAILABLE_PRIMARY_EVIDENCE;REVISION_ROLE_FROM_FORWARD_ATTENTION_CELL,True,True,SONIC_FORECAST,FORWARD_ATTENTION_CELL,2023-12-02
1,doc_09e89a967279537d5c9bb8d7_e0002,1013770.0,cell_96b4757cd7a8528a4fb821e7,1013760.0,doc_09e89a967279537d5c9bb8d7,True,True,2023-10-22,1,,True,2023-10-22,True,bitemporal_version_66d51cae9d00caeda54fd6c0,2,2023-10-22,2023-10-21,bitemporal_version_a3cfa98eee48d043b8e06145,1,knowledge_revision_event_04aff7f160ec89f31aee0af8,INTERVAL_POSITIVE_CELL_OVERLAP;LATE_AVAILABLE_PRIMARY_EVIDENCE;REVISION_ROLE_FROM_FORWARD_ATTENTION_CELL,True,True,SONIC_FORECAST,FORWARD_ATTENTION_CELL,2023-10-21
2,doc_d0afc25463d4776277ebb952_e0001;doc_d0afc25463d4776277ebb952_e0002,1014020.0,cell_8d1c49d3e1718f64fcb81f76,1014010.0,doc_d0afc25463d4776277ebb952,True,True,2023-11-18,1,,True,2023-11-18,True,bitemporal_version_192c8b745642aa19e3a59e83,2,2023-11-18,2023-11-17,bitemporal_version_21b539aee2fe90be744d3b6c,1,knowledge_revision_event_0b36f4b2852ca06c71cd6ab4,INTERVAL_POSITIVE_CELL_OVERLAP;LATE_AVAILABLE_PRIMARY_EVIDENCE;POINT_MAPPED_TO_RIGHT_CLOSED_PREVIOUS_CELL;REVISION_ROLE_FROM_DAILY_REVIEW_CELL,True,True,SONIC_FORECAST,DAILY_REVIEW_CELL,2023-11-17
1,doc_1bccaf9b3397c0d25601b19d_e0002,1014210.0,cell_af293191decaff8df7b1d72b,1014200.0,doc_1bccaf9b3397c0d25601b19d,True,True,2023-11-29,1,,True,2023-11-29,True,bitemporal_version_7eabf95ac929b2b9408c7e63,2,2023-11-29,2023-11-28,bitemporal_version_ced80c06f46b0688887db78e,1,knowledge_revision_event_0c39df0e0cf206f7801f0246,INTERVAL_POSITIVE_CELL_OVERLAP;LATE_AVAILABLE_PRIMARY_EVIDENCE;REVISION_ROLE_FROM_DAILY_REVIEW_CELL,True,True,SONIC_FORECAST,DAILY_REVIEW_CELL,2023-11-28
1,doc_042ef22be43ba006975946e2_e0002,1013300.0,cell_5f623d6b57b59266e65e7d26,1013290.0,doc_042ef22be43ba006975946e2,True,True,2023-09-23,1,,True,2023-09-23,True,bitemporal_version_e505f340e809e30ce92b9ec1,2,2023-09-23,2023-09-22,bitemporal_version_8235fd26d39fa446d0c4b06d,1,knowledge_revision_event_10b94899e6ad3a8c8966a801,INTERVAL_POSITIVE_CELL_OVERLAP;LATE_AVAILABLE_PRIMARY_EVIDENCE;REVISION_ROLE_FROM_FORWARD_ATTENTION_CELL,True,True,SONIC_FORECAST,FORWARD_ATTENTION_CELL,2023-09-22
2,doc_ce88b5055d612f9f8fb8012e_e0001;doc_ce88b5055d612f9f8fb8012e_e0002,1013680.0,cell_2dfc9a7f03542dcf190b7553,1013670.0,doc_ce88b5055d612f9f8fb8012e,True,True,2023-10-19,1,,True,2023-10-19,True,bitemporal_version_f4250e9fb3b6db0f869b0130,2,2023-10-19,2023-10-18,bitemporal_version_540063c41656a0b9aa8eaebd,1,knowledge_revision_event_1e3138441b9da0b559b5cb0b,INTERVAL_POSITIVE_CELL_OVERLAP;LATE_AVAILABLE_PRIMARY_EVIDENCE;POINT_MAPPED_TO_RIGHT_CLOSED_PREVIOUS_CELL;REVISION_ROLE_FROM_DAILY_REVIEW_CELL,True,True,SONIC_FORECAST,DAILY_REVIEW_CELL,2023-10-18
1,doc_d0afc25463d4776277ebb952_e0002,1014040.0,cell_007ae6b7a81e2b90469a65fa,1014030.0,doc_d0afc25463d4776277ebb952,True,True,2023-11-18,1,,True,2023-11-18,True,bitemporal_version_0d5cb098f47e01f501eaba27,2,2023-11-18,2023-11-17,bitemporal_version_15d74c99d1a3d45dd339d513,1,knowledge_revision_event_1f85ee0e219e765f42c15f5d,INTERVAL_POSITIVE_CELL_OVERLAP;LATE_AVAILABLE_PRIMARY_EVIDENCE;REVISION_ROLE_FROM_FORWARD_ATTENTION_CELL,True,True,SONIC_FORECAST,FORWARD_ATTENTION_CELL,2023-11-17
1,doc_c03e80c9fabf17e0b238ec9a_e0003,1013550.0,cell_ca66aa453029b41218d86f55,1013540.0,doc_c03e80c9fabf17e0b238ec9a,True,True,2023-10-12,1,,True,2023-10-12,True,bitemporal_version_10a6d131ec0d244b3c9bc813,2,2023-10-12,2023-10-11,bitemporal_version_3df07594bf06f2cfbcd1fbe8,1,knowledge_revision_event_22980bb6701cde99a2d8a6b7,INTERVAL_POSITIVE_CELL_OVERLAP;LATE_AVAILABLE_PRIMARY_EVIDENCE;REVISION_ROLE_FROM_FORWARD_ATTENTION_CELL,True,True,SONIC_FORECAST,FORWARD_ATTENTION_CELL,2023-10-11
2,doc_62bf6495f3a27bc084947384_e0002;doc_62bf6495f3a27bc084947384_e0003,1014130.0,cell_4d176d99ebe3ce580aa54210,1014120.0,doc_62bf6495f3a27bc084947384,True,True,2023-11-22,1,,True,2023-11-22,True,bitemporal_version_ba9946b1dfca6dadc571da7a,2,2023-11-22,2023-11-21,bitemporal_version_a90b50a5161fff7dfd65774e,1,knowledge_revision_event_2e009d1ddc1dae12616ebb29,INTERVAL_POSITIVE_CELL_OVERLAP;LATE_AVAILABLE_PRIMARY_EVIDENCE;REVISION_ROLE_FROM_FORWARD_ATTENTION_CELL,True,True,SONIC_FORECAST,FORWARD_ATTENTION_CELL,2023-11-21
1,doc_09e89a967279537d5c9bb8d7_e0002,1013780.0,cell_c8a195ce5490d52eac969260,1013770.0,doc_09e89a967279537d5c9bb8d7,True,True,2023-10-22,1,,True,2023-10-22,True,bitemporal_version_76ab10c1fbf1b2078345683c,2,2023-10-22,2023-10-21,bitemporal_version_21b601ff2967617bce95649e,1,knowledge_revision_event_2fe1aa0e49d23ef090f4875c,INTERVAL_POSITIVE_CELL_OVERLAP;LATE_AVAILABLE_PRIMARY_EVIDENCE;REVISION_ROLE_FROM_FORWARD_ATTENTION_CELL,True,True,SONIC_FORECAST,FORWARD_ATTENTION_CELL,2023-10-21
1,doc_042ef22be43ba006975946e2_e0002,1013290.0,cell_8f3c162903e22fbfe2cbba42,1013280.0,doc_042ef22be43ba006975946e2,True,True,2023-09-23,1,,True,2023-09-23,True,bitemporal_version_43194bb14cfc647ee8b539c8,2,2023-09-23,2023-09-22,bitemporal_version_72e60100df4f5a214d5119f4,1,knowledge_revision_event_341f4cc452843c3a3d91b6e8,INTERVAL_POSITIVE_CELL_OVERLAP;LATE_AVAILABLE_PRIMARY_EVIDENCE;REVISION_ROLE_FROM_FORWARD_ATTENTION_CELL,True,True,SONIC_FORECAST,FORWARD_ATTENTION_CELL,2023-09-22
1,doc_28d57b5baaf883772b83b6e8_e0002,1013880.0,cell_d8fa56c73ebc8ef37293fd07,1013870.0,doc_28d57b5baaf883772b83b6e8,True,True,2023-10-27,1,,True,2023-10-27,True,bitemporal_version_6e45c03106bd7a3f6e9cb85b,2,2023-10-27,2023-10-26,bitemporal_version_6be1ef48cce660a6936e0012,1,knowledge_revision_event_34a69e25f833b556ef8a0455,INTERVAL_POSITIVE_CELL_OVERLAP;LATE_AVAILABLE_PRIMARY_EVIDENCE;REVISION_ROLE_FROM_FORWARD_ATTENTION_CELL,True,True,SONIC_FORECAST,FORWARD_ATTENTION_CELL,2023-10-26
1,doc_c03e80c9fabf17e0b238ec9a_e0002,1013540.0,cell_23ac4564b0a3ce322fdb2bc1,1013530.0,doc_c03e80c9fabf17e0b238ec9a,True,True,2023-10-12,1,,True,2023-10-12,True,bitemporal_version_d5cc143d85d9962c310dab0e,2,2023-10-12,2023-10-11,bitemporal_version_6ee9dbb0c028f54705af8c67,1,knowledge_revision_event_370bd8ab039e5e5223290f6d,INTERVAL_POSITIVE_CELL_OVERLAP;LATE_AVAILABLE_PRIMARY_EVIDENCE;REVISION_ROLE_FROM_FORWARD_ATTENTION_CELL,True,True,SONIC_FORECAST,FORWARD_ATTENTION_CELL,2023-10-11
1,doc_ce88b5055d612f9f8fb8012e_e0002,1013710.0,cell_feb25603908516ff7807e05b,1013700.0,doc_ce88b5055d612f9f8fb8012e,True,True,2023-10-19,1,,True,2023-10-19,True,bitemporal_version_3f751532866431f62b647174,2,2023-10-19,2023-10-18,bitemporal_version_7411ddbf1f3c5e85c34553f9,1,knowledge_revision_event_3c3f2d803b6c2e78e3df85a7,INTERVAL_POSITIVE_CELL_OVERLAP;LATE_AVAILABLE_PRIMARY_EVIDENCE;REVISION_ROLE_FROM_FORWARD_ATTENTION_CELL,True,True,SONIC_FORECAST,FORWARD_ATTENTION_CELL,2023-10-18
1,doc_62bf6495f3a27bc084947384_e0002,1014120.0,cell_aa9a31d2a4df8d15e2b4d46f,1014110.0,doc_62bf6495f3a27bc084947384,True,True,2023-11-22,1,,True,2023-11-22,True,bitemporal_version_f1a4882f8205243301dbee04,2,2023-11-22,2023-11-21,bitemporal_version_2259006a04e77b4b8fa13dca,1,knowledge_revision_event_47ac62e642b422715513a9f1,INTERVAL_POSITIVE_CELL_OVERLAP;LATE_AVAILABLE_PRIMARY_EVIDENCE;REVISION_ROLE_FROM_FORWARD_ATTENTION_CELL,True,True,SONIC_FORECAST,FORWARD_ATTENTION_CELL,2023-11-21
1,doc_6af39821d5a37fd21b28de70_e0002,1013620.0,cell_d0aaf3ebeddde7e26d32be3b,1013610.0,doc_6af39821d5a37fd21b28de70,True,True,2023-10-16,1,,True,2023-10-16,True,bitemporal_version_af0578193fcc71beae4083e9,2,2023-10-16,2023-10-15,bitemporal_version_372c3cf91e20cd6778ba35b3,1,knowledge_revision_event_4c6a44899b2ad911a1d7ca78,INTERVAL_POSITIVE_CELL_OVERLAP;LATE_AVAILABLE_PRIMARY_EVIDENCE;REVISION_ROLE_FROM_DAILY_REVIEW_CELL,True,True,SONIC_FORECAST,DAILY_REVIEW_CELL,2023-10-15
1,doc_62bf6495f3a27bc084947384_e0003,1014140.0,cell_ba71aad8523a714a32b0c788,1014130.0,doc_62bf6495f3a27bc084947384,True,True,2023-11-22,1,,True,2023-11-22,True,bitemporal_version_66fa0820e2a9a852eb524714,2,2023-11-22,2023-11-21,bitemporal_version_20fed523282d526796e82a64,1,knowledge_revision_event_4cc75b2b34159aa1ce19f6c2,INTERVAL_POSITIVE_CELL_OVERLAP;LATE_AVAILABLE_PRIMARY_EVIDENCE;REVISION_ROLE_FROM_FORWARD_ATTENTION_CELL,True,True,SONIC_FORECAST,FORWARD_ATTENTION_CELL,2023-11-21
1,doc_c03e80c9fabf17e0b238ec9a_e0002,1013530.0,cell_0c7c18a1ffef6d9e83e69815,1013520.0,doc_c03e80c9fabf17e0b238ec9a,True,True,2023-10-12,1,,True,2023-10-12,True,bitemporal_version_c12d8b91a76ec85621accc70,2,2023-10-12,2023-10-11,bitemporal_version_6d00be1d0e3378a03da3d3e7,1,knowledge_revision_event_527f4b015126e688f15b718a,INTERVAL_POSITIVE_CELL_OVERLAP;LATE_AVAILABLE_PRIMARY_EVIDENCE;REVISION_ROLE_FROM_FORWARD_ATTENTION_CELL,True,True,SONIC_FORECAST,FORWARD_ATTENTION_CELL,2023-10-11
1,doc_99cb24b0b45c767bece0fac1_e0003,1014470.0,cell_64ff35e15826ff3f4f73e53f,1014460.0,doc_99cb24b0b45c767bece0fac1,True,True,2023-12-17,1,,True,2023-12-17,True,bitemporal_version_fe3f915a22ed341d647d39b7,2,2023-12-17,2023-12-16,bitemporal_version_0e8be71918da1a425a24a09a,1,knowledge_revision_event_539a7e6bc65efb253a177cdf,INTERVAL_POSITIVE_CELL_OVERLAP;LATE_AVAILABLE_PRIMARY_EVIDENCE;REVISION_ROLE_FROM_FORWARD_ATTENTION_CELL,True,True,SONIC_FORECAST,FORWARD_ATTENTION_CELL,2023-12-16
1,doc_99cb24b0b45c767bece0fac1_e0003,1014460.0,cell_a988b2656051f7e18ac637e4,1014450.0,doc_99cb24b0b45c767bece0fac1,True,True,2023-12-17,1,,True,2023-12-17,True,bitemporal_version_9418128c653968d6175c40d1,2,2023-12-17,2023-12-16,bitemporal_version_6ba5ca2e302a80eff6775e6b,1,knowledge_revision_event_5d8c97e8e8151b58246faca1,INTERVAL_POSITIVE_CELL_OVERLAP;LATE_AVAILABLE_PRIMARY_EVIDENCE;REVISION_ROLE_FROM_FORWARD_ATTENTION_CELL,True,True,SONIC_FORECAST,FORWARD_ATTENTION_CELL,2023-12-16
1,doc_ce88b5055d612f9f8fb8012e_e0002,1013690.0,cell_e610b4ce3922994ac4da48cb,1013680.0,doc_ce88b5055d612f9f8fb8012e,True,True,2023-10-19,1,,True,2023-10-19,True,bitemporal_version_99cfe2496a591a4ad0dd6260,2,2023-10-19,2023-10-18,bitemporal_version_c8b1ed585b1ccb9aee725d4f,1,knowledge_revision_event_61b6b8545015e0bb65a5970d,INTERVAL_POSITIVE_CELL_OVERLAP;LATE_AVAILABLE_PRIMARY_EVIDENCE;REVISION_ROLE_FROM_FORWARD_ATTENTION_CELL,True,True,SONIC_FORECAST,FORWARD_ATTENTION_CELL,2023-10-18
2,doc_6af39821d5a37fd21b28de70_e0001;doc_6af39821d5a37fd21b28de70_e0002,1013610.0,cell_63d1e25f2b61b93ebb0d39c0,1013600.0,doc_6af39821d5a37fd21b28de70,True,True,2023-10-16,1,,True,2023-10-16,True,bitemporal_version_d71317768ff881c670f50f53,2,2023-10-16,2023-10-15,bitemporal_version_82e50cd3e609d0c3157077e8,1,knowledge_revision_event_6ab0ab029667d4ef325fbcf3,INTERVAL_POSITIVE_CELL_OVERLAP;LATE_AVAILABLE_PRIMARY_EVIDENCE;POINT_MAPPED_TO_RIGHT_CLOSED_PREVIOUS_CELL;REVISION_ROLE_FROM_DAILY_REVIEW_CELL,True,True,SONIC_FORECAST,DAILY_REVIEW_CELL,2023-10-15
3,doc_1bccaf9b3397c0d25601b19d_e0002;doc_1bccaf9b3397c0d25601b19d_e0003;doc_1bccaf9b3397c0d25601b19d_e0004,1014240.0,cell_7f60fb415d2265a3f3a9e060,1014230.0,doc_1bccaf9b3397c0d25601b19d,True,True,2023-11-29,1,,True,2023-11-29,True,bitemporal_version_d3a220b4d0ca6257cd8a2e17,2,2023-11-29,2023-11-28,bitemporal_version_42fcba905c311194b662c06a,1,knowledge_revision_event_6b0d8288fd43937664e27e4e,INTERVAL_POSITIVE_CELL_OVERLAP;LATE_AVAILABLE_PRIMARY_EVIDENCE;REVISION_ROLE_FROM_FORWARD_ATTENTION_CELL,True,True,SONIC_FORECAST,FORWARD_ATTENTION_CELL,2023-11-28
1,doc_ce88b5055d612f9f8fb8012e_e0002,1013700.0,cell_9014e249e35a590ee949d882,1013690.0,doc_ce88b5055d612f9f8fb8012e,True,True,2023-10-19,1,,True,2023-10-19,True,bitemporal_version_9adaa74c6a635ae61bd8f4ae,2,2023-10-19,2023-10-18,bitemporal_version_f683b053f43f042eff224de6,1,knowledge_revision_event_6daa76a55757c468be850f91,INTERVAL_POSITIVE_CELL_OVERLAP;LATE_AVAILABLE_PRIMARY_EVIDENCE;REVISION_ROLE_FROM_FORWARD_ATTENTION_CELL,True,True,SONIC_FORECAST,FORWARD_ATTENTION_CELL,2023-10-18
2,doc_6af39821d5a37fd21b28de70_e0002;doc_6af39821d5a37fd21b28de70_e0003,1013630.0,cell_15d2c322bb0814f83525b455,1013620.0,doc_6af39821d5a37fd21b28de70,True,True,2023-10-16,1,,True,2023-10-16,True,bitemporal_version_95ad2ba2795126d14ef57b15,2,2023-10-16,2023-10-15,bitemporal_version_9296ca9ba6c0b21cd947e418,1,knowledge_revision_event_781f6262fb9d8c7ce08b25cb,INTERVAL_POSITIVE_CELL_OVERLAP;LATE_AVAILABLE_PRIMARY_EVIDENCE;REVISION_ROLE_FROM_FORWARD_ATTENTION_CELL,True,True,SONIC_FORECAST,FORWARD_ATTENTION_CELL,2023-10-15
1,doc_1bccaf9b3397c0d25601b19d_e0002,1014220.0,cell_ee76ecb149a38cfe2eff82bf,1014210.0,doc_1bccaf9b3397c0d25601b19d,True,True,2023-11-29,1,,True,2023-11-29,True,bitemporal_version_0c2ca631c4b9f07ca811b6f9,2,2023-11-29,2023-11-28,bitemporal_version_636850156ab63610015a095f,1,knowledge_revision_event_7ebb8f0e26115e72d00e5a45,INTERVAL_POSITIVE_CELL_OVERLAP;LATE_AVAILABLE_PRIMARY_EVIDENCE;REVISION_ROLE_FROM_FORWARD_ATTENTION_CELL,True,True,SONIC_FORECAST,FORWARD_ATTENTION_CELL,2023-11-28
2,doc_99cb24b0b45c767bece0fac1_e0001;doc_99cb24b0b45c767bece0fac1_e0002,1014440.0,cell_9cfca22fbc766370829a5d1b,1014430.0,doc_99cb24b0b45c767bece0fac1,True,True,2023-12-17,1,,True,2023-12-17,True,bitemporal_version_26d919feaaf6b56a1fdc7e57,2,2023-12-17,2023-12-16,bitemporal_version_81c5de68556eae89ddda0efd,1,knowledge_revision_event_7fd3e562bf2fc09afce3cd04,INTERVAL_POSITIVE_CELL_OVERLAP;LATE_AVAILABLE_PRIMARY_EVIDENCE;POINT_MAPPED_TO_RIGHT_CLOSED_PREVIOUS_CELL;REVISION_ROLE_FROM_DAILY_REVIEW_CELL,True,True,SONIC_FORECAST,DAILY_REVIEW_CELL,2023-12-16
1,doc_042ef22be43ba006975946e2_e0002,1013310.0,cell_59d7ded1be93617fff859fd7,1013300.0,doc_042ef22be43ba006975946e2,True,True,2023-09-23,1,,True,2023-09-23,True,bitemporal_version_89c9c8c5cc5c29a3ecc3eab1,2,2023-09-23,2023-09-22,bitemporal_version_14c0d3c3c5bae0f959927e2b,1,knowledge_revision_event_8aeca0de8248562abb07a638,INTERVAL_POSITIVE_CELL_OVERLAP;LATE_AVAILABLE_PRIMARY_EVIDENCE;REVISION_ROLE_FROM_FORWARD_ATTENTION_CELL,True,True,SONIC_FORECAST,FORWARD_ATTENTION_CELL,2023-09-22
1,doc_cae21ab80a31f71dbe3e20e9_e0002,1014480.0,cell_8daeb32ef201b43aa2396d30,1014470.0,doc_cae21ab80a31f71dbe3e20e9,True,True,2023-12-19,1,,True,2023-12-19,True,bitemporal_version_e5bbdba4470a5f716c642573,2,2023-12-19,2023-12-18,bitemporal_version_60a47a5fd984377b63e4a326,1,knowledge_revision_event_8df4a854c908db33eff62758,INTERVAL_POSITIVE_CELL_OVERLAP;LATE_AVAILABLE_PRIMARY_EVIDENCE;REVISION_ROLE_FROM_FORWARD_ATTENTION_CELL,True,True,SONIC_FORECAST,FORWARD_ATTENTION_CELL,2023-12-18
2,doc_042ef22be43ba006975946e2_e0001;doc_042ef22be43ba006975946e2_e0002,1013280.0,cell_a7a9faa90556b5f0054f0fd0,1013270.0,doc_042ef22be43ba006975946e2,True,True,2023-09-23,1,,True,2023-09-23,True,bitemporal_version_b80fc9058f82768576705a0c,2,2023-09-23,2023-09-22,bitemporal_version_3b61ba040c33594ef18e9eca,1,knowledge_revision_event_9177a8cf2b831a3ad8fc81ec,INTERVAL_POSITIVE_CELL_OVERLAP;LATE_AVAILABLE_PRIMARY_EVIDENCE;POINT_MAPPED_TO_RIGHT_CLOSED_PREVIOUS_CELL;REVISION_ROLE_FROM_DAILY_REVIEW_CELL,True,True,SONIC_FORECAST,DAILY_REVIEW_CELL,2023-09-22
1,doc_d0afc25463d4776277ebb952_e0002,1014030.0,cell_8e31894debfd91db79f6b261,1014020.0,doc_d0afc25463d4776277ebb952,True,True,2023-11-18,1,,True,2023-11-18,True,bitemporal_version_13b129363dc48ac52c9e3fbc,2,2023-11-18,2023-11-17,bitemporal_version_e2417f00941455d87efc2cf9,1,knowledge_revision_event_93495e591157d31d6d8763e2,INTERVAL_POSITIVE_CELL_OVERLAP;LATE_AVAILABLE_PRIMARY_EVIDENCE;REVISION_ROLE_FROM_DAILY_REVIEW_CELL,True,True,SONIC_FORECAST,DAILY_REVIEW_CELL,2023-11-17
1,doc_cae21ab80a31f71dbe3e20e9_e0002,1014460.0,cell_a988b2656051f7e18ac637e4,1014450.0,doc_cae21ab80a31f71dbe3e20e9,True,True,2023-12-19,1,,True,2023-12-19,True,bitemporal_version_ea8f0838e5f0c5364da9b1bb,2,2023-12-19,2023-12-18,bitemporal_version_bf4d81b432532e9e60676187,1,knowledge_revision_event_9b619cf10aa6baecd93e5806,INTERVAL_POSITIVE_CELL_OVERLAP;LATE_AVAILABLE_PRIMARY_EVIDENCE;REVISION_ROLE_FROM_FORWARD_ATTENTION_CELL,True,True,SONIC_FORECAST,FORWARD_ATTENTION_CELL,2023-12-18
1,doc_a1ca08b3f141763f45863a07_e0002,1013940.0,cell_d56d02a74a190969f5953792,1013930.0,doc_a1ca08b3f141763f45863a07,True,True,2023-11-06,1,,True,2023-11-06,True,bitemporal_version_709e94487add93f4d07267e8,2,2023-11-06,2023-11-05,bitemporal_version_22b518eb73118fc6bf18d563,1,knowledge_revision_event_9eba9d2dce977cf51b674212,INTERVAL_POSITIVE_CELL_OVERLAP;LATE_AVAILABLE_PRIMARY_EVIDENCE;REVISION_ROLE_FROM_FORWARD_ATTENTION_CELL,True,True,SONIC_FORECAST,FORWARD_ATTENTION_CELL,2023-11-05
2,doc_d0afc25463d4776277ebb952_e0002;doc_d0afc25463d4776277ebb952_e0003,1014060.0,cell_74760c064abb487c9a1b536d,1014050.0,doc_d0afc25463d4776277ebb952,True,True,2023-11-18,1,,True,2023-11-18,True,bitemporal_version_623f48c8a2398ae7604e93b6,2,2023-11-18,2023-11-17,bitemporal_version_65d5f80eced5716713a4fdb8,1,knowledge_revision_event_a209ec4280d4a29d371a7f14,INTERVAL_POSITIVE_CELL_OVERLAP;LATE_AVAILABLE_PRIMARY_EVIDENCE;REVISION_ROLE_FROM_FORWARD_ATTENTION_CELL,True,True,SONIC_FORECAST,FORWARD_ATTENTION_CELL,2023-11-17
2,doc_6af39821d5a37fd21b28de70_e0003;doc_6af39821d5a37fd21b28de70_e0004,1013640.0,cell_3ae33164a8e71987590e3ceb,1013630.0,doc_6af39821d5a37fd21b28de70,True,True,2023-10-16,1,,True,2023-10-16,True,bitemporal_version_83e173d7d7269a0aba006902,2,2023-10-16,2023-10-15,bitemporal_version_cc6159beb80671357a443766,1,knowledge_revision_event_a213809faf72831302451622,INTERVAL_POSITIVE_CELL_OVERLAP;LATE_AVAILABLE_PRIMARY_EVIDENCE;REVISION_ROLE_FROM_FORWARD_ATTENTION_CELL,True,True,SONIC_FORECAST,FORWARD_ATTENTION_CELL,2023-10-15
2,doc_62bf6495f3a27bc084947384_e0001;doc_62bf6495f3a27bc084947384_e0002,1014110.0,cell_ff5e7be1c6332ee68423a3aa,1014100.0,doc_62bf6495f3a27bc084947384,True,True,2023-11-22,1,,True,2023-11-22,True,bitemporal_version_31e892d8d8cff9b59e635067,2,2023-11-22,2023-11-21,bitemporal_version_3963ca3292cdcdafe2bdf817,1,knowledge_revision_event_a75716642c51519105053812,INTERVAL_POSITIVE_CELL_OVERLAP;LATE_AVAILABLE_PRIMARY_EVIDENCE;POINT_MAPPED_TO_RIGHT_CLOSED_PREVIOUS_CELL;REVISION_ROLE_FROM_DAILY_REVIEW_CELL,True,True,SONIC_FORECAST,DAILY_REVIEW_CELL,2023-11-21
1,doc_28d57b5baaf883772b83b6e8_e0002,1013870.0,cell_b1b5dac189844b4209fccbad,1013860.0,doc_28d57b5baaf883772b83b6e8,True,True,2023-10-27,1,,True,2023-10-27,True,bitemporal_version_747dfb2f476dc6c6d7df6d9e,2,2023-10-27,2023-10-26,bitemporal_version_6b7ba1b220405f4d6c9d717f,1,knowledge_revision_event_ab8c5ab2ce32cb5ca7b2c0d5,INTERVAL_POSITIVE_CELL_OVERLAP;LATE_AVAILABLE_PRIMARY_EVIDENCE;REVISION_ROLE_FROM_FORWARD_ATTENTION_CELL,True,True,SONIC_FORECAST,FORWARD_ATTENTION_CELL,2023-10-26
2,doc_28d57b5baaf883772b83b6e8_e0001;doc_28d57b5baaf883772b83b6e8_e0002,1013850.0,cell_6ab76a141b599fbf0d333f38,1013840.0,doc_28d57b5baaf883772b83b6e8,True,True,2023-10-27,1,,True,2023-10-27,True,bitemporal_version_ee320b9d61051152f32198dc,2,2023-10-27,2023-10-26,bitemporal_version_a34d1692e8ce5fb5dedc018a,1,knowledge_revision_event_b48bfbd73622cc8872803388,INTERVAL_POSITIVE_CELL_OVERLAP;LATE_AVAILABLE_PRIMARY_EVIDENCE;POINT_MAPPED_TO_RIGHT_CLOSED_PREVIOUS_CELL;REVISION_ROLE_FROM_DAILY_REVIEW_CELL,True,True,SONIC_FORECAST,DAILY_REVIEW_CELL,2023-10-26
1,doc_b84482f2cbc3d64012d7baad_e0003,1014370.0,cell_18dcb188dff729ae040f264a,1014360.0,doc_b84482f2cbc3d64012d7baad,True,True,2023-12-09,1,,True,2023-12-09,True,bitemporal_version_696d50b35804a4000a49c205,2,2023-12-09,2023-12-08,bitemporal_version_88f26fd6bccb8ef5d7aa579c,1,knowledge_revision_event_c434fe7345666538805c2593,INTERVAL_POSITIVE_CELL_OVERLAP;LATE_AVAILABLE_PRIMARY_EVIDENCE;REVISION_ROLE_FROM_FORWARD_ATTENTION_CELL,True,True,SONIC_FORECAST,FORWARD_ATTENTION_CELL,2023-12-08
1,doc_28d57b5baaf883772b83b6e8_e0002,1013860.0,cell_0e03d8262312cadde60398fe,1013850.0,doc_28d57b5baaf883772b83b6e8,True,True,2023-10-27,1,,True,2023-10-27,True,bitemporal_version_c19f2563a180297090a3bab9,2,2023-10-27,2023-10-26,bitemporal_version_c6b6f20245abc677a7530f13,1,knowledge_revision_event_c8ac64f9a17310524fac8aa2,INTERVAL_POSITIVE_CELL_OVERLAP;LATE_AVAILABLE_PRIMARY_EVIDENCE;REVISION_ROLE_FROM_FORWARD_ATTENTION_CELL,True,True,SONIC_FORECAST,FORWARD_ATTENTION_CELL,2023-10-26
2,doc_99cb24b0b45c767bece0fac1_e0002;doc_99cb24b0b45c767bece0fac1_e0003,1014450.0,cell_45e09953a5ddef4462c0a147,1014440.0,doc_99cb24b0b45c767bece0fac1,True,True,2023-12-17,1,,True,2023-12-17,True,bitemporal_version_cc4b6d222a68b847e6f5d1f8,2,2023-12-17,2023-12-16,bitemporal_version_254cbf8959eb088abd0e81a8,1,knowledge_revision_event_cd244d1e0ff87b6d3c2d9d94,INTERVAL_POSITIVE_CELL_OVERLAP;LATE_AVAILABLE_PRIMARY_EVIDENCE;REVISION_ROLE_FROM_FORWARD_ATTENTION_CELL,True,True,SONIC_FORECAST,FORWARD_ATTENTION_CELL,2023-12-16
2,doc_a1ca08b3f141763f45863a07_e0001;doc_a1ca08b3f141763f45863a07_e0002,1013930.0,cell_146050071152b2bd18f8a541,1013920.0,doc_a1ca08b3f141763f45863a07,True,True,2023-11-06,1,,True,2023-11-06,True,bitemporal_version_156d5b272e3e7b11ac2ded03,2,2023-11-06,2023-11-05,bitemporal_version_814ecfe74f72db3e0a3ce19d,1,knowledge_revision_event_cf61ccb51e3d5a3955e852c6,INTERVAL_POSITIVE_CELL_OVERLAP;LATE_AVAILABLE_PRIMARY_EVIDENCE;POINT_MAPPED_TO_RIGHT_CLOSED_PREVIOUS_CELL;REVISION_ROLE_FROM_DAILY_REVIEW_CELL,True,True,SONIC_FORECAST,DAILY_REVIEW_CELL,2023-11-05
2,doc_b84482f2cbc3d64012d7baad_e0002;doc_b84482f2cbc3d64012d7baad_e0003,1014360.0,cell_63f0b623e1aa623002144e00,1014350.0,doc_b84482f2cbc3d64012d7baad,True,True,2023-12-09,1,,True,2023-12-09,True,bitemporal_version_faa82061f2030389aab5bbbf,2,2023-12-09,2023-12-08,bitemporal_version_86bdec877d55704710cb4c77,1,knowledge_revision_event_d5a58fce1fd2fa3572d5a4bf,INTERVAL_POSITIVE_CELL_OVERLAP;LATE_AVAILABLE_PRIMARY_EVIDENCE;REVISION_ROLE_FROM_FORWARD_ATTENTION_CELL,True,True,SONIC_FORECAST,FORWARD_ATTENTION_CELL,2023-12-08
1,doc_cae21ab80a31f71dbe3e20e9_e0002,1014470.0,cell_64ff35e15826ff3f4f73e53f,1014460.0,doc_cae21ab80a31f71dbe3e20e9,True,True,2023-12-19,1,,True,2023-12-19,True,bitemporal_version_304e54396fecdd90a362eb34,2,2023-12-19,2023-12-18,bitemporal_version_26a031713c7d96da26407e9e,1,knowledge_revision_event_d64c630cadcbf1339f8e2e98,INTERVAL_POSITIVE_CELL_OVERLAP;LATE_AVAILABLE_PRIMARY_EVIDENCE;REVISION_ROLE_FROM_FORWARD_ATTENTION_CELL,True,True,SONIC_FORECAST,FORWARD_ATTENTION_CELL,2023-12-18
1,doc_6af39821d5a37fd21b28de70_e0004,1013650.0,cell_9918a6975e555bb8745426a6,1013640.0,doc_6af39821d5a37fd21b28de70,True,True,2023-10-16,1,,True,2023-10-16,True,bitemporal_version_0f6502232b742a24e40ee83c,2,2023-10-16,2023-10-15,bitemporal_version_7277dbd2952a28f85f72cdb4,1,knowledge_revision_event_dc7298af9606dbdb8a6e8e35,INTERVAL_POSITIVE_CELL_OVERLAP;LATE_AVAILABLE_PRIMARY_EVIDENCE;REVISION_ROLE_FROM_FORWARD_ATTENTION_CELL,True,True,SONIC_FORECAST,FORWARD_ATTENTION_CELL,2023-10-15
1,doc_b84482f2cbc3d64012d7baad_e0002,1014350.0,cell_e74dbbf425d6747d204d3810,1014340.0,doc_b84482f2cbc3d64012d7baad,True,True,2023-12-09,1,,True,2023-12-09,True,bitemporal_version_bab0318db8d11e4b48509d4b,2,2023-12-09,2023-12-08,bitemporal_version_81f9b518f4a3852c85ce55ec,1,knowledge_revision_event_dcf95b1c5e9e21c61fcf0c38,INTERVAL_POSITIVE_CELL_OVERLAP;LATE_AVAILABLE_PRIMARY_EVIDENCE;REVISION_ROLE_FROM_FORWARD_ATTENTION_CELL,True,True,SONIC_FORECAST,FORWARD_ATTENTION_CELL,2023-12-08
2,doc_1bccaf9b3397c0d25601b19d_e0001;doc_1bccaf9b3397c0d25601b19d_e0002,1014200.0,cell_b78c8fe752bb215ebc415f65,1014190.0,doc_1bccaf9b3397c0d25601b19d,True,True,2023-11-29,1,,True,2023-11-29,True,bitemporal_version_86ec5723a3ac346f6be1dbcd,2,2023-11-29,2023-11-28,bitemporal_version_47ddf12ea2da285b2ec44ebf,1,knowledge_revision_event_e162850c22f21f36d8078cd9,INTERVAL_POSITIVE_CELL_OVERLAP;LATE_AVAILABLE_PRIMARY_EVIDENCE;POINT_MAPPED_TO_RIGHT_CLOSED_PREVIOUS_CELL;REVISION_ROLE_FROM_DAILY_REVIEW_CELL,True,True,SONIC_FORECAST,DAILY_REVIEW_CELL,2023-11-28
2,doc_09e89a967279537d5c9bb8d7_e0002;doc_09e89a967279537d5c9bb8d7_e0003,1013790.0,cell_fccd76a8459740ecc3617390,1013780.0,doc_09e89a967279537d5c9bb8d7,True,True,2023-10-22,1,,True,2023-10-22,True,bitemporal_version_ed8e9afbb74447bb21861af6,2,2023-10-22,2023-10-21,bitemporal_version_d7707807b70f7d97e9c192ab,1,knowledge_revision_event_e9509fe604d0b341f89d4f9a,INTERVAL_POSITIVE_CELL_OVERLAP;LATE_AVAILABLE_PRIMARY_EVIDENCE;REVISION_ROLE_FROM_FORWARD_ATTENTION_CELL,True,True,SONIC_FORECAST,FORWARD_ATTENTION_CELL,2023-10-21
2,doc_a1ca08b3f141763f45863a07_e0002;doc_a1ca08b3f141763f45863a07_e0003,1013950.0,cell_585026313bab68f0a4a0e814,1013940.0,doc_a1ca08b3f141763f45863a07,True,True,2023-11-06,1,,True,2023-11-06,True,bitemporal_version_a82d2acb196d3ba66fc13c24,2,2023-11-06,2023-11-05,bitemporal_version_c75809d776abad9a14df9cfc,1,knowledge_revision_event_ecb0e61c665935ee1db3a67f,INTERVAL_POSITIVE_CELL_OVERLAP;LATE_AVAILABLE_PRIMARY_EVIDENCE;REVISION_ROLE_FROM_FORWARD_ATTENTION_CELL,True,True,SONIC_FORECAST,FORWARD_ATTENTION_CELL,2023-11-05
1,doc_a1ca08b3f141763f45863a07_e0003,1013960.0,cell_e5477cc9d090c69443f67a6a,1013950.0,doc_a1ca08b3f141763f45863a07,True,True,2023-11-06,1,,True,2023-11-06,True,bitemporal_version_aee0af902efa970989ea9f9f,2,2023-11-06,2023-11-05,bitemporal_version_aa0d109a7d96990f27ccd3eb,1,knowledge_revision_event_f103208f98285276742a59f9,INTERVAL_POSITIVE_CELL_OVERLAP;LATE_AVAILABLE_PRIMARY_EVIDENCE;REVISION_ROLE_FROM_FORWARD_ATTENTION_CELL,True,True,SONIC_FORECAST,FORWARD_ATTENTION_CELL,2023-11-05
1,doc_c19c0e4b52882f445108f4a0_e0002,1014280.0,cell_e05c5d458652315d2804569f,1014270.0,doc_c19c0e4b52882f445108f4a0,True,True,2023-12-03,1,,True,2023-12-03,True,bitemporal_version_756f32585cdad159d2242070,2,2023-12-03,2023-12-02,bitemporal_version_f8cd633f7f9c36e1900da6e8,1,knowledge_revision_event_f37d375dd9928ce56707b7fd,INTERVAL_POSITIVE_CELL_OVERLAP;LATE_AVAILABLE_PRIMARY_EVIDENCE;REVISION_ROLE_FROM_FORWARD_ATTENTION_CELL,True,True,SONIC_FORECAST,FORWARD_ATTENTION_CELL,2023-12-02
1,doc_d0afc25463d4776277ebb952_e0002,1014050.0,cell_eb2c3c433c9ba2151c8c98b3,1014040.0,doc_d0afc25463d4776277ebb952,True,True,2023-11-18,1,,True,2023-11-18,True,bitemporal_version_02d28ec2df7c79a3dd141295,2,2023-11-18,2023-11-17,bitemporal_version_f7338f8e24ed5801bac6b24d,1,knowledge_revision_event_fe7c93b1bf6755b114a63aaa,INTERVAL_POSITIVE_CELL_OVERLAP;LATE_AVAILABLE_PRIMARY_EVIDENCE;REVISION_ROLE_FROM_FORWARD_ATTENTION_CELL,True,True,SONIC_FORECAST,FORWARD_ATTENTION_CELL,2023-11-17
