available_local_date,cell_id,change_type,document_id,epistemic_status,evidence_id,knowledge_delay_days,present_in_post,present_in_pre,provenance_resolved,revision_event_id,role_in_post_state,source_type,spatial_scope,valid_date
2023-11-29,cell_bf64fbf6243db5ccc68f8d6e,NEW_LATER_EVIDENCE,doc_1bccaf9b3397c0d25601b19d,FORECAST,doc_1bccaf9b3397c0d25601b19d_e0002,1,True,False,True,knowledge_revision_event_0107dcf53392c843140a9758,FORWARD_ATTENTION,SONIC_FORECAST,"{""basis"":""hsp_forecast_table_row"",""end_chainage"":1014231.0,""kind"":""INTERVAL"",""raw_expression"":""DyK1014+199 ~ DyK1014+231"",""start_chainage"":1014199.0}",2023-11-28
2023-12-03,cell_cbe6f12faedc4a536f287879,NEW_LATER_EVIDENCE,doc_c19c0e4b52882f445108f4a0,FORECAST,doc_c19c0e4b52882f445108f4a0_e0002,1,True,False,True,knowledge_revision_event_013f0fb538ad5132504542d9,FORWARD_ATTENTION,SONIC_FORECAST,"{""basis"":""hsp_forecast_table_row"",""end_chainage"":1014317.0,""kind"":""INTERVAL"",""raw_expression"":""DyK1014+266 ~ DyK1014+317"",""start_chainage"":1014266.0}",2023-12-02
2023-10-22,cell_96b4757cd7a8528a4fb821e7,NEW_LATER_EVIDENCE,doc_09e89a967279537d5c9bb8d7,FORECAST,doc_09e89a967279537d5c9bb8d7_e0002,1,True,False,True,knowledge_revision_event_04aff7f160ec89f31aee0af8,FORWARD_ATTENTION,SONIC_FORECAST,"{""basis"":""hsp_forecast_table_row"",""end_chainage"":1013786.0,""kind"":""INTERVAL"",""raw_expression"":""DyK1013+764 ~ DyK1013+786"",""start_chainage"":1013764.0}",2023-10-21
2023-11-18,cell_8d1c49d3e1718f64fcb81f76,NEW_LATER_EVIDENCE,doc_d0afc25463d4776277ebb952,OBSERVED,doc_d0afc25463d4776277ebb952_e0001,1,True,False,True,knowledge_revision_event_0b36f4b2852ca06c71cd6ab4,DAILY_REVIEW,SONIC_FORECAST,"{""basis"":""hsp_face_chainage_cell"",""end_chainage"":1014019.0,""kind"":""POINT"",""raw_expression"":""1014019.0"",""start_chainage"":1014019.0}",2023-11-17
2023-11-18,cell_8d1c49d3e1718f64fcb81f76,NEW_LATER_EVIDENCE,doc_d0afc25463d4776277ebb952,FORECAST,doc_d0afc25463d4776277ebb952_e0002,1,True,False,True,knowledge_revision_event_0b36f4b2852ca06c71cd6ab4,DAILY_REVIEW,SONIC_FORECAST,"{""basis"":""hsp_forecast_table_row"",""end_chainage"":1014056.0,""kind"":""INTERVAL"",""raw_expression"":""DyK1014+019 ~ DyK1014+056"",""start_chainage"":1014019.0}",2023-11-17
2023-11-29,cell_af293191decaff8df7b1d72b,NEW_LATER_EVIDENCE,doc_1bccaf9b3397c0d25601b19d,FORECAST,doc_1bccaf9b3397c0d25601b19d_e0002,1,True,False,True,knowledge_revision_event_0c39df0e0cf206f7801f0246,DAILY_REVIEW,SONIC_FORECAST,"{""basis"":""hsp_forecast_table_row"",""end_chainage"":1014231.0,""kind"":""INTERVAL"",""raw_expression"":""DyK1014+199 ~ DyK1014+231"",""start_chainage"":1014199.0}",2023-11-28
2023-09-23,cell_5f623d6b57b59266e65e7d26,NEW_LATER_EVIDENCE,doc_042ef22be43ba006975946e2,FORECAST,doc_042ef22be43ba006975946e2_e0002,1,True,False,True,knowledge_revision_event_10b94899e6ad3a8c8966a801,FORWARD_ATTENTION,SONIC_FORECAST,"{""basis"":""hsp_forecast_table_row"",""end_chainage"":1013320.0,""kind"":""INTERVAL"",""raw_expression"":""DyK1013+273 ~ DyK1013+320"",""start_chainage"":1013273.0}",2023-09-22
2023-10-19,cell_2dfc9a7f03542dcf190b7553,NEW_LATER_EVIDENCE,doc_ce88b5055d612f9f8fb8012e,OBSERVED,doc_ce88b5055d612f9f8fb8012e_e0001,1,True,False,True,knowledge_revision_event_1e3138441b9da0b559b5cb0b,DAILY_REVIEW,SONIC_FORECAST,"{""basis"":""hsp_face_chainage_cell"",""end_chainage"":1013674.0,""kind"":""POINT"",""raw_expression"":""1013674.0"",""start_chainage"":1013674.0}",2023-10-18
2023-10-19,cell_2dfc9a7f03542dcf190b7553,NEW_LATER_EVIDENCE,doc_ce88b5055d612f9f8fb8012e,FORECAST,doc_ce88b5055d612f9f8fb8012e_e0002,1,True,False,True,knowledge_revision_event_1e3138441b9da0b559b5cb0b,DAILY_REVIEW,SONIC_FORECAST,"{""basis"":""hsp_forecast_table_row"",""end_chainage"":1013736.0,""kind"":""INTERVAL"",""raw_expression"":""DyK1013+674 ~ DyK1013+736"",""start_chainage"":1013674.0}",2023-10-18
2023-11-18,cell_007ae6b7a81e2b90469a65fa,NEW_LATER_EVIDENCE,doc_d0afc25463d4776277ebb952,FORECAST,doc_d0afc25463d4776277ebb952_e0002,1,True,False,True,knowledge_revision_event_1f85ee0e219e765f42c15f5d,FORWARD_ATTENTION,SONIC_FORECAST,"{""basis"":""hsp_forecast_table_row"",""end_chainage"":1014056.0,""kind"":""INTERVAL"",""raw_expression"":""DyK1014+019 ~ DyK1014+056"",""start_chainage"":1014019.0}",2023-11-17
2023-10-12,cell_ca66aa453029b41218d86f55,NEW_LATER_EVIDENCE,doc_c03e80c9fabf17e0b238ec9a,FORECAST,doc_c03e80c9fabf17e0b238ec9a_e0003,1,True,False,True,knowledge_revision_event_22980bb6701cde99a2d8a6b7,FORWARD_ATTENTION,SONIC_FORECAST,"{""basis"":""hsp_forecast_table_row"",""end_chainage"":1013555.0,""kind"":""INTERVAL"",""raw_expression"":""DyK1013+540 ~ DyK1013+555"",""start_chainage"":1013540.0}",2023-10-11
2023-11-22,cell_4d176d99ebe3ce580aa54210,NEW_LATER_EVIDENCE,doc_62bf6495f3a27bc084947384,FORECAST,doc_62bf6495f3a27bc084947384_e0002,1,True,False,True,knowledge_revision_event_2e009d1ddc1dae12616ebb29,FORWARD_ATTENTION,SONIC_FORECAST,"{""basis"":""hsp_forecast_table_row"",""end_chainage"":1014122.0,""kind"":""INTERVAL"",""raw_expression"":""DyK1014+109 ~ DyK1014+122"",""start_chainage"":1014109.0}",2023-11-21
2023-11-22,cell_4d176d99ebe3ce580aa54210,NEW_LATER_EVIDENCE,doc_62bf6495f3a27bc084947384,FORECAST,doc_62bf6495f3a27bc084947384_e0003,1,True,False,True,knowledge_revision_event_2e009d1ddc1dae12616ebb29,FORWARD_ATTENTION,SONIC_FORECAST,"{""basis"":""hsp_forecast_table_row"",""end_chainage"":1014143.0,""kind"":""INTERVAL"",""raw_expression"":""DyK1014+122 ~ DyK1014+143"",""start_chainage"":1014122.0}",2023-11-21
2023-10-22,cell_c8a195ce5490d52eac969260,NEW_LATER_EVIDENCE,doc_09e89a967279537d5c9bb8d7,FORECAST,doc_09e89a967279537d5c9bb8d7_e0002,1,True,False,True,knowledge_revision_event_2fe1aa0e49d23ef090f4875c,FORWARD_ATTENTION,SONIC_FORECAST,"{""basis"":""hsp_forecast_table_row"",""end_chainage"":1013786.0,""kind"":""INTERVAL"",""raw_expression"":""DyK1013+764 ~ DyK1013+786"",""start_chainage"":1013764.0}",2023-10-21
2023-09-23,cell_8f3c162903e22fbfe2cbba42,NEW_LATER_EVIDENCE,doc_042ef22be43ba006975946e2,FORECAST,doc_042ef22be43ba006975946e2_e0002,1,True,False,True,knowledge_revision_event_341f4cc452843c3a3d91b6e8,FORWARD_ATTENTION,SONIC_FORECAST,"{""basis"":""hsp_forecast_table_row"",""end_chainage"":1013320.0,""kind"":""INTERVAL"",""raw_expression"":""DyK1013+273 ~ DyK1013+320"",""start_chainage"":1013273.0}",2023-09-22
2023-10-27,cell_d8fa56c73ebc8ef37293fd07,NEW_LATER_EVIDENCE,doc_28d57b5baaf883772b83b6e8,FORECAST,doc_28d57b5baaf883772b83b6e8_e0002,1,True,False,True,knowledge_revision_event_34a69e25f833b556ef8a0455,FORWARD_ATTENTION,SONIC_FORECAST,"{""basis"":""hsp_forecast_table_row"",""end_chainage"":1013886.0,""kind"":""INTERVAL"",""raw_expression"":""DyK1013+845 ~ DyK1013+886"",""start_chainage"":1013845.0}",2023-10-26
2023-10-12,cell_23ac4564b0a3ce322fdb2bc1,NEW_LATER_EVIDENCE,doc_c03e80c9fabf17e0b238ec9a,FORECAST,doc_c03e80c9fabf17e0b238ec9a_e0002,1,True,False,True,knowledge_revision_event_370bd8ab039e5e5223290f6d,FORWARD_ATTENTION,SONIC_FORECAST,"{""basis"":""hsp_forecast_table_row"",""end_chainage"":1013540.0,""kind"":""INTERVAL"",""raw_expression"":""DyK1013+525 ~ DyK1013+540"",""start_chainage"":1013525.0}",2023-10-11
2023-10-19,cell_feb25603908516ff7807e05b,NEW_LATER_EVIDENCE,doc_ce88b5055d612f9f8fb8012e,FORECAST,doc_ce88b5055d612f9f8fb8012e_e0002,1,True,False,True,knowledge_revision_event_3c3f2d803b6c2e78e3df85a7,FORWARD_ATTENTION,SONIC_FORECAST,"{""basis"":""hsp_forecast_table_row"",""end_chainage"":1013736.0,""kind"":""INTERVAL"",""raw_expression"":""DyK1013+674 ~ DyK1013+736"",""start_chainage"":1013674.0}",2023-10-18
2023-11-22,cell_aa9a31d2a4df8d15e2b4d46f,NEW_LATER_EVIDENCE,doc_62bf6495f3a27bc084947384,FORECAST,doc_62bf6495f3a27bc084947384_e0002,1,True,False,True,knowledge_revision_event_47ac62e642b422715513a9f1,FORWARD_ATTENTION,SONIC_FORECAST,"{""basis"":""hsp_forecast_table_row"",""end_chainage"":1014122.0,""kind"":""INTERVAL"",""raw_expression"":""DyK1014+109 ~ DyK1014+122"",""start_chainage"":1014109.0}",2023-11-21
2023-10-16,cell_d0aaf3ebeddde7e26d32be3b,NEW_LATER_EVIDENCE,doc_6af39821d5a37fd21b28de70,FORECAST,doc_6af39821d5a37fd21b28de70_e0002,1,True,False,True,knowledge_revision_event_4c6a44899b2ad911a1d7ca78,DAILY_REVIEW,SONIC_FORECAST,"{""basis"":""hsp_forecast_table_row"",""end_chainage"":1013628.0,""kind"":""INTERVAL"",""raw_expression"":""DyK1013+601.6 ~ DyK1013+628"",""start_chainage"":1013601.6}",2023-10-15
2023-11-22,cell_ba71aad8523a714a32b0c788,NEW_LATER_EVIDENCE,doc_62bf6495f3a27bc084947384,FORECAST,doc_62bf6495f3a27bc084947384_e0003,1,True,False,True,knowledge_revision_event_4cc75b2b34159aa1ce19f6c2,FORWARD_ATTENTION,SONIC_FORECAST,"{""basis"":""hsp_forecast_table_row"",""end_chainage"":1014143.0,""kind"":""INTERVAL"",""raw_expression"":""DyK1014+122 ~ DyK1014+143"",""start_chainage"":1014122.0}",2023-11-21
2023-10-12,cell_0c7c18a1ffef6d9e83e69815,NEW_LATER_EVIDENCE,doc_c03e80c9fabf17e0b238ec9a,FORECAST,doc_c03e80c9fabf17e0b238ec9a_e0002,1,True,False,True,knowledge_revision_event_527f4b015126e688f15b718a,FORWARD_ATTENTION,SONIC_FORECAST,"{""basis"":""hsp_forecast_table_row"",""end_chainage"":1013540.0,""kind"":""INTERVAL"",""raw_expression"":""DyK1013+525 ~ DyK1013+540"",""start_chainage"":1013525.0}",2023-10-11
2023-12-17,cell_64ff35e15826ff3f4f73e53f,NEW_LATER_EVIDENCE,doc_99cb24b0b45c767bece0fac1,FORECAST,doc_99cb24b0b45c767bece0fac1_e0003,1,True,False,True,knowledge_revision_event_539a7e6bc65efb253a177cdf,FORWARD_ATTENTION,SONIC_FORECAST,"{""basis"":""hsp_forecast_table_row"",""end_chainage"":1014476.0,""kind"":""INTERVAL"",""raw_expression"":""DyK1014+445 ~ DyK1014+476"",""start_chainage"":1014445.0}",2023-12-16
2023-12-17,cell_a988b2656051f7e18ac637e4,NEW_LATER_EVIDENCE,doc_99cb24b0b45c767bece0fac1,FORECAST,doc_99cb24b0b45c767bece0fac1_e0003,1,True,False,True,knowledge_revision_event_5d8c97e8e8151b58246faca1,FORWARD_ATTENTION,SONIC_FORECAST,"{""basis"":""hsp_forecast_table_row"",""end_chainage"":1014476.0,""kind"":""INTERVAL"",""raw_expression"":""DyK1014+445 ~ DyK1014+476"",""start_chainage"":1014445.0}",2023-12-16
2023-10-19,cell_e610b4ce3922994ac4da48cb,NEW_LATER_EVIDENCE,doc_ce88b5055d612f9f8fb8012e,FORECAST,doc_ce88b5055d612f9f8fb8012e_e0002,1,True,False,True,knowledge_revision_event_61b6b8545015e0bb65a5970d,FORWARD_ATTENTION,SONIC_FORECAST,"{""basis"":""hsp_forecast_table_row"",""end_chainage"":1013736.0,""kind"":""INTERVAL"",""raw_expression"":""DyK1013+674 ~ DyK1013+736"",""start_chainage"":1013674.0}",2023-10-18
2023-10-16,cell_63d1e25f2b61b93ebb0d39c0,NEW_LATER_EVIDENCE,doc_6af39821d5a37fd21b28de70,OBSERVED,doc_6af39821d5a37fd21b28de70_e0001,1,True,False,True,knowledge_revision_event_6ab0ab029667d4ef325fbcf3,DAILY_REVIEW,SONIC_FORECAST,"{""basis"":""hsp_face_chainage_cell"",""end_chainage"":1013601.6,""kind"":""POINT"",""raw_expression"":""1013601.6"",""start_chainage"":1013601.6}",2023-10-15
2023-10-16,cell_63d1e25f2b61b93ebb0d39c0,NEW_LATER_EVIDENCE,doc_6af39821d5a37fd21b28de70,FORECAST,doc_6af39821d5a37fd21b28de70_e0002,1,True,False,True,knowledge_revision_event_6ab0ab029667d4ef325fbcf3,DAILY_REVIEW,SONIC_FORECAST,"{""basis"":""hsp_forecast_table_row"",""end_chainage"":1013628.0,""kind"":""INTERVAL"",""raw_expression"":""DyK1013+601.6 ~ DyK1013+628"",""start_chainage"":1013601.6}",2023-10-15
2023-11-29,cell_7f60fb415d2265a3f3a9e060,NEW_LATER_EVIDENCE,doc_1bccaf9b3397c0d25601b19d,FORECAST,doc_1bccaf9b3397c0d25601b19d_e0002,1,True,False,True,knowledge_revision_event_6b0d8288fd43937664e27e4e,FORWARD_ATTENTION,SONIC_FORECAST,"{""basis"":""hsp_forecast_table_row"",""end_chainage"":1014231.0,""kind"":""INTERVAL"",""raw_expression"":""DyK1014+199 ~ DyK1014+231"",""start_chainage"":1014199.0}",2023-11-28
2023-11-29,cell_7f60fb415d2265a3f3a9e060,NEW_LATER_EVIDENCE,doc_1bccaf9b3397c0d25601b19d,FORECAST,doc_1bccaf9b3397c0d25601b19d_e0003,1,True,False,True,knowledge_revision_event_6b0d8288fd43937664e27e4e,FORWARD_ATTENTION,SONIC_FORECAST,"{""basis"":""hsp_forecast_table_row"",""end_chainage"":1014238.0,""kind"":""INTERVAL"",""raw_expression"":""DyK1014+231 ~ DyK1014+238"",""start_chainage"":1014231.0}",2023-11-28
2023-11-29,cell_7f60fb415d2265a3f3a9e060,NEW_LATER_EVIDENCE,doc_1bccaf9b3397c0d25601b19d,FORECAST,doc_1bccaf9b3397c0d25601b19d_e0004,1,True,False,True,knowledge_revision_event_6b0d8288fd43937664e27e4e,FORWARD_ATTENTION,SONIC_FORECAST,"{""basis"":""hsp_forecast_table_row"",""end_chainage"":1014262.0,""kind"":""INTERVAL"",""raw_expression"":""DyK1014+238 ~ DyK1014+262"",""start_chainage"":1014238.0}",2023-11-28
2023-10-19,cell_9014e249e35a590ee949d882,NEW_LATER_EVIDENCE,doc_ce88b5055d612f9f8fb8012e,FORECAST,doc_ce88b5055d612f9f8fb8012e_e0002,1,True,False,True,knowledge_revision_event_6daa76a55757c468be850f91,FORWARD_ATTENTION,SONIC_FORECAST,"{""basis"":""hsp_forecast_table_row"",""end_chainage"":1013736.0,""kind"":""INTERVAL"",""raw_expression"":""DyK1013+674 ~ DyK1013+736"",""start_chainage"":1013674.0}",2023-10-18
2023-10-16,cell_15d2c322bb0814f83525b455,NEW_LATER_EVIDENCE,doc_6af39821d5a37fd21b28de70,FORECAST,doc_6af39821d5a37fd21b28de70_e0002,1,True,False,True,knowledge_revision_event_781f6262fb9d8c7ce08b25cb,FORWARD_ATTENTION,SONIC_FORECAST,"{""basis"":""hsp_forecast_table_row"",""end_chainage"":1013628.0,""kind"":""INTERVAL"",""raw_expression"":""DyK1013+601.6 ~ DyK1013+628"",""start_chainage"":1013601.6}",2023-10-15
2023-10-16,cell_15d2c322bb0814f83525b455,NEW_LATER_EVIDENCE,doc_6af39821d5a37fd21b28de70,FORECAST,doc_6af39821d5a37fd21b28de70_e0003,1,True,False,True,knowledge_revision_event_781f6262fb9d8c7ce08b25cb,FORWARD_ATTENTION,SONIC_FORECAST,"{""basis"":""hsp_forecast_table_row"",""end_chainage"":1013636.0,""kind"":""INTERVAL"",""raw_expression"":""DyK1013+628 ~ DyK1013+636"",""start_chainage"":1013628.0}",2023-10-15
2023-11-29,cell_ee76ecb149a38cfe2eff82bf,NEW_LATER_EVIDENCE,doc_1bccaf9b3397c0d25601b19d,FORECAST,doc_1bccaf9b3397c0d25601b19d_e0002,1,True,False,True,knowledge_revision_event_7ebb8f0e26115e72d00e5a45,FORWARD_ATTENTION,SONIC_FORECAST,"{""basis"":""hsp_forecast_table_row"",""end_chainage"":1014231.0,""kind"":""INTERVAL"",""raw_expression"":""DyK1014+199 ~ DyK1014+231"",""start_chainage"":1014199.0}",2023-11-28
2023-12-17,cell_9cfca22fbc766370829a5d1b,NEW_LATER_EVIDENCE,doc_99cb24b0b45c767bece0fac1,OBSERVED,doc_99cb24b0b45c767bece0fac1_e0001,1,True,False,True,knowledge_revision_event_7fd3e562bf2fc09afce3cd04,DAILY_REVIEW,SONIC_FORECAST,"{""basis"":""hsp_face_chainage_cell"",""end_chainage"":1014431.0,""kind"":""POINT"",""raw_expression"":""1014431.0"",""start_chainage"":1014431.0}",2023-12-16
2023-12-17,cell_9cfca22fbc766370829a5d1b,NEW_LATER_EVIDENCE,doc_99cb24b0b45c767bece0fac1,FORECAST,doc_99cb24b0b45c767bece0fac1_e0002,1,True,False,True,knowledge_revision_event_7fd3e562bf2fc09afce3cd04,DAILY_REVIEW,SONIC_FORECAST,"{""basis"":""hsp_forecast_table_row"",""end_chainage"":1014445.0,""kind"":""INTERVAL"",""raw_expression"":""DyK1014+431 ~ DyK1014+445"",""start_chainage"":1014431.0}",2023-12-16
2023-09-23,cell_59d7ded1be93617fff859fd7,NEW_LATER_EVIDENCE,doc_042ef22be43ba006975946e2,FORECAST,doc_042ef22be43ba006975946e2_e0002,1,True,False,True,knowledge_revision_event_8aeca0de8248562abb07a638,FORWARD_ATTENTION,SONIC_FORECAST,"{""basis"":""hsp_forecast_table_row"",""end_chainage"":1013320.0,""kind"":""INTERVAL"",""raw_expression"":""DyK1013+273 ~ DyK1013+320"",""start_chainage"":1013273.0}",2023-09-22
2023-12-19,cell_8daeb32ef201b43aa2396d30,NEW_LATER_EVIDENCE,doc_cae21ab80a31f71dbe3e20e9,FORECAST,doc_cae21ab80a31f71dbe3e20e9_e0002,1,True,False,True,knowledge_revision_event_8df4a854c908db33eff62758,FORWARD_ATTENTION,SONIC_FORECAST,"{""basis"":""hsp_forecast_table_row"",""end_chainage"":1014512.0,""kind"":""INTERVAL"",""raw_expression"":""DyK1014+455 ~ DyK1014+512"",""start_chainage"":1014455.0}",2023-12-18
2023-09-23,cell_a7a9faa90556b5f0054f0fd0,NEW_LATER_EVIDENCE,doc_042ef22be43ba006975946e2,OBSERVED,doc_042ef22be43ba006975946e2_e0001,1,True,False,True,knowledge_revision_event_9177a8cf2b831a3ad8fc81ec,DAILY_REVIEW,SONIC_FORECAST,"{""basis"":""hsp_face_chainage_cell"",""end_chainage"":1013273.0,""kind"":""POINT"",""raw_expression"":""1013273.0"",""start_chainage"":1013273.0}",2023-09-22
2023-09-23,cell_a7a9faa90556b5f0054f0fd0,NEW_LATER_EVIDENCE,doc_042ef22be43ba006975946e2,FORECAST,doc_042ef22be43ba006975946e2_e0002,1,True,False,True,knowledge_revision_event_9177a8cf2b831a3ad8fc81ec,DAILY_REVIEW,SONIC_FORECAST,"{""basis"":""hsp_forecast_table_row"",""end_chainage"":1013320.0,""kind"":""INTERVAL"",""raw_expression"":""DyK1013+273 ~ DyK1013+320"",""start_chainage"":1013273.0}",2023-09-22
2023-11-18,cell_8e31894debfd91db79f6b261,NEW_LATER_EVIDENCE,doc_d0afc25463d4776277ebb952,FORECAST,doc_d0afc25463d4776277ebb952_e0002,1,True,False,True,knowledge_revision_event_93495e591157d31d6d8763e2,DAILY_REVIEW,SONIC_FORECAST,"{""basis"":""hsp_forecast_table_row"",""end_chainage"":1014056.0,""kind"":""INTERVAL"",""raw_expression"":""DyK1014+019 ~ DyK1014+056"",""start_chainage"":1014019.0}",2023-11-17
2023-12-19,cell_a988b2656051f7e18ac637e4,NEW_LATER_EVIDENCE,doc_cae21ab80a31f71dbe3e20e9,FORECAST,doc_cae21ab80a31f71dbe3e20e9_e0002,1,True,False,True,knowledge_revision_event_9b619cf10aa6baecd93e5806,FORWARD_ATTENTION,SONIC_FORECAST,"{""basis"":""hsp_forecast_table_row"",""end_chainage"":1014512.0,""kind"":""INTERVAL"",""raw_expression"":""DyK1014+455 ~ DyK1014+512"",""start_chainage"":1014455.0}",2023-12-18
2023-11-06,cell_d56d02a74a190969f5953792,NEW_LATER_EVIDENCE,doc_a1ca08b3f141763f45863a07,FORECAST,doc_a1ca08b3f141763f45863a07_e0002,1,True,False,True,knowledge_revision_event_9eba9d2dce977cf51b674212,FORWARD_ATTENTION,SONIC_FORECAST,"{""basis"":""hsp_forecast_table_row"",""end_chainage"":1013943.0,""kind"":""INTERVAL"",""raw_expression"":""DyK1013+929 ~ DyK1013+943"",""start_chainage"":1013929.0}",2023-11-05
2023-11-18,cell_74760c064abb487c9a1b536d,NEW_LATER_EVIDENCE,doc_d0afc25463d4776277ebb952,FORECAST,doc_d0afc25463d4776277ebb952_e0002,1,True,False,True,knowledge_revision_event_a209ec4280d4a29d371a7f14,FORWARD_ATTENTION,SONIC_FORECAST,"{""basis"":""hsp_forecast_table_row"",""end_chainage"":1014056.0,""kind"":""INTERVAL"",""raw_expression"":""DyK1014+019 ~ DyK1014+056"",""start_chainage"":1014019.0}",2023-11-17
2023-11-18,cell_74760c064abb487c9a1b536d,NEW_LATER_EVIDENCE,doc_d0afc25463d4776277ebb952,FORECAST,doc_d0afc25463d4776277ebb952_e0003,1,True,False,True,knowledge_revision_event_a209ec4280d4a29d371a7f14,FORWARD_ATTENTION,SONIC_FORECAST,"{""basis"":""hsp_forecast_table_row"",""end_chainage"":1014065.0,""kind"":""INTERVAL"",""raw_expression"":""DyK1014+056 ~ DyK1014+065"",""start_chainage"":1014056.0}",2023-11-17
2023-10-16,cell_3ae33164a8e71987590e3ceb,NEW_LATER_EVIDENCE,doc_6af39821d5a37fd21b28de70,FORECAST,doc_6af39821d5a37fd21b28de70_e0003,1,True,False,True,knowledge_revision_event_a213809faf72831302451622,FORWARD_ATTENTION,SONIC_FORECAST,"{""basis"":""hsp_forecast_table_row"",""end_chainage"":1013636.0,""kind"":""INTERVAL"",""raw_expression"":""DyK1013+628 ~ DyK1013+636"",""start_chainage"":1013628.0}",2023-10-15
2023-10-16,cell_3ae33164a8e71987590e3ceb,NEW_LATER_EVIDENCE,doc_6af39821d5a37fd21b28de70,FORECAST,doc_6af39821d5a37fd21b28de70_e0004,1,True,False,True,knowledge_revision_event_a213809faf72831302451622,FORWARD_ATTENTION,SONIC_FORECAST,"{""basis"":""hsp_forecast_table_row"",""end_chainage"":1013660.0,""kind"":""INTERVAL"",""raw_expression"":""DyK1013+636 ~ DyK1013+660"",""start_chainage"":1013636.0}",2023-10-15
2023-11-22,cell_ff5e7be1c6332ee68423a3aa,NEW_LATER_EVIDENCE,doc_62bf6495f3a27bc084947384,OBSERVED,doc_62bf6495f3a27bc084947384_e0001,1,True,False,True,knowledge_revision_event_a75716642c51519105053812,DAILY_REVIEW,SONIC_FORECAST,"{""basis"":""hsp_face_chainage_cell"",""end_chainage"":1014109.0,""kind"":""POINT"",""raw_expression"":""1014109.0"",""start_chainage"":1014109.0}",2023-11-21
2023-11-22,cell_ff5e7be1c6332ee68423a3aa,NEW_LATER_EVIDENCE,doc_62bf6495f3a27bc084947384,FORECAST,doc_62bf6495f3a27bc084947384_e0002,1,True,False,True,knowledge_revision_event_a75716642c51519105053812,DAILY_REVIEW,SONIC_FORECAST,"{""basis"":""hsp_forecast_table_row"",""end_chainage"":1014122.0,""kind"":""INTERVAL"",""raw_expression"":""DyK1014+109 ~ DyK1014+122"",""start_chainage"":1014109.0}",2023-11-21
2023-10-27,cell_b1b5dac189844b4209fccbad,NEW_LATER_EVIDENCE,doc_28d57b5baaf883772b83b6e8,FORECAST,doc_28d57b5baaf883772b83b6e8_e0002,1,True,False,True,knowledge_revision_event_ab8c5ab2ce32cb5ca7b2c0d5,FORWARD_ATTENTION,SONIC_FORECAST,"{""basis"":""hsp_forecast_table_row"",""end_chainage"":1013886.0,""kind"":""INTERVAL"",""raw_expression"":""DyK1013+845 ~ DyK1013+886"",""start_chainage"":1013845.0}",2023-10-26
2023-10-27,cell_6ab76a141b599fbf0d333f38,NEW_LATER_EVIDENCE,doc_28d57b5baaf883772b83b6e8,OBSERVED,doc_28d57b5baaf883772b83b6e8_e0001,1,True,False,True,knowledge_revision_event_b48bfbd73622cc8872803388,DAILY_REVIEW,SONIC_FORECAST,"{""basis"":""hsp_face_chainage_cell"",""end_chainage"":1013845.0,""kind"":""POINT"",""raw_expression"":""1013845.0"",""start_chainage"":1013845.0}",2023-10-26
2023-10-27,cell_6ab76a141b599fbf0d333f38,NEW_LATER_EVIDENCE,doc_28d57b5baaf883772b83b6e8,FORECAST,doc_28d57b5baaf883772b83b6e8_e0002,1,True,False,True,knowledge_revision_event_b48bfbd73622cc8872803388,DAILY_REVIEW,SONIC_FORECAST,"{""basis"":""hsp_forecast_table_row"",""end_chainage"":1013886.0,""kind"":""INTERVAL"",""raw_expression"":""DyK1013+845 ~ DyK1013+886"",""start_chainage"":1013845.0}",2023-10-26
2023-12-09,cell_18dcb188dff729ae040f264a,NEW_LATER_EVIDENCE,doc_b84482f2cbc3d64012d7baad,FORECAST,doc_b84482f2cbc3d64012d7baad_e0003,1,True,False,True,knowledge_revision_event_c434fe7345666538805c2593,FORWARD_ATTENTION,SONIC_FORECAST,"{""basis"":""hsp_forecast_table_row"",""end_chainage"":1014380.0,""kind"":""INTERVAL"",""raw_expression"":""DyK1014+352 ~ DyK1014+380"",""start_chainage"":1014352.0}",2023-12-08
2023-10-27,cell_0e03d8262312cadde60398fe,NEW_LATER_EVIDENCE,doc_28d57b5baaf883772b83b6e8,FORECAST,doc_28d57b5baaf883772b83b6e8_e0002,1,True,False,True,knowledge_revision_event_c8ac64f9a17310524fac8aa2,FORWARD_ATTENTION,SONIC_FORECAST,"{""basis"":""hsp_forecast_table_row"",""end_chainage"":1013886.0,""kind"":""INTERVAL"",""raw_expression"":""DyK1013+845 ~ DyK1013+886"",""start_chainage"":1013845.0}",2023-10-26
2023-12-17,cell_45e09953a5ddef4462c0a147,NEW_LATER_EVIDENCE,doc_99cb24b0b45c767bece0fac1,FORECAST,doc_99cb24b0b45c767bece0fac1_e0002,1,True,False,True,knowledge_revision_event_cd244d1e0ff87b6d3c2d9d94,FORWARD_ATTENTION,SONIC_FORECAST,"{""basis"":""hsp_forecast_table_row"",""end_chainage"":1014445.0,""kind"":""INTERVAL"",""raw_expression"":""DyK1014+431 ~ DyK1014+445"",""start_chainage"":1014431.0}",2023-12-16
2023-12-17,cell_45e09953a5ddef4462c0a147,NEW_LATER_EVIDENCE,doc_99cb24b0b45c767bece0fac1,FORECAST,doc_99cb24b0b45c767bece0fac1_e0003,1,True,False,True,knowledge_revision_event_cd244d1e0ff87b6d3c2d9d94,FORWARD_ATTENTION,SONIC_FORECAST,"{""basis"":""hsp_forecast_table_row"",""end_chainage"":1014476.0,""kind"":""INTERVAL"",""raw_expression"":""DyK1014+445 ~ DyK1014+476"",""start_chainage"":1014445.0}",2023-12-16
2023-11-06,cell_146050071152b2bd18f8a541,NEW_LATER_EVIDENCE,doc_a1ca08b3f141763f45863a07,OBSERVED,doc_a1ca08b3f141763f45863a07_e0001,1,True,False,True,knowledge_revision_event_cf61ccb51e3d5a3955e852c6,DAILY_REVIEW,SONIC_FORECAST,"{""basis"":""hsp_face_chainage_cell"",""end_chainage"":1013929.0,""kind"":""POINT"",""raw_expression"":""1013929.0"",""start_chainage"":1013929.0}",2023-11-05
2023-11-06,cell_146050071152b2bd18f8a541,NEW_LATER_EVIDENCE,doc_a1ca08b3f141763f45863a07,FORECAST,doc_a1ca08b3f141763f45863a07_e0002,1,True,False,True,knowledge_revision_event_cf61ccb51e3d5a3955e852c6,DAILY_REVIEW,SONIC_FORECAST,"{""basis"":""hsp_forecast_table_row"",""end_chainage"":1013943.0,""kind"":""INTERVAL"",""raw_expression"":""DyK1013+929 ~ DyK1013+943"",""start_chainage"":1013929.0}",2023-11-05
2023-12-09,cell_63f0b623e1aa623002144e00,NEW_LATER_EVIDENCE,doc_b84482f2cbc3d64012d7baad,FORECAST,doc_b84482f2cbc3d64012d7baad_e0002,1,True,False,True,knowledge_revision_event_d5a58fce1fd2fa3572d5a4bf,FORWARD_ATTENTION,SONIC_FORECAST,"{""basis"":""hsp_forecast_table_row"",""end_chainage"":1014352.0,""kind"":""INTERVAL"",""raw_expression"":""DyK1014+341 ~ DyK1014+352"",""start_chainage"":1014341.0}",2023-12-08
2023-12-09,cell_63f0b623e1aa623002144e00,NEW_LATER_EVIDENCE,doc_b84482f2cbc3d64012d7baad,FORECAST,doc_b84482f2cbc3d64012d7baad_e0003,1,True,False,True,knowledge_revision_event_d5a58fce1fd2fa3572d5a4bf,FORWARD_ATTENTION,SONIC_FORECAST,"{""basis"":""hsp_forecast_table_row"",""end_chainage"":1014380.0,""kind"":""INTERVAL"",""raw_expression"":""DyK1014+352 ~ DyK1014+380"",""start_chainage"":1014352.0}",2023-12-08
2023-12-19,cell_64ff35e15826ff3f4f73e53f,NEW_LATER_EVIDENCE,doc_cae21ab80a31f71dbe3e20e9,FORECAST,doc_cae21ab80a31f71dbe3e20e9_e0002,1,True,False,True,knowledge_revision_event_d64c630cadcbf1339f8e2e98,FORWARD_ATTENTION,SONIC_FORECAST,"{""basis"":""hsp_forecast_table_row"",""end_chainage"":1014512.0,""kind"":""INTERVAL"",""raw_expression"":""DyK1014+455 ~ DyK1014+512"",""start_chainage"":1014455.0}",2023-12-18
2023-10-16,cell_9918a6975e555bb8745426a6,NEW_LATER_EVIDENCE,doc_6af39821d5a37fd21b28de70,FORECAST,doc_6af39821d5a37fd21b28de70_e0004,1,True,False,True,knowledge_revision_event_dc7298af9606dbdb8a6e8e35,FORWARD_ATTENTION,SONIC_FORECAST,"{""basis"":""hsp_forecast_table_row"",""end_chainage"":1013660.0,""kind"":""INTERVAL"",""raw_expression"":""DyK1013+636 ~ DyK1013+660"",""start_chainage"":1013636.0}",2023-10-15
2023-12-09,cell_e74dbbf425d6747d204d3810,NEW_LATER_EVIDENCE,doc_b84482f2cbc3d64012d7baad,FORECAST,doc_b84482f2cbc3d64012d7baad_e0002,1,True,False,True,knowledge_revision_event_dcf95b1c5e9e21c61fcf0c38,FORWARD_ATTENTION,SONIC_FORECAST,"{""basis"":""hsp_forecast_table_row"",""end_chainage"":1014352.0,""kind"":""INTERVAL"",""raw_expression"":""DyK1014+341 ~ DyK1014+352"",""start_chainage"":1014341.0}",2023-12-08
2023-11-29,cell_b78c8fe752bb215ebc415f65,NEW_LATER_EVIDENCE,doc_1bccaf9b3397c0d25601b19d,OBSERVED,doc_1bccaf9b3397c0d25601b19d_e0001,1,True,False,True,knowledge_revision_event_e162850c22f21f36d8078cd9,DAILY_REVIEW,SONIC_FORECAST,"{""basis"":""hsp_face_chainage_cell"",""end_chainage"":1014199.0,""kind"":""POINT"",""raw_expression"":""1014199.0"",""start_chainage"":1014199.0}",2023-11-28
2023-11-29,cell_b78c8fe752bb215ebc415f65,NEW_LATER_EVIDENCE,doc_1bccaf9b3397c0d25601b19d,FORECAST,doc_1bccaf9b3397c0d25601b19d_e0002,1,True,False,True,knowledge_revision_event_e162850c22f21f36d8078cd9,DAILY_REVIEW,SONIC_FORECAST,"{""basis"":""hsp_forecast_table_row"",""end_chainage"":1014231.0,""kind"":""INTERVAL"",""raw_expression"":""DyK1014+199 ~ DyK1014+231"",""start_chainage"":1014199.0}",2023-11-28
2023-10-22,cell_fccd76a8459740ecc3617390,NEW_LATER_EVIDENCE,doc_09e89a967279537d5c9bb8d7,FORECAST,doc_09e89a967279537d5c9bb8d7_e0002,1,True,False,True,knowledge_revision_event_e9509fe604d0b341f89d4f9a,FORWARD_ATTENTION,SONIC_FORECAST,"{""basis"":""hsp_forecast_table_row"",""end_chainage"":1013786.0,""kind"":""INTERVAL"",""raw_expression"":""DyK1013+764 ~ DyK1013+786"",""start_chainage"":1013764.0}",2023-10-21
2023-10-22,cell_fccd76a8459740ecc3617390,NEW_LATER_EVIDENCE,doc_09e89a967279537d5c9bb8d7,FORECAST,doc_09e89a967279537d5c9bb8d7_e0003,1,True,False,True,knowledge_revision_event_e9509fe604d0b341f89d4f9a,FORWARD_ATTENTION,SONIC_FORECAST,"{""basis"":""hsp_forecast_table_row"",""end_chainage"":1013864.0,""kind"":""INTERVAL"",""raw_expression"":""DyK1013+786 ~ DyK1013+864"",""start_chainage"":1013786.0}",2023-10-21
2023-11-06,cell_585026313bab68f0a4a0e814,NEW_LATER_EVIDENCE,doc_a1ca08b3f141763f45863a07,FORECAST,doc_a1ca08b3f141763f45863a07_e0002,1,True,False,True,knowledge_revision_event_ecb0e61c665935ee1db3a67f,FORWARD_ATTENTION,SONIC_FORECAST,"{""basis"":""hsp_forecast_table_row"",""end_chainage"":1013943.0,""kind"":""INTERVAL"",""raw_expression"":""DyK1013+929 ~ DyK1013+943"",""start_chainage"":1013929.0}",2023-11-05
2023-11-06,cell_585026313bab68f0a4a0e814,NEW_LATER_EVIDENCE,doc_a1ca08b3f141763f45863a07,FORECAST,doc_a1ca08b3f141763f45863a07_e0003,1,True,False,True,knowledge_revision_event_ecb0e61c665935ee1db3a67f,FORWARD_ATTENTION,SONIC_FORECAST,"{""basis"":""hsp_forecast_table_row"",""end_chainage"":1013974.0,""kind"":""INTERVAL"",""raw_expression"":""DyK1013+943 ~ DyK1013+974"",""start_chainage"":1013943.0}",2023-11-05
2023-11-06,cell_e5477cc9d090c69443f67a6a,NEW_LATER_EVIDENCE,doc_a1ca08b3f141763f45863a07,FORECAST,doc_a1ca08b3f141763f45863a07_e0003,1,True,False,True,knowledge_revision_event_f103208f98285276742a59f9,FORWARD_ATTENTION,SONIC_FORECAST,"{""basis"":""hsp_forecast_table_row"",""end_chainage"":1013974.0,""kind"":""INTERVAL"",""raw_expression"":""DyK1013+943 ~ DyK1013+974"",""start_chainage"":1013943.0}",2023-11-05
2023-12-03,cell_e05c5d458652315d2804569f,NEW_LATER_EVIDENCE,doc_c19c0e4b52882f445108f4a0,FORECAST,doc_c19c0e4b52882f445108f4a0_e0002,1,True,False,True,knowledge_revision_event_f37d375dd9928ce56707b7fd,FORWARD_ATTENTION,SONIC_FORECAST,"{""basis"":""hsp_forecast_table_row"",""end_chainage"":1014317.0,""kind"":""INTERVAL"",""raw_expression"":""DyK1014+266 ~ DyK1014+317"",""start_chainage"":1014266.0}",2023-12-02
2023-11-18,cell_eb2c3c433c9ba2151c8c98b3,NEW_LATER_EVIDENCE,doc_d0afc25463d4776277ebb952,FORECAST,doc_d0afc25463d4776277ebb952_e0002,1,True,False,True,knowledge_revision_event_fe7c93b1bf6755b114a63aaa,FORWARD_ATTENTION,SONIC_FORECAST,"{""basis"":""hsp_forecast_table_row"",""end_chainage"":1014056.0,""kind"":""INTERVAL"",""raw_expression"":""DyK1014+019 ~ DyK1014+056"",""start_chainage"":1014019.0}",2023-11-17
