post_duplicate_logical_keys,post_opportunity_count,pre_duplicate_logical_keys,pre_opportunity_count,revision_event_id,status
0,10,0,2,knowledge_revision_event_0107dcf53392c843140a9758,PASS
0,26,0,18,knowledge_revision_event_013f0fb538ad5132504542d9,PASS
0,10,0,2,knowledge_revision_event_04aff7f160ec89f31aee0af8,PASS
0,51,0,39,knowledge_revision_event_0b36f4b2852ca06c71cd6ab4,PASS
0,19,0,11,knowledge_revision_event_0c39df0e0cf206f7801f0246,PASS
0,10,0,2,knowledge_revision_event_10b94899e6ad3a8c8966a801,PASS
0,23,0,11,knowledge_revision_event_1e3138441b9da0b559b5cb0b,PASS
0,10,0,2,knowledge_revision_event_1f85ee0e219e765f42c15f5d,PASS
0,10,0,2,knowledge_revision_event_22980bb6701cde99a2d8a6b7,PASS
0,18,0,2,knowledge_revision_event_2e009d1ddc1dae12616ebb29,PASS
0,10,0,2,knowledge_revision_event_2fe1aa0e49d23ef090f4875c,PASS
0,10,0,2,knowledge_revision_event_341f4cc452843c3a3d91b6e8,PASS
0,10,0,2,knowledge_revision_event_34a69e25f833b556ef8a0455,PASS
0,10,0,2,knowledge_revision_event_370bd8ab039e5e5223290f6d,PASS
0,18,0,10,knowledge_revision_event_3c3f2d803b6c2e78e3df85a7,PASS
0,18,0,10,knowledge_revision_event_47ac62e642b422715513a9f1,PASS
0,19,0,11,knowledge_revision_event_4c6a44899b2ad911a1d7ca78,PASS
0,10,0,2,knowledge_revision_event_4cc75b2b34159aa1ce19f6c2,PASS
0,10,0,2,knowledge_revision_event_527f4b015126e688f15b718a,PASS
0,19,0,11,knowledge_revision_event_539a7e6bc65efb253a177cdf,PASS
0,19,0,11,knowledge_revision_event_5d8c97e8e8151b58246faca1,PASS
0,10,0,2,knowledge_revision_event_61b6b8545015e0bb65a5970d,PASS
0,43,0,31,knowledge_revision_event_6ab0ab029667d4ef325fbcf3,PASS
0,26,0,2,knowledge_revision_event_6b0d8288fd43937664e27e4e,PASS
0,18,0,10,knowledge_revision_event_6daa76a55757c468be850f91,PASS
0,18,0,2,knowledge_revision_event_781f6262fb9d8c7ce08b25cb,PASS
0,10,0,2,knowledge_revision_event_7ebb8f0e26115e72d00e5a45,PASS
0,32,0,20,knowledge_revision_event_7fd3e562bf2fc09afce3cd04,PASS
0,10,0,2,knowledge_revision_event_8aeca0de8248562abb07a638,PASS
0,27,0,19,knowledge_revision_event_8df4a854c908db33eff62758,PASS
0,23,0,11,knowledge_revision_event_9177a8cf2b831a3ad8fc81ec,PASS
0,19,0,11,knowledge_revision_event_93495e591157d31d6d8763e2,PASS
0,10,0,2,knowledge_revision_event_9b619cf10aa6baecd93e5806,PASS
0,18,0,10,knowledge_revision_event_9eba9d2dce977cf51b674212,PASS
0,18,0,2,knowledge_revision_event_a209ec4280d4a29d371a7f14,PASS
0,18,0,2,knowledge_revision_event_a213809faf72831302451622,PASS
0,31,0,19,knowledge_revision_event_a75716642c51519105053812,PASS
0,10,0,2,knowledge_revision_event_ab8c5ab2ce32cb5ca7b2c0d5,PASS
0,23,0,11,knowledge_revision_event_b48bfbd73622cc8872803388,PASS
0,18,0,10,knowledge_revision_event_c434fe7345666538805c2593,PASS
0,10,0,2,knowledge_revision_event_c8ac64f9a17310524fac8aa2,PASS
0,27,0,11,knowledge_revision_event_cd244d1e0ff87b6d3c2d9d94,PASS
0,31,0,19,knowledge_revision_event_cf61ccb51e3d5a3955e852c6,PASS
0,34,0,18,knowledge_revision_event_d5a58fce1fd2fa3572d5a4bf,PASS
0,10,0,2,knowledge_revision_event_d64c630cadcbf1339f8e2e98,PASS
0,10,0,2,knowledge_revision_event_dc7298af9606dbdb8a6e8e35,PASS
0,18,0,10,knowledge_revision_event_dcf95b1c5e9e21c61fcf0c38,PASS
0,31,0,19,knowledge_revision_event_e162850c22f21f36d8078cd9,PASS
0,18,0,2,knowledge_revision_event_e9509fe604d0b341f89d4f9a,PASS
0,26,0,10,knowledge_revision_event_ecb0e61c665935ee1db3a67f,PASS
0,10,0,2,knowledge_revision_event_f103208f98285276742a59f9,PASS
0,18,0,10,knowledge_revision_event_f37d375dd9928ce56707b7fd,PASS
0,10,0,2,knowledge_revision_event_fe7c93b1bf6755b114a63aaa,PASS
