actual_sha256,expected_sha256,relative_path,status
e08ca7d6502eb42d0052f4040286d7c98f735301ba884b3da120cee1957a1be3,e08ca7d6502eb42d0052f4040286d7c98f735301ba884b3da120cee1957a1be3,README.md,PASS
1f2e6a29896a7de3f92ad8f986a30c1fe06361ad2b4d2c6ef310765cb8ce1881,1f2e6a29896a7de3f92ad8f986a30c1fe06361ad2b4d2c6ef310765cb8ce1881,STAGE7D_V1_NULL_RESULT_INTERPRETATION.md,PASS
19b272084fe92a5bd53d6d3905eee2e98aff8a592dd2eaf88c3a20c47c5bcc5f,19b272084fe92a5bd53d6d3905eee2e98aff8a592dd2eaf88c3a20c47c5bcc5f,experiment_protocol.json,PASS
26183a47ef6ac8b9408e89a4293d8fb9877cb4047ce77a0a2b5fb8949620b589,26183a47ef6ac8b9408e89a4293d8fb9877cb4047ce77a0a2b5fb8949620b589,freeze_manifest.json,PASS
4f672ed8c46ec07910a84c507e933cb1e44721eb6fca20d1973e3e75a956de9b,4f672ed8c46ec07910a84c507e933cb1e44721eb6fca20d1973e3e75a956de9b,frozen_git_ref_audit.csv,PASS
0481a78293eea868626a614615ba6dd8ee2a71feb9430d83c6b4aa0ba5346c8f,0481a78293eea868626a614615ba6dd8ee2a71feb9430d83c6b4aa0ba5346c8f,hard_check.csv,PASS
d54bf18f17075d6c38c67342ea5db1d0086543c756d66ed2e500eb08bf655cde,d54bf18f17075d6c38c67342ea5db1d0086543c756d66ed2e500eb08bf655cde,mechanical_response_revision_independence_audit.csv,PASS
5dfd0c7951f12738b368d1631424e0df732a72af8a34c931a038dae338611a84,5dfd0c7951f12738b368d1631424e0df732a72af8a34c931a038dae338611a84,method_version.json,PASS
a5d7eebad26dae43204994adc2c89935462cc9a01e37a94320c03575934f6cff,a5d7eebad26dae43204994adc2c89935462cc9a01e37a94320c03575934f6cff,stage7d_case_knowledge_revision_event_6b0d8288fd43937664e27e4e.md,PASS
7d73fb33af348fb56cf6d487e84cd96e1d65e523e5b34854e9a0a40f19b351c7,7d73fb33af348fb56cf6d487e84cd96e1d65e523e5b34854e9a0a40f19b351c7,stage7d_case_knowledge_revision_event_8aeca0de8248562abb07a638.md,PASS
9e59f1f494658b29984bb879a1b755afcfd64479ea747e20eb956916d283084a,9e59f1f494658b29984bb879a1b755afcfd64479ea747e20eb956916d283084a,stage7d_case_knowledge_revision_event_9177a8cf2b831a3ad8fc81ec.md,PASS
312ed804efbe1be7d5a945224ff8b982f0fea57310eb28e6d6fc1bb6a400a67b,312ed804efbe1be7d5a945224ff8b982f0fea57310eb28e6d6fc1bb6a400a67b,stage7d_case_selection.json,PASS
3930536edb7531dc37d23e8d77beaa1722b38462e2fe214dfbe150084a212464,3930536edb7531dc37d23e8d77beaa1722b38462e2fe214dfbe150084a212464,stage7d_claim_transition_matrix.json,PASS
67b1be46e84c6207f1696e94873fe7ab38ad2ff5b82af007c24d6aecd970de8b,67b1be46e84c6207f1696e94873fe7ab38ad2ff5b82af007c24d6aecd970de8b,stage7d_figure_data/figure_claim_transition_classes.csv,PASS
a991ff8032cc68390943097505ba3e84ab416e5c9e1d0fb41e11f402df18b18b,a991ff8032cc68390943097505ba3e84ab416e5c9e1d0fb41e11f402df18b18b,stage7d_figure_data/figure_claim_type_transition.csv,PASS
db58b2e1d57bc77a4b8a840e7b4b4cdb1d08d2cb5fb0e56e6233ee9f6ed21047,db58b2e1d57bc77a4b8a840e7b4b4cdb1d08d2cb5fb0e56e6233ee9f6ed21047,stage7d_figure_data/figure_metric_revision_incidence.csv,PASS
0f45405aca20b7694a0dfc20c55ee02f9294b918e059fe6776e3dd587a2d2efe,0f45405aca20b7694a0dfc20c55ee02f9294b918e059fe6776e3dd587a2d2efe,stage7d_figure_data/figure_revision_event_impact.csv,PASS
f7de263aa3e0d0633b17bdc0ebf8b955100362f7785ef847a80e1bf3206f4c9b,f7de263aa3e0d0633b17bdc0ebf8b955100362f7785ef847a80e1bf3206f4c9b,stage7d_figure_data/figure_revision_timeline.csv,PASS
40eedbe2262c06c794e9a8c4bdda2c2b49ce2566746d49dc3e2bd602c7cf6ee7,40eedbe2262c06c794e9a8c4bdda2c2b49ce2566746d49dc3e2bd602c7cf6ee7,stage7d_paper_table_revision_value.csv,PASS
5e64aa301dd043d1ee0a480d032390843939f1656310cf5d31488031da11e607,5e64aa301dd043d1ee0a480d032390843939f1656310cf5d31488031da11e607,stage7d_primary_endpoints.json,PASS
d453a99ac35817c339a4eb1954de92c60236076b7be227a309679959e75bc93e,d453a99ac35817c339a4eb1954de92c60236076b7be227a309679959e75bc93e,stage7d_revision_claim_key_audit.csv,PASS
4378e3691f7294fefb2bc8debd0e982c4e510b0053e75395926ec56385e5d6fb,4378e3691f7294fefb2bc8debd0e982c4e510b0053e75395926ec56385e5d6fb,stage7d_revision_claim_transition_rows.csv,PASS
d92f1cda48c5168fca172131dfcabe64dd88869914f64009ed4cc28130fb0b48,d92f1cda48c5168fca172131dfcabe64dd88869914f64009ed4cc28130fb0b48,stage7d_revision_epistemic_transition.csv,PASS
0f45405aca20b7694a0dfc20c55ee02f9294b918e059fe6776e3dd587a2d2efe,0f45405aca20b7694a0dfc20c55ee02f9294b918e059fe6776e3dd587a2d2efe,stage7d_revision_event_summary.csv,PASS
51dc10561d074772648a579fb95c8f8a2e483c14c16c2d3d81911b3e80bfcd5a,51dc10561d074772648a579fb95c8f8a2e483c14c16c2d3d81911b3e80bfcd5a,stage7d_revision_evidence_delta.csv,PASS
db58b2e1d57bc77a4b8a840e7b4b4cdb1d08d2cb5fb0e56e6233ee9f6ed21047,db58b2e1d57bc77a4b8a840e7b4b4cdb1d08d2cb5fb0e56e6233ee9f6ed21047,stage7d_revision_metric_pairs.csv,PASS
f7de263aa3e0d0633b17bdc0ebf8b955100362f7785ef847a80e1bf3206f4c9b,f7de263aa3e0d0633b17bdc0ebf8b955100362f7785ef847a80e1bf3206f4c9b,stage7d_revision_pairs.csv,PASS
54b8ab0772f49baeed70b6bb6ec405cee304e568b82c478a6e56403251d6a526,54b8ab0772f49baeed70b6bb6ec405cee304e568b82c478a6e56403251d6a526,stage7d_secondary_endpoints.json,PASS
a99454b4dae6dd77528a50555ea7c910e133737f400dd7f775e2d48690dfbdba,a99454b4dae6dd77528a50555ea7c910e133737f400dd7f775e2d48690dfbdba,stage7d_stage5c_revision_reconciliation_audit.csv,PASS
c3302d2d9f89e1434533d148e7a424cffe84b1c11097b67c8e5178552673c440,c3302d2d9f89e1434533d148e7a424cffe84b1c11097b67c8e5178552673c440,stage7d_v1_1_report.md,PASS
7779a1758432eae4c6ab4153ba58f6999a7d6e5b9dfc88497cc9d84a01952808,7779a1758432eae4c6ab4153ba58f6999a7d6e5b9dfc88497cc9d84a01952808,stage7d_v1_benchmark_alignment_diagnostic.json,PASS
ab22877729cae165020ab85292784fd70723ad4c72c3e579349dc9c7108ac7a9,ab22877729cae165020ab85292784fd70723ad4c72c3e579349dc9c7108ac7a9,upstream_freeze_audit.csv,PASS
