anonymous_output_id,benchmark_task_id,execution_item_id,method_id
stage7b_blind_output_003d5d274f11e309c72511a9,stage7_main_task_030,stage7b_execution_item_7b4f7f22ed2d2b3c81f20f8d,B0_DIRECT_LLM
stage7b_blind_output_005ef5a94bbf4c9807d7e36a,stage7_main_task_035,stage7b_execution_item_27ac32002e69808c3f11c9dd,P_PROPOSED
stage7b_blind_output_0073a6166a94327cdf19deb1,stage7_main_task_023,stage7b_execution_item_e268196b78732056e5e849c5,P_PROPOSED
stage7b_blind_output_017d3b64ed2f0b65b647c2f6,stage7_main_task_037,stage7b_execution_item_b2bb4ad4eec281a3dc820ca0,P_PROPOSED
stage7b_blind_output_018106b2f573744ee95cb93a,stage7_main_task_002,stage7b_execution_item_f3a117ea6ec9de2f22e0f265,B1_STRUCTURED_PROMPT_LLM
stage7b_blind_output_02f130a527760d9f8c5f3a82,stage7_main_task_033,stage7b_execution_item_fa30a1cb01ff3d42d4633b6e,P_PROPOSED
stage7b_blind_output_0305a6072b87ef68762bcc46,stage7_main_task_002,stage7b_execution_item_2141ea46d353d137bce244e9,P_PROPOSED
stage7b_blind_output_0317be24c6d2cc99c1729530,stage7_main_task_020,stage7b_execution_item_70fcb9c12dcab4b2174eafda,B1_STRUCTURED_PROMPT_LLM
stage7b_blind_output_047e491fd3f705fc32403808,stage7_main_task_023,stage7b_execution_item_3e09eeb81cae5341abb742a6,B0_DIRECT_LLM
stage7b_blind_output_06aa8f66bb4cf9197aaa44bd,stage7_main_task_004,stage7b_execution_item_0c64a68c21c3e37d1eb64a14,B1_STRUCTURED_PROMPT_LLM
stage7b_blind_output_074607bd2d1bb82aeb11818c,stage7_main_task_018,stage7b_execution_item_f47ff5d293269ba7f1b68573,B0_DIRECT_LLM
stage7b_blind_output_0784c8d59154e82c330e3003,stage7_main_task_031,stage7b_execution_item_1d4d1210c5fa6fff0efcf4c9,P_PROPOSED
stage7b_blind_output_082380d1212dbb83b202ec8a,stage7_main_task_039,stage7b_execution_item_d242fcb20f91b2d04dd31e34,B1_STRUCTURED_PROMPT_LLM
stage7b_blind_output_08e548de30e89f5d81aed4c8,stage7_main_task_006,stage7b_execution_item_d522d770ad95632dc266e879,B1_STRUCTURED_PROMPT_LLM
stage7b_blind_output_09f191f35ded2562c8010d7a,stage7_main_task_029,stage7b_execution_item_32596ed0f8d54b62b0f4b63e,P_PROPOSED
stage7b_blind_output_0b93578fb94348e05d28886a,stage7_main_task_046,stage7b_execution_item_5aec9af5b9598f4d2aaad44c,P_PROPOSED
stage7b_blind_output_0d3843c4ef3a4a80e10a1b67,stage7_main_task_015,stage7b_execution_item_b205e4a1449e8bc2e6426295,B1_STRUCTURED_PROMPT_LLM
stage7b_blind_output_0e337693972fb8d4052b3edd,stage7_main_task_036,stage7b_execution_item_2688f5d9ebb073f68ec903c8,B0_DIRECT_LLM
stage7b_blind_output_1aa93a98d434211714880cb7,stage7_main_task_033,stage7b_execution_item_66dac22a069f33f1995aa31a,B0_DIRECT_LLM
stage7b_blind_output_1d2392eaf2d29d71e19ee408,stage7_main_task_012,stage7b_execution_item_4066d9ce8633043308074cfa,B1_STRUCTURED_PROMPT_LLM
stage7b_blind_output_1d4bd944590779579ab4d439,stage7_main_task_047,stage7b_execution_item_da0c33a003e9a7f5d7d28b59,B1_STRUCTURED_PROMPT_LLM
stage7b_blind_output_1f07912037303e40d75f9e31,stage7_main_task_024,stage7b_execution_item_b80fb0b162f92f2bfcc3d2be,B1_STRUCTURED_PROMPT_LLM
stage7b_blind_output_2158f21b8d85ca5baea857c8,stage7_main_task_011,stage7b_execution_item_cb77546559607e6432dede20,B0_DIRECT_LLM
stage7b_blind_output_265e595e6335086174c68a41,stage7_main_task_044,stage7b_execution_item_72da86cb99ed3ac5bc560c5a,P_PROPOSED
stage7b_blind_output_26ab9829d834baa868444bec,stage7_main_task_019,stage7b_execution_item_64b594b92bb55f98719331f8,P_PROPOSED
stage7b_blind_output_279552465685396fadc2557a,stage7_main_task_042,stage7b_execution_item_0fa0f5824d8c9713be2b21c3,B0_DIRECT_LLM
stage7b_blind_output_28c4b8222b21c6eb7da22bda,stage7_main_task_042,stage7b_execution_item_d79633a0b9ae814e8f028207,B1_STRUCTURED_PROMPT_LLM
stage7b_blind_output_2a3e8fbedd64729fc39d4fee,stage7_main_task_040,stage7b_execution_item_60bc8ced2b4b46c62af57bd8,B1_STRUCTURED_PROMPT_LLM
stage7b_blind_output_2b5d4c67b2aae2368d2a8c01,stage7_main_task_015,stage7b_execution_item_c58da06c05e9d1f601d877f8,P_PROPOSED
stage7b_blind_output_31e42bd87fbd138e161e7232,stage7_main_task_028,stage7b_execution_item_51988fa2a23e3e36bcb3d3d3,P_PROPOSED
stage7b_blind_output_329a5862cf032e5df0f4688b,stage7_main_task_045,stage7b_execution_item_80607b4051160b17a5c4ea92,B1_STRUCTURED_PROMPT_LLM
stage7b_blind_output_339f1661fa58408ba569b921,stage7_main_task_038,stage7b_execution_item_e3cfd8c13f048802dcf0f5ec,B1_STRUCTURED_PROMPT_LLM
stage7b_blind_output_35a7de5dc4f68a6536d3a4bc,stage7_main_task_043,stage7b_execution_item_78a38332a359c012d24fb865,B0_DIRECT_LLM
stage7b_blind_output_409ca90bb5a206a12400ff7d,stage7_main_task_047,stage7b_execution_item_cc32b812a21a2b1c1815471a,B0_DIRECT_LLM
stage7b_blind_output_43ab2948fade0957c6200e99,stage7_main_task_002,stage7b_execution_item_69b49a01bf0ba2ac5b9cbe8a,B0_DIRECT_LLM
stage7b_blind_output_491df1e0fc41844244e11799,stage7_main_task_045,stage7b_execution_item_9f1027bf330c0e78f6ce2665,P_PROPOSED
stage7b_blind_output_4a7d5dc6eeb2036bca5f54d4,stage7_main_task_006,stage7b_execution_item_baf13c189ad75c031427bc17,B0_DIRECT_LLM
stage7b_blind_output_571f61a0e7f9743e6204c86b,stage7_main_task_008,stage7b_execution_item_e000b3847b0c1fdc92080252,P_PROPOSED
stage7b_blind_output_58e6b9265a8591aef2ec63cf,stage7_main_task_024,stage7b_execution_item_b844c2ad4d530eeb27d6ea23,P_PROPOSED
stage7b_blind_output_59af122921ad75f5d461d6e5,stage7_main_task_035,stage7b_execution_item_d8db7e946bcc04a036284659,B1_STRUCTURED_PROMPT_LLM
stage7b_blind_output_59fca578341a14102f535d3b,stage7_main_task_021,stage7b_execution_item_78cdbb3b5127e4ef939b0dcf,B1_STRUCTURED_PROMPT_LLM
stage7b_blind_output_5ab59e22d110bd2853f6fd2f,stage7_main_task_027,stage7b_execution_item_4d0ae4d3be40487e72361113,B1_STRUCTURED_PROMPT_LLM
stage7b_blind_output_5bcb455b4099e9011325e86c,stage7_main_task_010,stage7b_execution_item_265626598d194cb1b00c29c2,B1_STRUCTURED_PROMPT_LLM
stage7b_blind_output_5c5443997747d101b353b2b3,stage7_main_task_000,stage7b_execution_item_4af392c9f32abb87430b4b92,P_PROPOSED
stage7b_blind_output_5c5e80efa95d9a9df2aa8719,stage7_main_task_005,stage7b_execution_item_d4668bc392b9baf211c66d6a,B1_STRUCTURED_PROMPT_LLM
stage7b_blind_output_5e0d630caf656c8d81289614,stage7_main_task_046,stage7b_execution_item_a01d409738fd0c0e2e78e7f8,B0_DIRECT_LLM
stage7b_blind_output_5f8b27847ce840de37bb78a9,stage7_main_task_000,stage7b_execution_item_589109e3dcc2dbf4778cf315,B1_STRUCTURED_PROMPT_LLM
stage7b_blind_output_5fa3efb201f6fb830e5c5f6c,stage7_main_task_045,stage7b_execution_item_5c01a76679d1d13a0e57f59c,B0_DIRECT_LLM
stage7b_blind_output_5fd510689c161a94e05aa367,stage7_main_task_029,stage7b_execution_item_d584bad7850d8b02330df438,B1_STRUCTURED_PROMPT_LLM
stage7b_blind_output_608067760c2fcfcd01a049bf,stage7_main_task_016,stage7b_execution_item_891d909a516c4d687154b36e,P_PROPOSED
stage7b_blind_output_6471ae11b380a531e31c5414,stage7_main_task_046,stage7b_execution_item_2c0f1e514d87c7e032695c39,B1_STRUCTURED_PROMPT_LLM
stage7b_blind_output_6538fd8aab16c2f7e5a39ea3,stage7_main_task_019,stage7b_execution_item_0f1e0366d76d667cc52fe10f,B0_DIRECT_LLM
stage7b_blind_output_6746d339978a8e1576cd8b3a,stage7_main_task_006,stage7b_execution_item_f3e8f347f726279d276f338b,P_PROPOSED
stage7b_blind_output_67be74a020070125cc12eb2c,stage7_main_task_001,stage7b_execution_item_781de04195147e9c7e85bc1f,P_PROPOSED
stage7b_blind_output_6d606beb78d185b9f07835fd,stage7_main_task_044,stage7b_execution_item_687247aece33e0647f7b5eb5,B0_DIRECT_LLM
stage7b_blind_output_6dc910b1a03dc3b8ce55b302,stage7_main_task_041,stage7b_execution_item_172af0fa8c4ceca7e60a9ab8,B0_DIRECT_LLM
stage7b_blind_output_6fb9f048b3ad5887f87210ed,stage7_main_task_040,stage7b_execution_item_fd87e234de6856d515960ece,P_PROPOSED
stage7b_blind_output_74d25bbb395ce2445b06233e,stage7_main_task_025,stage7b_execution_item_7f6e26e0fb67d00ada3b1c50,B1_STRUCTURED_PROMPT_LLM
stage7b_blind_output_74f0620a4eca2fb8a05ac801,stage7_main_task_037,stage7b_execution_item_409ab345c38666283acad43b,B0_DIRECT_LLM
stage7b_blind_output_754c13fbe4041ff3ae456d74,stage7_main_task_032,stage7b_execution_item_a4ea9e530e73eedcb31ee4fc,B0_DIRECT_LLM
stage7b_blind_output_75da9eb99f4290ab3aeda614,stage7_main_task_033,stage7b_execution_item_7728400ff31d2cd3acc62a0f,B1_STRUCTURED_PROMPT_LLM
stage7b_blind_output_7629789d8576107a3f32ce14,stage7_main_task_036,stage7b_execution_item_44b99605374cc6e11a401847,B1_STRUCTURED_PROMPT_LLM
stage7b_blind_output_78a2335493c072d8e43574c2,stage7_main_task_020,stage7b_execution_item_9be8fd4e24cebf50c63f0a8d,B0_DIRECT_LLM
stage7b_blind_output_794c4401873ac2328e107f27,stage7_main_task_032,stage7b_execution_item_03e9ab9ad0f7999d7a88983c,P_PROPOSED
stage7b_blind_output_7989b8c88d8790c9226bf144,stage7_main_task_018,stage7b_execution_item_61138d5aa3e194731a406cc5,B1_STRUCTURED_PROMPT_LLM
stage7b_blind_output_79fbd6a7ab157c11080f7c45,stage7_main_task_018,stage7b_execution_item_d2bd0fc39a277e953cdb8d23,P_PROPOSED
stage7b_blind_output_7ac2e83959e6c172f3da3590,stage7_main_task_034,stage7b_execution_item_39c27d5051ed04902393d1d3,P_PROPOSED
stage7b_blind_output_7fd845a68b8a5c1c210b0202,stage7_main_task_010,stage7b_execution_item_dba5eda0395cf736a700804d,P_PROPOSED
stage7b_blind_output_819185e0c635ec26c5a03aea,stage7_main_task_040,stage7b_execution_item_2250c0b69ae0508135535eee,B0_DIRECT_LLM
stage7b_blind_output_82c7f4034bb2d41a0ac140fc,stage7_main_task_007,stage7b_execution_item_9b7953e762f660a3fe14cec8,B1_STRUCTURED_PROMPT_LLM
stage7b_blind_output_83971965104007d291a38737,stage7_main_task_028,stage7b_execution_item_f0b7af1d87963dd80032b286,B0_DIRECT_LLM
stage7b_blind_output_84ca95a0dd531691edab3624,stage7_main_task_021,stage7b_execution_item_36857b7d93b4e2c5abd79f7c,P_PROPOSED
stage7b_blind_output_84cf9653a66963df2e5bb791,stage7_main_task_030,stage7b_execution_item_d3d352813c501e9db819188b,B1_STRUCTURED_PROMPT_LLM
stage7b_blind_output_883dcbf49b714e29598a3e90,stage7_main_task_031,stage7b_execution_item_0a7694795443208724405fc0,B0_DIRECT_LLM
stage7b_blind_output_899ae2433566a80cbf096a0d,stage7_main_task_022,stage7b_execution_item_2d682251828f8c8c08ce3f17,B0_DIRECT_LLM
stage7b_blind_output_8cc144b1bd3b61640655dc79,stage7_main_task_022,stage7b_execution_item_c071b8352834e72fdd62a75c,B1_STRUCTURED_PROMPT_LLM
stage7b_blind_output_8d1febe089d67a8e05070e20,stage7_main_task_019,stage7b_execution_item_dbd1ca2cc97e80d8f166bd06,B1_STRUCTURED_PROMPT_LLM
stage7b_blind_output_8e1f810d43b76999cb9bef81,stage7_main_task_013,stage7b_execution_item_13b8314e5c85a250ba0c11b6,B1_STRUCTURED_PROMPT_LLM
stage7b_blind_output_8e2f05e79a74ecc0ce04a593,stage7_main_task_026,stage7b_execution_item_0ab421b394b9af83bedcaee1,B0_DIRECT_LLM
stage7b_blind_output_9034fd1cea301d2d5feae52c,stage7_main_task_041,stage7b_execution_item_b93a5f141a21ba4cdbd0c3fc,B1_STRUCTURED_PROMPT_LLM
stage7b_blind_output_90c9c9b44d58c860700dd529,stage7_main_task_024,stage7b_execution_item_2660452d2949056324c292b3,B0_DIRECT_LLM
stage7b_blind_output_91b472a35736fe2aa7ca36cb,stage7_main_task_003,stage7b_execution_item_7caad119e5717ed869b3a530,B1_STRUCTURED_PROMPT_LLM
stage7b_blind_output_91e7a767905e7f6db00f215e,stage7_main_task_036,stage7b_execution_item_e5c2055761cd8a845691255e,P_PROPOSED
stage7b_blind_output_9231fadca108ca7cced2dd80,stage7_main_task_014,stage7b_execution_item_99846f45125d0860b49324d0,B0_DIRECT_LLM
stage7b_blind_output_92ea7d7f24e68204501b7af4,stage7_main_task_011,stage7b_execution_item_ab85c5ad6f7b8c11e5357980,P_PROPOSED
stage7b_blind_output_961c289af5f9a846e7ea1cf8,stage7_main_task_020,stage7b_execution_item_00e9ff8ae07841b666b16998,P_PROPOSED
stage7b_blind_output_97742e3ae56012237d1c60c8,stage7_main_task_038,stage7b_execution_item_6be833443d33ba4edf72bcea,B0_DIRECT_LLM
stage7b_blind_output_9bb3023aaa2ce86cec0ae88a,stage7_main_task_038,stage7b_execution_item_8d384fbc819aca8c2dc90670,P_PROPOSED
stage7b_blind_output_9d7a5d716adb100c8edc87df,stage7_main_task_021,stage7b_execution_item_f183048637e41fe176980009,B0_DIRECT_LLM
stage7b_blind_output_9e112324f9b6a1218a79980c,stage7_main_task_039,stage7b_execution_item_eb55e8c89e5dbe0edbac3f95,P_PROPOSED
stage7b_blind_output_9e36f18cb3231a6405ea71d2,stage7_main_task_001,stage7b_execution_item_20c1eac7458788e67e8db0e2,B1_STRUCTURED_PROMPT_LLM
stage7b_blind_output_9f6c0b67b8a5ce36c91b4bbd,stage7_main_task_014,stage7b_execution_item_689994d79d36a6e09d0dba17,B1_STRUCTURED_PROMPT_LLM
stage7b_blind_output_a05d68e21eca3b080efed7cb,stage7_main_task_010,stage7b_execution_item_a75e1e10cefcf6e1f3ac2bc5,B0_DIRECT_LLM
stage7b_blind_output_a0c1df17c5974c15f657671c,stage7_main_task_028,stage7b_execution_item_b8038a528da549fc5ba11ffc,B1_STRUCTURED_PROMPT_LLM
stage7b_blind_output_a1c32d26f416d5f6e380733c,stage7_main_task_005,stage7b_execution_item_a20f5d76686b8b69c500181e,P_PROPOSED
stage7b_blind_output_a2b7d1b3ef84fc1bf69d6e60,stage7_main_task_009,stage7b_execution_item_5a7ae74158e474689ab7f6f3,B0_DIRECT_LLM
stage7b_blind_output_a549fcf3f54a8bf729603497,stage7_main_task_027,stage7b_execution_item_48db1ebc808d9791436c22b3,P_PROPOSED
stage7b_blind_output_a7d3ff890d6b5b0e4de29785,stage7_main_task_003,stage7b_execution_item_dd88641ac5bcdb7bcef78dc8,B0_DIRECT_LLM
stage7b_blind_output_af875452035b99f72decf79f,stage7_main_task_014,stage7b_execution_item_62664e64e82d9281c076931c,P_PROPOSED
stage7b_blind_output_b09bb1baa8359b38729126cc,stage7_main_task_023,stage7b_execution_item_8f5ed7dfc62a0ceaad208e6f,B1_STRUCTURED_PROMPT_LLM
stage7b_blind_output_b14d06288550d0d32697ae93,stage7_main_task_007,stage7b_execution_item_841d0839944b3ddc8d8079c5,P_PROPOSED
stage7b_blind_output_b35705085306290538b1fc5b,stage7_main_task_025,stage7b_execution_item_e7c3c3b954cf69352acb54e0,P_PROPOSED
stage7b_blind_output_b7ad1df6d5fd863ad78cc3b2,stage7_main_task_034,stage7b_execution_item_3b5b80b1f8a377356ab26eb2,B1_STRUCTURED_PROMPT_LLM
stage7b_blind_output_b9676dd623c2a7b31ceb1509,stage7_main_task_005,stage7b_execution_item_a4179284b2c4779303e23233,B0_DIRECT_LLM
stage7b_blind_output_bf0d5c2bf757df9d1d421f3b,stage7_main_task_015,stage7b_execution_item_65e2dd1e7f8ad79402666800,B0_DIRECT_LLM
stage7b_blind_output_c627cdb04bb9c590413509a7,stage7_main_task_037,stage7b_execution_item_981f88dc2157d863b9b78a9c,B1_STRUCTURED_PROMPT_LLM
stage7b_blind_output_c6f49cbbf2d729fc070bed75,stage7_main_task_004,stage7b_execution_item_c7cb02d9316ce659053665ab,P_PROPOSED
stage7b_blind_output_cc85169b818352e1aa707016,stage7_main_task_031,stage7b_execution_item_9d18a1d291284d0ed6a0f9a9,B1_STRUCTURED_PROMPT_LLM
stage7b_blind_output_ccf4079be2d97a6fec9629c3,stage7_main_task_009,stage7b_execution_item_665eadb2ef002ab2bb39add5,P_PROPOSED
stage7b_blind_output_ce78bbce813382bb8cc4499b,stage7_main_task_039,stage7b_execution_item_dedc8a9ee85570035e78d420,B0_DIRECT_LLM
stage7b_blind_output_cf0f34009c48babe9eaaf947,stage7_main_task_017,stage7b_execution_item_20de6dfb58116c697e61a681,B1_STRUCTURED_PROMPT_LLM
stage7b_blind_output_cf62152d3dec5888f6dd06fa,stage7_main_task_043,stage7b_execution_item_c82e8846129dca688da20a45,P_PROPOSED
stage7b_blind_output_d0ee5589e910c6754daab0d6,stage7_main_task_047,stage7b_execution_item_bf0491798b5194c6b8a8963d,P_PROPOSED
stage7b_blind_output_d45302eab42ca465b905c367,stage7_main_task_016,stage7b_execution_item_d5e1c4108a7358c5f69bfb47,B1_STRUCTURED_PROMPT_LLM
stage7b_blind_output_d502696017ff0af9d6de8086,stage7_main_task_000,stage7b_execution_item_a8302dde1a954c483f07c58f,B0_DIRECT_LLM
stage7b_blind_output_d54bdad79b34ed97c6389a06,stage7_main_task_029,stage7b_execution_item_45f194f4591eb6d779367ede,B0_DIRECT_LLM
stage7b_blind_output_d6b83d898faa2d2e36405a73,stage7_main_task_034,stage7b_execution_item_2c28efcff1a892c209fc8a48,B0_DIRECT_LLM
stage7b_blind_output_d8aa6bd3835d7e5943c9fd85,stage7_main_task_026,stage7b_execution_item_6ab1d3f5b1d94fb307ff2e83,B1_STRUCTURED_PROMPT_LLM
stage7b_blind_output_dcdd19d9607a76090f1626c7,stage7_main_task_012,stage7b_execution_item_f2fc5ed962481bd509923ad8,P_PROPOSED
stage7b_blind_output_dd07bbc080a574fcf403e3d7,stage7_main_task_007,stage7b_execution_item_bc6d4e14fb0b6449d245ee31,B0_DIRECT_LLM
stage7b_blind_output_de55ed1f6e3c7ae2ed4d32d7,stage7_main_task_009,stage7b_execution_item_343bb51fb03345cc5397faff,B1_STRUCTURED_PROMPT_LLM
stage7b_blind_output_de73879e47db0283f4d9c588,stage7_main_task_011,stage7b_execution_item_da85a63d8ae8045ad0a96249,B1_STRUCTURED_PROMPT_LLM
stage7b_blind_output_df4bdf90f95a0e797415d24c,stage7_main_task_008,stage7b_execution_item_1e0e316a96f36b624597e66a,B0_DIRECT_LLM
stage7b_blind_output_e15a9760e2fb5b749d000e6d,stage7_main_task_030,stage7b_execution_item_c7b5032f9460139ef2298815,P_PROPOSED
stage7b_blind_output_e18ec688af581902d64c5482,stage7_main_task_027,stage7b_execution_item_d22bf06c85d667b3f92e11f8,B0_DIRECT_LLM
stage7b_blind_output_e323b7e05ee546fbe924157b,stage7_main_task_035,stage7b_execution_item_ed120258e45cd3e31f922a4e,B0_DIRECT_LLM
stage7b_blind_output_e39dedabd342b2380ab872e1,stage7_main_task_003,stage7b_execution_item_10d85e37cc49bc3f9b774293,P_PROPOSED
stage7b_blind_output_e519c989398018219cc574b4,stage7_main_task_013,stage7b_execution_item_c99e7ec617bb30d778936f3b,P_PROPOSED
stage7b_blind_output_e72ca71667f79431692261c2,stage7_main_task_001,stage7b_execution_item_1739d26df9a3e473f978e700,B0_DIRECT_LLM
stage7b_blind_output_e7d17f428b73947930dae515,stage7_main_task_012,stage7b_execution_item_c5f51b7cd5b308a17483e98e,B0_DIRECT_LLM
stage7b_blind_output_ea25ebf5be793b0e243aa75d,stage7_main_task_004,stage7b_execution_item_0d706878e6870a6017ab3679,B0_DIRECT_LLM
stage7b_blind_output_ebdcaa6eaec73fd00b71dcfa,stage7_main_task_008,stage7b_execution_item_d8a5240206be9c093e7d0155,B1_STRUCTURED_PROMPT_LLM
stage7b_blind_output_ed8527ce5abb3140cdbd0a85,stage7_main_task_041,stage7b_execution_item_785118c17f1aaf6c3af2bbdd,P_PROPOSED
stage7b_blind_output_f2021873c07b421bc31aa86a,stage7_main_task_017,stage7b_execution_item_cb76d11f8a794e119f0a660c,B0_DIRECT_LLM
stage7b_blind_output_f3f65f0480f6fe06f6e9a62f,stage7_main_task_016,stage7b_execution_item_03d0135e79e01f4cf510a24a,B0_DIRECT_LLM
stage7b_blind_output_f62a06c51be692206a1ba935,stage7_main_task_043,stage7b_execution_item_1358da44dfe242219c03883d,B1_STRUCTURED_PROMPT_LLM
stage7b_blind_output_f82872ddaedf806699ad8aab,stage7_main_task_044,stage7b_execution_item_3971d3bbc18d5de1f1ed18f3,B1_STRUCTURED_PROMPT_LLM
stage7b_blind_output_fa0decebbccf52912c8a1a76,stage7_main_task_025,stage7b_execution_item_a161fe852f6eaf7508efa6d6,B0_DIRECT_LLM
stage7b_blind_output_fbc9b8860adad9fd2c54eec1,stage7_main_task_017,stage7b_execution_item_3391d7bb93478596e2d30867,P_PROPOSED
stage7b_blind_output_fe1da89406bcb1c1233351d6,stage7_main_task_032,stage7b_execution_item_bb543e85c0b7af086a2b0a59,B1_STRUCTURED_PROMPT_LLM
stage7b_blind_output_ff2247b808a60f6490e850a9,stage7_main_task_013,stage7b_execution_item_f899ddce1942eeea51769cfc,B0_DIRECT_LLM
