claim_type,count,transition_class
FORWARD_GEOLOGICAL_ATTENTION,27,ABSTAIN_TO_EXPRESSIBLE
COUPLED_ATTENTION_REVIEW,1,CLAIM_VALUE_CHANGED
FORWARD_GEOLOGICAL_ATTENTION,8,CLAIM_VALUE_CHANGED
GEOLOGICAL_EVIDENCE_ATTENTION_REVIEW,1,CLAIM_VALUE_CHANGED
FORECAST_GEOLOGICAL_CONDITION,504,OPPORTUNITY_ADDED
OBSERVED_GEOLOGICAL_CONDITION,36,OPPORTUNITY_ADDED
COUPLED_ATTENTION_REVIEW,9,RESOLVED_SUPPORT_CHANGED
FORWARD_GEOLOGICAL_ATTENTION,6,RESOLVED_SUPPORT_CHANGED
GEOLOGICAL_EVIDENCE_ATTENTION_REVIEW,11,RESOLVED_SUPPORT_CHANGED
COUPLED_ATTENTION_REVIEW,2,UNCHANGED_ABSTAIN
FORECAST_GEOLOGICAL_CONDITION,36,UNCHANGED_ABSTAIN
OBSERVED_GEOLOGICAL_CONDITION,3,UNCHANGED_ABSTAIN
OPERATIONAL_RESPONSE_ATTENTION,43,UNCHANGED_ABSTAIN
FORECAST_GEOLOGICAL_CONDITION,241,UNCHANGED_EXPRESSIBLE
OBSERVED_GEOLOGICAL_CONDITION,37,UNCHANGED_EXPRESSIBLE
OPERATIONAL_RESPONSE_ATTENTION,10,UNCHANGED_EXPRESSIBLE
