composed_realization_id,execution_id,post_audit_issue_codes,post_audit_status,task_id
composed_realization_3c6767c511f9698684901b1f,stage6b_smoke_execution_93ce841716abf581304e740e,,PASS,stage6b_smoke_task_00
composed_realization_dd5b353ea8754e9f4a7434f7,stage6b_smoke_execution_93ce841716abf581304e740e,,PASS,stage6b_smoke_task_01
composed_realization_e8c3e575fea1b28b14cd0a94,stage6b_smoke_execution_93ce841716abf581304e740e,,PASS,stage6b_smoke_task_02
composed_realization_e7052edbec03a7142fcb6170,stage6b_smoke_execution_93ce841716abf581304e740e,,PASS,stage6b_smoke_task_03
composed_realization_bc7dbf8f26e880ca2dead9cb,stage6b_smoke_execution_93ce841716abf581304e740e,,PASS,stage6b_smoke_task_05
composed_realization_65391e4e6e838978939b5fcd,stage6b_smoke_execution_93ce841716abf581304e740e,,PASS,stage6b_smoke_task_06
composed_realization_dc55cbe8589e9e5d215560a6,stage6b_smoke_execution_93ce841716abf581304e740e,,PASS,stage6b_smoke_task_08
composed_realization_4c6814de9819ef8c1ee9fd0b,stage6b_smoke_execution_93ce841716abf581304e740e,,PASS,stage6b_smoke_task_09
composed_realization_446ed23e060b59e7b7edb878,stage6b_smoke_execution_93ce841716abf581304e740e,,PASS,stage6b_smoke_task_12
composed_realization_382f5bc7a68f83c9dd3f8552,stage6b_smoke_execution_93ce841716abf581304e740e,,PASS,stage6b_smoke_task_13
composed_realization_182ef2080c60c9493c29bf30,stage6b_smoke_execution_93ce841716abf581304e740e,,PASS,stage6b_smoke_task_14
