current_sha256,exists,frozen_sha256,identity_match,path
cb96929fdd40caf0e256464dc378fa17c4b8476cdc64cfc2810a4796a2064dff,True,cb96929fdd40caf0e256464dc378fa17c4b8476cdc64cfc2810a4796a2064dff,True,artifacts/stage7e_ablation_execution_v1_1_correction/README.md
1e7a99094f6d2f829f70fd4a3af35f8b464b4d855423ce88e137a868e1b80c13,True,1e7a99094f6d2f829f70fd4a3af35f8b464b4d855423ce88e137a868e1b80c13,True,artifacts/stage7e_ablation_execution_v1_1_correction/STAGE7E_B_V1_1_INTERPRETATION_CORRECTION.md
237dc55f2ea7e937cfaf75bb0869ae78512e51d44cc1ec637247b968110f621a,True,237dc55f2ea7e937cfaf75bb0869ae78512e51d44cc1ec637247b968110f621a,True,artifacts/stage7e_ablation_execution_v1_1_correction/a3_fence_only_normalization_audit.csv
4d6e26ef6fffa9fcfa5f8d98130c264f208a9d99c9d5c59e09dd472c7785eba1,True,4d6e26ef6fffa9fcfa5f8d98130c264f208a9d99c9d5c59e09dd472c7785eba1,True,artifacts/stage7e_ablation_execution_v1_1_correction/a3_secondary_numeric_audit.csv
24b36dad7e4edac844c8988b0368875b2d4731480f2640b03fe0ce2d7ca32e04,True,24b36dad7e4edac844c8988b0368875b2d4731480f2640b03fe0ce2d7ca32e04,True,artifacts/stage7e_ablation_execution_v1_1_correction/a3_secondary_scope_audit.csv
fc7813ddae343ae767c893a995efe10a2c72d326a0b16201927bdd2d6fd083f3,True,fc7813ddae343ae767c893a995efe10a2c72d326a0b16201927bdd2d6fd083f3,True,artifacts/stage7e_ablation_execution_v1_1_correction/a3_secondary_syntax_normalized_claim_results.csv
1ed0769b6343e38d8540313ee1e2ea837248ac24302724f7f2b06fa57c6a5274,True,1ed0769b6343e38d8540313ee1e2ea837248ac24302724f7f2b06fa57c6a5274,True,artifacts/stage7e_ablation_execution_v1_1_correction/a3_secondary_syntax_normalized_summary.json
4eb793a5cd0894662c967db59991a112942e8875332d74fc98ef4734147ef6ef,True,4eb793a5cd0894662c967db59991a112942e8875332d74fc98ef4734147ef6ef,True,artifacts/stage7e_ablation_execution_v1_1_correction/a3_strict_primary_summary.json
10391407aa2049591e8fa31bd6d3f12166ee6f2a0749bfdcd08f4d25d5386314,True,10391407aa2049591e8fa31bd6d3f12166ee6f2a0749bfdcd08f4d25d5386314,True,artifacts/stage7e_ablation_execution_v1_1_correction/a4_corrected_numeric_audit.csv
48aa5221893de54ae498c72278332774e272137182255521455fb667ac06dc54,True,48aa5221893de54ae498c72278332774e272137182255521455fb667ac06dc54,True,artifacts/stage7e_ablation_execution_v1_1_correction/a4_corrected_numeric_summary.json
9cf9955c74e455176d15046fec2f7c0b214082207ca53274988e3aa39b50eae4,True,9cf9955c74e455176d15046fec2f7c0b214082207ca53274988e3aa39b50eae4,True,artifacts/stage7e_ablation_execution_v1_1_correction/a4_coverage_identity_audit.csv
6f2e755d2671277a125ef190ca1969c51f9710914e9818a96a0b8c8267781525,True,6f2e755d2671277a125ef190ca1969c51f9710914e9818a96a0b8c8267781525,True,artifacts/stage7e_ablation_execution_v1_1_correction/a4_scope_identity_audit.csv
387def0432693f78b51264aa439f022c428cf3ec11c51ca0af0c5ea9c164cb00,True,387def0432693f78b51264aa439f022c428cf3ec11c51ca0af0c5ea9c164cb00,True,artifacts/stage7e_ablation_execution_v1_1_correction/file_hashes.sha256
52867e29a857b1a6411773e80bbc31db3748c33e86688f9ba08652ac81dfcead,True,52867e29a857b1a6411773e80bbc31db3748c33e86688f9ba08652ac81dfcead,True,artifacts/stage7e_ablation_execution_v1_1_correction/freeze_manifest.json
3b9c6313f836e99bbc2e86e727e4d713c3a00e28f44cb81112eb802c0cd4ed9b,True,3b9c6313f836e99bbc2e86e727e4d713c3a00e28f44cb81112eb802c0cd4ed9b,True,artifacts/stage7e_ablation_execution_v1_1_correction/hard_check.csv
c29f561dad91716df4e88848cc8870eb22cb62c076c31f173869a4b7e1ee3a6f,True,c29f561dad91716df4e88848cc8870eb22cb62c076c31f173869a4b7e1ee3a6f,True,artifacts/stage7e_ablation_execution_v1_1_correction/method_version.json
55c91d52d9df2afc6b3c35249e8c2f26e28d7173579871baf4fe5b1b17f8433c,True,55c91d52d9df2afc6b3c35249e8c2f26e28d7173579871baf4fe5b1b17f8433c,True,artifacts/stage7e_ablation_execution_v1_1_correction/numeric_audit_correction.csv
f945af9c35507f54c47d493dd17c645687addbbde63011aa9236418493823e3a,True,f945af9c35507f54c47d493dd17c645687addbbde63011aa9236418493823e3a,True,artifacts/stage7e_ablation_execution_v1_1_correction/numeric_tokenizer_v1_bug_analysis.md
40fcc00f5214e2b637ab1f51dd8fe32a7841d7375fdd0bea85676781f993a064,True,40fcc00f5214e2b637ab1f51dd8fe32a7841d7375fdd0bea85676781f993a064,True,artifacts/stage7e_ablation_execution_v1_1_correction/old_execution_artifact_identity_audit.csv
5f9ba08efb7e2170ef973841b5685e3c161a85d49caa7497753a16e268418d99,True,5f9ba08efb7e2170ef973841b5685e3c161a85d49caa7497753a16e268418d99,True,artifacts/stage7e_ablation_execution_v1_1_correction/raw_response_identity_audit.csv
