b0_b1_evidence_difference_count,b0_snapshot_hash,b1_snapshot_hash,benchmark_task_id,status
0,09d5a5473b7e4cf3401a87c94cc628e6a2b7dd22e64aecfc09fa5abeb3fad9b3,09d5a5473b7e4cf3401a87c94cc628e6a2b7dd22e64aecfc09fa5abeb3fad9b3,stage7_main_task_000,PASS
0,55b8a4a6ad78af44acde125d2566e62fa86bdaed318a163e9cd4a812f4d24918,55b8a4a6ad78af44acde125d2566e62fa86bdaed318a163e9cd4a812f4d24918,stage7_main_task_001,PASS
0,7385fc0157626eb4e8f9eb5898dfcc08749ed3b5e4e1b0c270861a2640da2a80,7385fc0157626eb4e8f9eb5898dfcc08749ed3b5e4e1b0c270861a2640da2a80,stage7_main_task_002,PASS
0,e83ed7f52850d4189c93f46664c63714c3c773da40d113ee91aa312f22ab88bb,e83ed7f52850d4189c93f46664c63714c3c773da40d113ee91aa312f22ab88bb,stage7_main_task_003,PASS
0,f4a007d2d7abfd7982f5031c9f199d63be3b77450634e9b7bee7fe40b4a9528c,f4a007d2d7abfd7982f5031c9f199d63be3b77450634e9b7bee7fe40b4a9528c,stage7_main_task_004,PASS
0,b5584ed6ea6244ba91091b2409ef2ffbca5db098eb73a373c6d97115a8ec3bb4,b5584ed6ea6244ba91091b2409ef2ffbca5db098eb73a373c6d97115a8ec3bb4,stage7_main_task_005,PASS
0,1bb4b1f4b04247393f3451bf3670798d8c5db0a543416136e1d675425d326b9a,1bb4b1f4b04247393f3451bf3670798d8c5db0a543416136e1d675425d326b9a,stage7_main_task_006,PASS
0,ef73875e6197b75cebcdf09eeb7f4f9473d57f749ac4056b88cbeeedd5f71757,ef73875e6197b75cebcdf09eeb7f4f9473d57f749ac4056b88cbeeedd5f71757,stage7_main_task_007,PASS
0,2fd7a8eaf83e61143bf8f7c45afd88290333c9487eb36ebdee6cd1226f608e2e,2fd7a8eaf83e61143bf8f7c45afd88290333c9487eb36ebdee6cd1226f608e2e,stage7_main_task_008,PASS
0,d19aaba3f5586de8823c04622174fe67373e8c47df69aa5d8681f7e14d1fcaa6,d19aaba3f5586de8823c04622174fe67373e8c47df69aa5d8681f7e14d1fcaa6,stage7_main_task_009,PASS
0,ae0940c7ba40d54a22cea10149252772f8309462ed025c85831ec4810fcdc372,ae0940c7ba40d54a22cea10149252772f8309462ed025c85831ec4810fcdc372,stage7_main_task_010,PASS
0,2c1f3b926397af0aa38d037c26edc98bae45d6163911ea1dc766b26b80280e44,2c1f3b926397af0aa38d037c26edc98bae45d6163911ea1dc766b26b80280e44,stage7_main_task_011,PASS
0,bd31ce52e40490dd69ed6b5509cdf53318de26126d70683458a13262f583ffb4,bd31ce52e40490dd69ed6b5509cdf53318de26126d70683458a13262f583ffb4,stage7_main_task_012,PASS
0,789935a182df950c4266c1ad065f1c3b4d8b9d43f2f2932cf3d04faee6ed108e,789935a182df950c4266c1ad065f1c3b4d8b9d43f2f2932cf3d04faee6ed108e,stage7_main_task_013,PASS
0,f92b5cb2c2063302c70913fe571499518a621f790eec9d24c264fb61e92632b1,f92b5cb2c2063302c70913fe571499518a621f790eec9d24c264fb61e92632b1,stage7_main_task_014,PASS
0,ff3b418a35e74bd79fd084f729832f1213b422e203c79b51cb1baa0614c09d9c,ff3b418a35e74bd79fd084f729832f1213b422e203c79b51cb1baa0614c09d9c,stage7_main_task_015,PASS
0,75d10c8987e25e6e02e85f3a3b0232773b66f59ab1679ec31869f501812315ce,75d10c8987e25e6e02e85f3a3b0232773b66f59ab1679ec31869f501812315ce,stage7_main_task_016,PASS
0,9e4fc6426cd8c92df47ab1941f1d63427adb988af6a1ede7b77406573e3c557c,9e4fc6426cd8c92df47ab1941f1d63427adb988af6a1ede7b77406573e3c557c,stage7_main_task_017,PASS
0,154fffef4d64baad2ec634f7138731bced559a9b468fd3eba82dcd93ad8ee5bd,154fffef4d64baad2ec634f7138731bced559a9b468fd3eba82dcd93ad8ee5bd,stage7_main_task_018,PASS
0,6cb7596e5388aaa6d15fc6387f44ee3517426a941da6944d1c99ab43e3a01a91,6cb7596e5388aaa6d15fc6387f44ee3517426a941da6944d1c99ab43e3a01a91,stage7_main_task_019,PASS
0,997e6882c9ad3bae99c702b9c481940c6a4b5c62d83c5740bc87ac95f67f1fd0,997e6882c9ad3bae99c702b9c481940c6a4b5c62d83c5740bc87ac95f67f1fd0,stage7_main_task_020,PASS
0,29c30688b4f2e625738d3c232dacc4100b5ad9943953b8b6cbaa3a8bdeb2e743,29c30688b4f2e625738d3c232dacc4100b5ad9943953b8b6cbaa3a8bdeb2e743,stage7_main_task_021,PASS
0,1e069155043bec212d4cdc2a0d6ad66704763e569934ea17f6e57be6888acbf1,1e069155043bec212d4cdc2a0d6ad66704763e569934ea17f6e57be6888acbf1,stage7_main_task_022,PASS
0,505995e8875a9cc10c158aca3c5c074107fead2dfc71f437abd8d4a9c3abf934,505995e8875a9cc10c158aca3c5c074107fead2dfc71f437abd8d4a9c3abf934,stage7_main_task_023,PASS
0,cdcd28f056277d62a37f07473786afeec7a1a3b9d046e86748c6a4035e4ecb56,cdcd28f056277d62a37f07473786afeec7a1a3b9d046e86748c6a4035e4ecb56,stage7_main_task_024,PASS
0,be6673e98f1c24faa0ad0d48de4370bef0960739cee15b3c0fad3f7321faafa5,be6673e98f1c24faa0ad0d48de4370bef0960739cee15b3c0fad3f7321faafa5,stage7_main_task_025,PASS
0,f9f68a6c85f1ae191bae8dae4c1ee84b2511d8626841bc01ec9084e3a6256632,f9f68a6c85f1ae191bae8dae4c1ee84b2511d8626841bc01ec9084e3a6256632,stage7_main_task_026,PASS
0,091c9889e0aff6899ada947108f649377b8e8f4b8d98aee6ec5ddfa5738ac92d,091c9889e0aff6899ada947108f649377b8e8f4b8d98aee6ec5ddfa5738ac92d,stage7_main_task_027,PASS
0,72de45cb4ac1fe959d359ffea353f1795b09f06843048d95c7a710627d89c5d1,72de45cb4ac1fe959d359ffea353f1795b09f06843048d95c7a710627d89c5d1,stage7_main_task_028,PASS
0,7b0a511e71cd4e44629c465458c2eb14e4d45f82c178a7fa4759413708bc4eda,7b0a511e71cd4e44629c465458c2eb14e4d45f82c178a7fa4759413708bc4eda,stage7_main_task_029,PASS
0,9ba05b547d14a962bca9cf4cd22862112f044f8ede3a9c43f6bba46ab1632044,9ba05b547d14a962bca9cf4cd22862112f044f8ede3a9c43f6bba46ab1632044,stage7_main_task_030,PASS
0,91196d4295b3ba73012dbce4af9b4acbff4f5a765a7312b54535a57c140d269d,91196d4295b3ba73012dbce4af9b4acbff4f5a765a7312b54535a57c140d269d,stage7_main_task_031,PASS
0,261d07f536287f3b610570d7196020d29c3bb164f05923664fba9ff16df8460b,261d07f536287f3b610570d7196020d29c3bb164f05923664fba9ff16df8460b,stage7_main_task_032,PASS
0,72510c317203fe83888408ee4caab301adbde076f939f6e6d0f044136a43f3c4,72510c317203fe83888408ee4caab301adbde076f939f6e6d0f044136a43f3c4,stage7_main_task_033,PASS
0,2201afded0a648cb25f9e19587fcda7e5ee00dd43b76c4d5f413c34ed2e3aed7,2201afded0a648cb25f9e19587fcda7e5ee00dd43b76c4d5f413c34ed2e3aed7,stage7_main_task_034,PASS
0,d2d500f85e41d849b671ad7a2884201ed8089ed6ddaab6fdb025ca50792d239e,d2d500f85e41d849b671ad7a2884201ed8089ed6ddaab6fdb025ca50792d239e,stage7_main_task_035,PASS
0,ac6a628404b0d5c04a151675ee81c98c0c32fe6410f384f892666d4c1e88f350,ac6a628404b0d5c04a151675ee81c98c0c32fe6410f384f892666d4c1e88f350,stage7_main_task_036,PASS
0,5ea87d78d237627a5ad4fe686e5e8abad62550f7fd13f02d3522639e44382ba5,5ea87d78d237627a5ad4fe686e5e8abad62550f7fd13f02d3522639e44382ba5,stage7_main_task_037,PASS
0,baadd868f10c04de3bf744bc83ccfc708835dd2f0c6c6f931267ba287f99bd07,baadd868f10c04de3bf744bc83ccfc708835dd2f0c6c6f931267ba287f99bd07,stage7_main_task_038,PASS
0,b07a2962af294de8ecc9f221e3bc8d38a28101f7e38a26e136f2dffb0a92069d,b07a2962af294de8ecc9f221e3bc8d38a28101f7e38a26e136f2dffb0a92069d,stage7_main_task_039,PASS
0,791bf9997b8c5934c3cbe669bcfa0429db5c74c627ad7a01cf7c4e8b2d097766,791bf9997b8c5934c3cbe669bcfa0429db5c74c627ad7a01cf7c4e8b2d097766,stage7_main_task_040,PASS
0,23e62eca577abeffe9ff743365fc65610bb0da344321de330fa7d14d3bb33061,23e62eca577abeffe9ff743365fc65610bb0da344321de330fa7d14d3bb33061,stage7_main_task_041,PASS
0,326b1910c4372e6a400efa8f36cd08c90391d9c6bea38256e5a58e5acc9ed990,326b1910c4372e6a400efa8f36cd08c90391d9c6bea38256e5a58e5acc9ed990,stage7_main_task_042,PASS
0,db955e9480e2157ab147b0f8b16c9b96ad8225192ef7574c487e4af9994589f0,db955e9480e2157ab147b0f8b16c9b96ad8225192ef7574c487e4af9994589f0,stage7_main_task_043,PASS
0,5f139972e5ea024cc937e3a91712c732b0bbc8e91bb47c2627ff5a0eb1b865f2,5f139972e5ea024cc937e3a91712c732b0bbc8e91bb47c2627ff5a0eb1b865f2,stage7_main_task_044,PASS
0,fe5f597f85f4c88f48d43bf0a217270c391557b693c1ebaf1e0da5b125745b04,fe5f597f85f4c88f48d43bf0a217270c391557b693c1ebaf1e0da5b125745b04,stage7_main_task_045,PASS
0,d64332c2a43aa7d8d4ca7b9ae7239dbac9bbfed813671c289313d6f14cf2b504,d64332c2a43aa7d8d4ca7b9ae7239dbac9bbfed813671c289313d6f14cf2b504,stage7_main_task_046,PASS
0,32cbe0b3109cd13ca1ce0aae44b87e70c151fe28d02467ade40405c5a5ae5781,32cbe0b3109cd13ca1ce0aae44b87e70c151fe28d02467ade40405c5a5ae5781,stage7_main_task_047,PASS
