abstain_count,abstain_related_upstream_context_present_in_b0,abstain_related_upstream_context_present_in_b1,claim_opportunity_count,expressible_count,status,task_id,upstream_evidence_count
1,true,true,11,10,PASS,stage7_main_task_000,9
9,true,true,29,20,PASS,stage7_main_task_001,41
15,true,true,44,29,PASS,stage7_main_task_002,11
3,true,true,23,20,PASS,stage7_main_task_003,4
6,true,true,35,29,PASS,stage7_main_task_004,7
0,true,true,3,3,PASS,stage7_main_task_005,71
1,true,true,10,9,PASS,stage7_main_task_006,4
2,true,true,3,1,PASS,stage7_main_task_007,6
2,true,true,11,9,PASS,stage7_main_task_008,14
1,true,true,10,9,PASS,stage7_main_task_009,4
3,true,true,46,43,PASS,stage7_main_task_010,11
25,true,true,126,101,PASS,stage7_main_task_011,78
6,true,true,34,28,PASS,stage7_main_task_012,7
1,true,true,10,9,PASS,stage7_main_task_013,4
13,true,true,25,12,PASS,stage7_main_task_014,92
14,true,true,19,5,PASS,stage7_main_task_015,49
4,true,true,19,15,PASS,stage7_main_task_016,5
1,true,true,31,30,PASS,stage7_main_task_017,50
5,true,true,14,9,PASS,stage7_main_task_018,4
5,true,true,23,18,PASS,stage7_main_task_019,11
16,true,true,23,7,PASS,stage7_main_task_020,54
48,true,true,177,129,PASS,stage7_main_task_021,83
0,true,true,6,6,PASS,stage7_main_task_022,70
1,true,true,18,17,PASS,stage7_main_task_023,5
6,true,true,30,24,PASS,stage7_main_task_024,8
16,true,true,22,6,PASS,stage7_main_task_025,75
0,true,true,11,11,PASS,stage7_main_task_026,19
3,true,true,4,1,PASS,stage7_main_task_027,4
16,true,true,28,12,PASS,stage7_main_task_028,121
6,true,true,30,24,PASS,stage7_main_task_029,38
6,true,true,30,24,PASS,stage7_main_task_030,8
3,true,true,11,8,PASS,stage7_main_task_031,4
40,true,true,160,120,PASS,stage7_main_task_032,31
2,true,true,56,54,PASS,stage7_main_task_033,106
18,true,true,28,10,PASS,stage7_main_task_034,83
5,true,true,12,7,PASS,stage7_main_task_035,4
0,true,true,6,6,PASS,stage7_main_task_036,65
6,true,true,34,28,PASS,stage7_main_task_037,39
15,true,true,36,21,PASS,stage7_main_task_038,10
5,true,true,12,7,PASS,stage7_main_task_039,4
10,true,true,20,10,PASS,stage7_main_task_040,55
10,true,true,20,10,PASS,stage7_main_task_041,55
6,true,true,34,28,PASS,stage7_main_task_042,39
4,true,true,50,46,PASS,stage7_main_task_043,35
0,true,true,34,34,PASS,stage7_main_task_044,39
0,true,true,34,34,PASS,stage7_main_task_045,39
17,true,true,34,17,PASS,stage7_main_task_046,123
10,true,true,100,90,PASS,stage7_main_task_047,103
