b0_b1_evidence_difference_count,b0_b1_product_contract_difference_count,b0_snapshot_hash,b1_snapshot_hash,benchmark_task_id,status
0,0,55af3d0be8d486e37a6296dd01ba9d04abfd55def4bfdf522410e48da7388b68,55af3d0be8d486e37a6296dd01ba9d04abfd55def4bfdf522410e48da7388b68,stage7_main_task_000,PASS
0,0,a54c99855e522d462586d75b2cea0414e1993c0629eec939da8f3f328d160f3b,a54c99855e522d462586d75b2cea0414e1993c0629eec939da8f3f328d160f3b,stage7_main_task_001,PASS
0,0,88b5104bab775511113f48c1f2ef67c4b2c0e537deeb9fa9b0d903cfe6f08d0b,88b5104bab775511113f48c1f2ef67c4b2c0e537deeb9fa9b0d903cfe6f08d0b,stage7_main_task_002,PASS
0,0,b4d2aef444cd0bd89a3984e0d4142eebff06e5abb792e41c13fb8d634d903b39,b4d2aef444cd0bd89a3984e0d4142eebff06e5abb792e41c13fb8d634d903b39,stage7_main_task_003,PASS
0,0,8a8813f5ea91541b69d1af261ac65c3dc195a4b8b9c5cb5aaf7978db2c43c553,8a8813f5ea91541b69d1af261ac65c3dc195a4b8b9c5cb5aaf7978db2c43c553,stage7_main_task_004,PASS
0,0,21db3f5afa38b30c2f7c053a18fc62f95f6579c11824026580641fa3011615a7,21db3f5afa38b30c2f7c053a18fc62f95f6579c11824026580641fa3011615a7,stage7_main_task_005,PASS
0,0,e95959f90da35bfeb11a62be457f4c9140414b51fd9373bc5611f0dc1ba42a23,e95959f90da35bfeb11a62be457f4c9140414b51fd9373bc5611f0dc1ba42a23,stage7_main_task_006,PASS
0,0,346073a891ed763960fd515ab426abbe7093c30751ca0e1d487ad2005a590e53,346073a891ed763960fd515ab426abbe7093c30751ca0e1d487ad2005a590e53,stage7_main_task_007,PASS
0,0,a1f1af1a69bec2d578e50158eee81c789d7f69a3e7d128a4880959a7027c0127,a1f1af1a69bec2d578e50158eee81c789d7f69a3e7d128a4880959a7027c0127,stage7_main_task_008,PASS
0,0,da086236548744860e67f42c72cabad56acbbc8beb9fc4f0b753908172fd72f3,da086236548744860e67f42c72cabad56acbbc8beb9fc4f0b753908172fd72f3,stage7_main_task_009,PASS
0,0,391c19f095157d00aa53e6e7065a9c967501cd7273b26b03f4716ad76dacbd27,391c19f095157d00aa53e6e7065a9c967501cd7273b26b03f4716ad76dacbd27,stage7_main_task_010,PASS
0,0,58e423dfe324e5308a8515c5df832e7cdf6f59e38a49b21a88c67917db5a5654,58e423dfe324e5308a8515c5df832e7cdf6f59e38a49b21a88c67917db5a5654,stage7_main_task_011,PASS
0,0,81b7ea5e055fcea8e3d9d8e2bf12032c703d36297143ea07d68a20415d65b6c2,81b7ea5e055fcea8e3d9d8e2bf12032c703d36297143ea07d68a20415d65b6c2,stage7_main_task_012,PASS
0,0,f61c645cab1c15dcc3d0f430648dea2a1719c6cbf424dd45b97850daf86480bd,f61c645cab1c15dcc3d0f430648dea2a1719c6cbf424dd45b97850daf86480bd,stage7_main_task_013,PASS
0,0,9301b6ad9717c938df830dbd6a33a0199813f5487eb9667426320958e94b363c,9301b6ad9717c938df830dbd6a33a0199813f5487eb9667426320958e94b363c,stage7_main_task_014,PASS
0,0,decad7bfaf6244067b94becc9ca9ad599d273cb54193f12a2736dd2127fa4e8f,decad7bfaf6244067b94becc9ca9ad599d273cb54193f12a2736dd2127fa4e8f,stage7_main_task_015,PASS
0,0,8673a7f954dd1ea5a941451e943eca86ce18a1c153a90ca6d9bb061883910274,8673a7f954dd1ea5a941451e943eca86ce18a1c153a90ca6d9bb061883910274,stage7_main_task_016,PASS
0,0,cab13899f71818336c3cc422f8a773f350ee9f17821a7f925253ea07db3a27c8,cab13899f71818336c3cc422f8a773f350ee9f17821a7f925253ea07db3a27c8,stage7_main_task_017,PASS
0,0,62433fab98697bc351e7677c1f16838c2c6032deae31819fe5a53c09a446eff0,62433fab98697bc351e7677c1f16838c2c6032deae31819fe5a53c09a446eff0,stage7_main_task_018,PASS
0,0,95303f6e1d07f63695fdfa26e925c542bc68fef441b84c0d627a4838f3c348d8,95303f6e1d07f63695fdfa26e925c542bc68fef441b84c0d627a4838f3c348d8,stage7_main_task_019,PASS
0,0,3b55d9da82affa5d012247c883482c6617a1f6f7e9cfba411bcbeb7163fc48c1,3b55d9da82affa5d012247c883482c6617a1f6f7e9cfba411bcbeb7163fc48c1,stage7_main_task_020,PASS
0,0,97c9c99513e63a0ce2b66f5e5d1f0b1e7f4d5fe1e6a1466db4295eda3e70537e,97c9c99513e63a0ce2b66f5e5d1f0b1e7f4d5fe1e6a1466db4295eda3e70537e,stage7_main_task_021,PASS
0,0,d81d99473321f76f3a0453cd8e6c1f7b82b0bf285a8151140df13b73d8782c9f,d81d99473321f76f3a0453cd8e6c1f7b82b0bf285a8151140df13b73d8782c9f,stage7_main_task_022,PASS
0,0,051d2fdb81691a69a5052bc3b18deaeaadf30fee81868283f1cdd8d7312c2dfc,051d2fdb81691a69a5052bc3b18deaeaadf30fee81868283f1cdd8d7312c2dfc,stage7_main_task_023,PASS
0,0,b9d37f7e34ab8596db224e6739668e68664da380887c5c6c9745ca3a9ef409a8,b9d37f7e34ab8596db224e6739668e68664da380887c5c6c9745ca3a9ef409a8,stage7_main_task_024,PASS
0,0,c0dc5f258033899e642b27b0f1eb3a8ff86011b205cdf7ce66570ddb736894cc,c0dc5f258033899e642b27b0f1eb3a8ff86011b205cdf7ce66570ddb736894cc,stage7_main_task_025,PASS
0,0,d25938b4bc010a6e643fe440722c609c40e1397a85a1d7814ea70d1d0533a095,d25938b4bc010a6e643fe440722c609c40e1397a85a1d7814ea70d1d0533a095,stage7_main_task_026,PASS
0,0,7709201dce4c4a5ab18d753eb49ef84b8698e72597a3d5cfdd46f1a44c5595d9,7709201dce4c4a5ab18d753eb49ef84b8698e72597a3d5cfdd46f1a44c5595d9,stage7_main_task_027,PASS
0,0,2147925f8da894ed8d010e18e3914d703da34c059ab6c3d681cd97c3bd350cc2,2147925f8da894ed8d010e18e3914d703da34c059ab6c3d681cd97c3bd350cc2,stage7_main_task_028,PASS
0,0,899d0cb8ce560d60a978f8facb8c2c57243e0a9bfa333bf29f928d5cea91c86c,899d0cb8ce560d60a978f8facb8c2c57243e0a9bfa333bf29f928d5cea91c86c,stage7_main_task_029,PASS
0,0,4cfa6bdf2c34cfc4007fd1f866cb960ce3d218a82bac4c5b87c93056df8f787f,4cfa6bdf2c34cfc4007fd1f866cb960ce3d218a82bac4c5b87c93056df8f787f,stage7_main_task_030,PASS
0,0,dbe178571380fcc7f53e54c796e5deb4cee411a8d85403eea62e35d0117830f3,dbe178571380fcc7f53e54c796e5deb4cee411a8d85403eea62e35d0117830f3,stage7_main_task_031,PASS
0,0,af7f3919fc155913f27c82ec64970c97eddbb63565f35af97925ed9782d04b53,af7f3919fc155913f27c82ec64970c97eddbb63565f35af97925ed9782d04b53,stage7_main_task_032,PASS
0,0,b88f8a5f1f152489813888bc5e463698dbd259efd9dba001e2862baebf5483df,b88f8a5f1f152489813888bc5e463698dbd259efd9dba001e2862baebf5483df,stage7_main_task_033,PASS
0,0,192eb17f6c85bce9057d362e9c499c499d56a5e7d24a1d085923e300dbd1f1bc,192eb17f6c85bce9057d362e9c499c499d56a5e7d24a1d085923e300dbd1f1bc,stage7_main_task_034,PASS
0,0,967bd922f27375950cd7ef71e00c6d35b33ea9bc9d51b8d781704737cf67bd09,967bd922f27375950cd7ef71e00c6d35b33ea9bc9d51b8d781704737cf67bd09,stage7_main_task_035,PASS
0,0,cb599057a2244024a83aa5c7bc67e37643c3284105a530dd95e168bf8e7107fa,cb599057a2244024a83aa5c7bc67e37643c3284105a530dd95e168bf8e7107fa,stage7_main_task_036,PASS
0,0,25c87c1ffd303bcad82cec68d9524e32942248b02739e205890e4fd8bb8e7c6a,25c87c1ffd303bcad82cec68d9524e32942248b02739e205890e4fd8bb8e7c6a,stage7_main_task_037,PASS
0,0,2cf4702ee90eccb88a1f58de3f7cca83486bb42c7b0e2f47f48cd71d5c12eec8,2cf4702ee90eccb88a1f58de3f7cca83486bb42c7b0e2f47f48cd71d5c12eec8,stage7_main_task_038,PASS
0,0,ccc6e5bdba26dc9a6848160495e1478ee92ff13f3a96ee4b7a2aed9f9354d2d0,ccc6e5bdba26dc9a6848160495e1478ee92ff13f3a96ee4b7a2aed9f9354d2d0,stage7_main_task_039,PASS
0,0,a4e6d3bfe088e613a238cbfa22a6acdc6a2d011c2d830c49efda96ae2dd76db4,a4e6d3bfe088e613a238cbfa22a6acdc6a2d011c2d830c49efda96ae2dd76db4,stage7_main_task_040,PASS
0,0,ee9e018f0450f9917d24d13c8f86e0c1e9b98af86e3699e6e76b3c3b93ecb6be,ee9e018f0450f9917d24d13c8f86e0c1e9b98af86e3699e6e76b3c3b93ecb6be,stage7_main_task_041,PASS
0,0,0601cd224361589275fb76b10b2a7fd212e164441e307443f7c2b77fade12076,0601cd224361589275fb76b10b2a7fd212e164441e307443f7c2b77fade12076,stage7_main_task_042,PASS
0,0,fa7d9b70305b009651406c6650f966bc48c5e82f6a8922960aaf1d1264f1fbb6,fa7d9b70305b009651406c6650f966bc48c5e82f6a8922960aaf1d1264f1fbb6,stage7_main_task_043,PASS
0,0,dccfb74cb3267714e01a243fcd88fbf359ea3fdffacf744a29dd5fc378c8ab71,dccfb74cb3267714e01a243fcd88fbf359ea3fdffacf744a29dd5fc378c8ab71,stage7_main_task_044,PASS
0,0,ffe09848db2caf91f53ccacbc4440c2725d5c7d3605a5aafea1ea1bf7f0645d5,ffe09848db2caf91f53ccacbc4440c2725d5c7d3605a5aafea1ea1bf7f0645d5,stage7_main_task_045,PASS
0,0,d35bab76054f788986ff7d574d567c40e3b779ca434c400f5a4e9ea70936d004,d35bab76054f788986ff7d574d567c40e3b779ca434c400f5a4e9ea70936d004,stage7_main_task_046,PASS
0,0,72e25a8cd0aa51a42ccf5d279f582c4b3bd25ad149ead16a0e19f739608c1cfe,72e25a8cd0aa51a42ccf5d279f582c4b3bd25ad149ead16a0e19f739608c1cfe,stage7_main_task_047,PASS
