arm_internal,execution_status,knowledge_as_of,notes,product_type,request_count,task_id,valid_date
P_FULL,FROZEN_OUTPUT_REUSED,2023-10-07,45_OUTPUTS_AND_3_FROZEN_NO_OUTPUTS,all,0,stage7_main_task_000,2023-10-07
A1_NO_SEMANTIC_CLAIM_GATE,NOT_EXECUTABLE,2023-10-07,NO_CONCRETE_GATE_BYPASS_CANDIDATES,all,0,stage7_main_task_000,2023-10-07
A2_NO_ARCHITECTURAL_ABSTENTION,P_OUTPUT_REUSED,2023-10-07,ZERO_LEGAL_FACTLOCK_SECTION_ONLY,all,0,stage7_main_task_000,2023-10-07
A3_NO_FACTLOCK,REQUESTS_MATERIALIZED,2023-10-07,FROZEN_P_PLAN_REUSED,all,2,stage7_main_task_000,2023-10-07
A4_FREE_FINAL_REALIZATION,REQUEST_MATERIALIZED,2023-10-07,FACT_LOCK_COUNT=10,all,1,stage7_main_task_000,2023-10-07
P_FULL,FROZEN_OUTPUT_REUSED,2023-12-28,45_OUTPUTS_AND_3_FROZEN_NO_OUTPUTS,all,0,stage7_main_task_001,2023-12-28
A1_NO_SEMANTIC_CLAIM_GATE,NOT_EXECUTABLE,2023-12-28,NO_CONCRETE_GATE_BYPASS_CANDIDATES,all,0,stage7_main_task_001,2023-12-28
A2_NO_ARCHITECTURAL_ABSTENTION,P_OUTPUT_REUSED,2023-12-28,ZERO_LEGAL_FACTLOCK_SECTION_ONLY,all,0,stage7_main_task_001,2023-12-28
A3_NO_FACTLOCK,REQUESTS_MATERIALIZED,2023-12-28,FROZEN_P_PLAN_REUSED,all,3,stage7_main_task_001,2023-12-28
A4_FREE_FINAL_REALIZATION,REQUEST_MATERIALIZED,2023-12-28,FACT_LOCK_COUNT=20,all,1,stage7_main_task_001,2023-12-28
P_FULL,FROZEN_OUTPUT_REUSED,2023-11-18,45_OUTPUTS_AND_3_FROZEN_NO_OUTPUTS,forward_attention,0,stage7_main_task_002,2023-11-17
A1_NO_SEMANTIC_CLAIM_GATE,NOT_EXECUTABLE,2023-11-18,NO_CONCRETE_GATE_BYPASS_CANDIDATES,forward_attention,0,stage7_main_task_002,2023-11-17
A2_NO_ARCHITECTURAL_ABSTENTION,REQUEST_MATERIALIZED,2023-11-18,ZERO_LEGAL_FACTLOCK_SECTION_ONLY,forward_attention,1,stage7_main_task_002,2023-11-17
A3_NO_FACTLOCK,REQUESTS_MATERIALIZED,2023-11-18,FROZEN_P_PLAN_REUSED,forward_attention,4,stage7_main_task_002,2023-11-17
A4_FREE_FINAL_REALIZATION,REQUEST_MATERIALIZED,2023-11-18,FACT_LOCK_COUNT=29,forward_attention,1,stage7_main_task_002,2023-11-17
P_FULL,FROZEN_OUTPUT_REUSED,2023-10-02,45_OUTPUTS_AND_3_FROZEN_NO_OUTPUTS,daily_review,0,stage7_main_task_003,2023-10-02
A1_NO_SEMANTIC_CLAIM_GATE,NOT_EXECUTABLE,2023-10-02,NO_CONCRETE_GATE_BYPASS_CANDIDATES,daily_review,0,stage7_main_task_003,2023-10-02
A2_NO_ARCHITECTURAL_ABSTENTION,REQUEST_MATERIALIZED,2023-10-02,ZERO_LEGAL_FACTLOCK_SECTION_ONLY,daily_review,2,stage7_main_task_003,2023-10-02
A3_NO_FACTLOCK,REQUESTS_MATERIALIZED,2023-10-02,FROZEN_P_PLAN_REUSED,daily_review,3,stage7_main_task_003,2023-10-02
A4_FREE_FINAL_REALIZATION,REQUEST_MATERIALIZED,2023-10-02,FACT_LOCK_COUNT=20,daily_review,1,stage7_main_task_003,2023-10-02
P_FULL,FROZEN_OUTPUT_REUSED,2023-12-20,45_OUTPUTS_AND_3_FROZEN_NO_OUTPUTS,forward_attention,0,stage7_main_task_004,2023-12-20
A1_NO_SEMANTIC_CLAIM_GATE,NOT_EXECUTABLE,2023-12-20,NO_CONCRETE_GATE_BYPASS_CANDIDATES,forward_attention,0,stage7_main_task_004,2023-12-20
A2_NO_ARCHITECTURAL_ABSTENTION,REQUEST_MATERIALIZED,2023-12-20,ZERO_LEGAL_FACTLOCK_SECTION_ONLY,forward_attention,1,stage7_main_task_004,2023-12-20
A3_NO_FACTLOCK,REQUESTS_MATERIALIZED,2023-12-20,FROZEN_P_PLAN_REUSED,forward_attention,4,stage7_main_task_004,2023-12-20
A4_FREE_FINAL_REALIZATION,REQUEST_MATERIALIZED,2023-12-20,FACT_LOCK_COUNT=29,forward_attention,1,stage7_main_task_004,2023-12-20
P_FULL,FROZEN_OUTPUT_REUSED,2023-09-28,45_OUTPUTS_AND_3_FROZEN_NO_OUTPUTS,metric_review,0,stage7_main_task_005,2023-09-28
A1_NO_SEMANTIC_CLAIM_GATE,NOT_EXECUTABLE,2023-09-28,NO_CONCRETE_GATE_BYPASS_CANDIDATES,metric_review,0,stage7_main_task_005,2023-09-28
A2_NO_ARCHITECTURAL_ABSTENTION,P_OUTPUT_REUSED,2023-09-28,ZERO_LEGAL_FACTLOCK_SECTION_ONLY,metric_review,0,stage7_main_task_005,2023-09-28
A3_NO_FACTLOCK,REQUESTS_MATERIALIZED,2023-09-28,FROZEN_P_PLAN_REUSED,metric_review,1,stage7_main_task_005,2023-09-28
A4_FREE_FINAL_REALIZATION,REQUEST_MATERIALIZED,2023-09-28,FACT_LOCK_COUNT=3,metric_review,1,stage7_main_task_005,2023-09-28
P_FULL,FROZEN_OUTPUT_REUSED,2023-10-28,45_OUTPUTS_AND_3_FROZEN_NO_OUTPUTS,all,0,stage7_main_task_006,2023-10-28
A1_NO_SEMANTIC_CLAIM_GATE,NOT_EXECUTABLE,2023-10-28,NO_CONCRETE_GATE_BYPASS_CANDIDATES,all,0,stage7_main_task_006,2023-10-28
A2_NO_ARCHITECTURAL_ABSTENTION,REQUEST_MATERIALIZED,2023-10-28,ZERO_LEGAL_FACTLOCK_SECTION_ONLY,all,1,stage7_main_task_006,2023-10-28
A3_NO_FACTLOCK,REQUESTS_MATERIALIZED,2023-10-28,FROZEN_P_PLAN_REUSED,all,2,stage7_main_task_006,2023-10-28
A4_FREE_FINAL_REALIZATION,REQUEST_MATERIALIZED,2023-10-28,FACT_LOCK_COUNT=9,all,1,stage7_main_task_006,2023-10-28
P_FULL,FROZEN_OUTPUT_REUSED,2023-12-29,45_OUTPUTS_AND_3_FROZEN_NO_OUTPUTS,metric_review,0,stage7_main_task_007,2023-12-29
A1_NO_SEMANTIC_CLAIM_GATE,NOT_EXECUTABLE,2023-12-29,NO_CONCRETE_GATE_BYPASS_CANDIDATES,metric_review,0,stage7_main_task_007,2023-12-29
A2_NO_ARCHITECTURAL_ABSTENTION,REQUEST_MATERIALIZED,2023-12-29,ZERO_LEGAL_FACTLOCK_SECTION_ONLY,metric_review,2,stage7_main_task_007,2023-12-29
A3_NO_FACTLOCK,REQUESTS_MATERIALIZED,2023-12-29,FROZEN_P_PLAN_REUSED,metric_review,1,stage7_main_task_007,2023-12-29
A4_FREE_FINAL_REALIZATION,REQUEST_MATERIALIZED,2023-12-29,FACT_LOCK_COUNT=1,metric_review,1,stage7_main_task_007,2023-12-29
P_FULL,FROZEN_OUTPUT_REUSED,2023-11-13,45_OUTPUTS_AND_3_FROZEN_NO_OUTPUTS,daily_review,0,stage7_main_task_008,2023-11-13
A1_NO_SEMANTIC_CLAIM_GATE,NOT_EXECUTABLE,2023-11-13,NO_CONCRETE_GATE_BYPASS_CANDIDATES,daily_review,0,stage7_main_task_008,2023-11-13
A2_NO_ARCHITECTURAL_ABSTENTION,P_OUTPUT_REUSED,2023-11-13,ZERO_LEGAL_FACTLOCK_SECTION_ONLY,daily_review,0,stage7_main_task_008,2023-11-13
A3_NO_FACTLOCK,REQUESTS_MATERIALIZED,2023-11-13,FROZEN_P_PLAN_REUSED,daily_review,2,stage7_main_task_008,2023-11-13
A4_FREE_FINAL_REALIZATION,REQUEST_MATERIALIZED,2023-11-13,FACT_LOCK_COUNT=9,daily_review,1,stage7_main_task_008,2023-11-13
P_FULL,FROZEN_OUTPUT_REUSED,2023-11-18,45_OUTPUTS_AND_3_FROZEN_NO_OUTPUTS,forward_attention,0,stage7_main_task_009,2023-11-18
A1_NO_SEMANTIC_CLAIM_GATE,NOT_EXECUTABLE,2023-11-18,NO_CONCRETE_GATE_BYPASS_CANDIDATES,forward_attention,0,stage7_main_task_009,2023-11-18
A2_NO_ARCHITECTURAL_ABSTENTION,REQUEST_MATERIALIZED,2023-11-18,ZERO_LEGAL_FACTLOCK_SECTION_ONLY,forward_attention,1,stage7_main_task_009,2023-11-18
A3_NO_FACTLOCK,REQUESTS_MATERIALIZED,2023-11-18,FROZEN_P_PLAN_REUSED,forward_attention,2,stage7_main_task_009,2023-11-18
A4_FREE_FINAL_REALIZATION,REQUEST_MATERIALIZED,2023-11-18,FACT_LOCK_COUNT=9,forward_attention,1,stage7_main_task_009,2023-11-18
P_FULL,FROZEN_OUTPUT_REUSED,2023-12-09,45_OUTPUTS_AND_3_FROZEN_NO_OUTPUTS,forward_attention,0,stage7_main_task_010,2023-12-09
A1_NO_SEMANTIC_CLAIM_GATE,NOT_EXECUTABLE,2023-12-09,NO_CONCRETE_GATE_BYPASS_CANDIDATES,forward_attention,0,stage7_main_task_010,2023-12-09
A2_NO_ARCHITECTURAL_ABSTENTION,REQUEST_MATERIALIZED,2023-12-09,ZERO_LEGAL_FACTLOCK_SECTION_ONLY,forward_attention,1,stage7_main_task_010,2023-12-09
A3_NO_FACTLOCK,REQUESTS_MATERIALIZED,2023-12-09,FROZEN_P_PLAN_REUSED,forward_attention,6,stage7_main_task_010,2023-12-09
A4_FREE_FINAL_REALIZATION,REQUEST_MATERIALIZED,2023-12-09,FACT_LOCK_COUNT=43,forward_attention,1,stage7_main_task_010,2023-12-09
P_FULL,FROZEN_OUTPUT_REUSED,2023-11-22,45_OUTPUTS_AND_3_FROZEN_NO_OUTPUTS,all,0,stage7_main_task_011,2023-11-22
A1_NO_SEMANTIC_CLAIM_GATE,NOT_EXECUTABLE,2023-11-22,NO_CONCRETE_GATE_BYPASS_CANDIDATES,all,0,stage7_main_task_011,2023-11-22
A2_NO_ARCHITECTURAL_ABSTENTION,P_OUTPUT_REUSED,2023-11-22,ZERO_LEGAL_FACTLOCK_SECTION_ONLY,all,0,stage7_main_task_011,2023-11-22
A3_NO_FACTLOCK,REQUESTS_MATERIALIZED,2023-11-22,FROZEN_P_PLAN_REUSED,all,13,stage7_main_task_011,2023-11-22
A4_FREE_FINAL_REALIZATION,REQUEST_MATERIALIZED,2023-11-22,FACT_LOCK_COUNT=101,all,1,stage7_main_task_011,2023-11-22
P_FULL,FROZEN_OUTPUT_REUSED,2023-12-23,45_OUTPUTS_AND_3_FROZEN_NO_OUTPUTS,forward_attention,0,stage7_main_task_012,2023-12-23
A1_NO_SEMANTIC_CLAIM_GATE,NOT_EXECUTABLE,2023-12-23,NO_CONCRETE_GATE_BYPASS_CANDIDATES,forward_attention,0,stage7_main_task_012,2023-12-23
A2_NO_ARCHITECTURAL_ABSTENTION,REQUEST_MATERIALIZED,2023-12-23,ZERO_LEGAL_FACTLOCK_SECTION_ONLY,forward_attention,1,stage7_main_task_012,2023-12-23
A3_NO_FACTLOCK,REQUESTS_MATERIALIZED,2023-12-23,FROZEN_P_PLAN_REUSED,forward_attention,4,stage7_main_task_012,2023-12-23
A4_FREE_FINAL_REALIZATION,REQUEST_MATERIALIZED,2023-12-23,FACT_LOCK_COUNT=28,forward_attention,1,stage7_main_task_012,2023-12-23
P_FULL,FROZEN_OUTPUT_REUSED,2023-09-17,45_OUTPUTS_AND_3_FROZEN_NO_OUTPUTS,forward_attention,0,stage7_main_task_013,2023-09-17
A1_NO_SEMANTIC_CLAIM_GATE,NOT_EXECUTABLE,2023-09-17,NO_CONCRETE_GATE_BYPASS_CANDIDATES,forward_attention,0,stage7_main_task_013,2023-09-17
A2_NO_ARCHITECTURAL_ABSTENTION,REQUEST_MATERIALIZED,2023-09-17,ZERO_LEGAL_FACTLOCK_SECTION_ONLY,forward_attention,1,stage7_main_task_013,2023-09-17
A3_NO_FACTLOCK,REQUESTS_MATERIALIZED,2023-09-17,FROZEN_P_PLAN_REUSED,forward_attention,2,stage7_main_task_013,2023-09-17
A4_FREE_FINAL_REALIZATION,REQUEST_MATERIALIZED,2023-09-17,FACT_LOCK_COUNT=9,forward_attention,1,stage7_main_task_013,2023-09-17
P_FULL,FROZEN_OUTPUT_REUSED,2023-10-28,45_OUTPUTS_AND_3_FROZEN_NO_OUTPUTS,metric_review,0,stage7_main_task_014,2023-10-28
A1_NO_SEMANTIC_CLAIM_GATE,NOT_EXECUTABLE,2023-10-28,NO_CONCRETE_GATE_BYPASS_CANDIDATES,metric_review,0,stage7_main_task_014,2023-10-28
A2_NO_ARCHITECTURAL_ABSTENTION,P_OUTPUT_REUSED,2023-10-28,ZERO_LEGAL_FACTLOCK_SECTION_ONLY,metric_review,0,stage7_main_task_014,2023-10-28
A3_NO_FACTLOCK,REQUESTS_MATERIALIZED,2023-10-28,FROZEN_P_PLAN_REUSED,metric_review,2,stage7_main_task_014,2023-10-28
A4_FREE_FINAL_REALIZATION,REQUEST_MATERIALIZED,2023-10-28,FACT_LOCK_COUNT=12,metric_review,1,stage7_main_task_014,2023-10-28
P_FULL,FROZEN_OUTPUT_REUSED,2023-12-28,45_OUTPUTS_AND_3_FROZEN_NO_OUTPUTS,metric_review,0,stage7_main_task_015,2023-12-28
A1_NO_SEMANTIC_CLAIM_GATE,NOT_EXECUTABLE,2023-12-28,NO_CONCRETE_GATE_BYPASS_CANDIDATES,metric_review,0,stage7_main_task_015,2023-12-28
A2_NO_ARCHITECTURAL_ABSTENTION,P_OUTPUT_REUSED,2023-12-28,ZERO_LEGAL_FACTLOCK_SECTION_ONLY,metric_review,0,stage7_main_task_015,2023-12-28
A3_NO_FACTLOCK,REQUESTS_MATERIALIZED,2023-12-28,FROZEN_P_PLAN_REUSED,metric_review,1,stage7_main_task_015,2023-12-28
A4_FREE_FINAL_REALIZATION,REQUEST_MATERIALIZED,2023-12-28,FACT_LOCK_COUNT=5,metric_review,1,stage7_main_task_015,2023-12-28
P_FULL,FROZEN_OUTPUT_REUSED,2023-09-22,45_OUTPUTS_AND_3_FROZEN_NO_OUTPUTS,daily_review,0,stage7_main_task_016,2023-09-22
A1_NO_SEMANTIC_CLAIM_GATE,NOT_EXECUTABLE,2023-09-22,NO_CONCRETE_GATE_BYPASS_CANDIDATES,daily_review,0,stage7_main_task_016,2023-09-22
A2_NO_ARCHITECTURAL_ABSTENTION,REQUEST_MATERIALIZED,2023-09-22,ZERO_LEGAL_FACTLOCK_SECTION_ONLY,daily_review,2,stage7_main_task_016,2023-09-22
A3_NO_FACTLOCK,REQUESTS_MATERIALIZED,2023-09-22,FROZEN_P_PLAN_REUSED,daily_review,2,stage7_main_task_016,2023-09-22
A4_FREE_FINAL_REALIZATION,REQUEST_MATERIALIZED,2023-09-22,FACT_LOCK_COUNT=15,daily_review,1,stage7_main_task_016,2023-09-22
P_FULL,FROZEN_OUTPUT_REUSED,2023-10-14,45_OUTPUTS_AND_3_FROZEN_NO_OUTPUTS,daily_review,0,stage7_main_task_017,2023-10-14
A1_NO_SEMANTIC_CLAIM_GATE,NOT_EXECUTABLE,2023-10-14,NO_CONCRETE_GATE_BYPASS_CANDIDATES,daily_review,0,stage7_main_task_017,2023-10-14
A2_NO_ARCHITECTURAL_ABSTENTION,P_OUTPUT_REUSED,2023-10-14,ZERO_LEGAL_FACTLOCK_SECTION_ONLY,daily_review,0,stage7_main_task_017,2023-10-14
A3_NO_FACTLOCK,REQUESTS_MATERIALIZED,2023-10-14,FROZEN_P_PLAN_REUSED,daily_review,4,stage7_main_task_017,2023-10-14
A4_FREE_FINAL_REALIZATION,REQUEST_MATERIALIZED,2023-10-14,FACT_LOCK_COUNT=30,daily_review,1,stage7_main_task_017,2023-10-14
P_FULL,FROZEN_OUTPUT_REUSED,2023-10-08,45_OUTPUTS_AND_3_FROZEN_NO_OUTPUTS,forward_attention,0,stage7_main_task_018,2023-10-08
A1_NO_SEMANTIC_CLAIM_GATE,NOT_EXECUTABLE,2023-10-08,NO_CONCRETE_GATE_BYPASS_CANDIDATES,forward_attention,0,stage7_main_task_018,2023-10-08
A2_NO_ARCHITECTURAL_ABSTENTION,REQUEST_MATERIALIZED,2023-10-08,ZERO_LEGAL_FACTLOCK_SECTION_ONLY,forward_attention,1,stage7_main_task_018,2023-10-08
A3_NO_FACTLOCK,REQUESTS_MATERIALIZED,2023-10-08,FROZEN_P_PLAN_REUSED,forward_attention,2,stage7_main_task_018,2023-10-08
A4_FREE_FINAL_REALIZATION,REQUEST_MATERIALIZED,2023-10-08,FACT_LOCK_COUNT=9,forward_attention,1,stage7_main_task_018,2023-10-08
P_FULL,FROZEN_OUTPUT_REUSED,2023-09-15,45_OUTPUTS_AND_3_FROZEN_NO_OUTPUTS,all,0,stage7_main_task_019,2023-09-15
A1_NO_SEMANTIC_CLAIM_GATE,NOT_EXECUTABLE,2023-09-15,NO_CONCRETE_GATE_BYPASS_CANDIDATES,all,0,stage7_main_task_019,2023-09-15
A2_NO_ARCHITECTURAL_ABSTENTION,REQUEST_MATERIALIZED,2023-09-15,ZERO_LEGAL_FACTLOCK_SECTION_ONLY,all,2,stage7_main_task_019,2023-09-15
A3_NO_FACTLOCK,REQUESTS_MATERIALIZED,2023-09-15,FROZEN_P_PLAN_REUSED,all,3,stage7_main_task_019,2023-09-15
A4_FREE_FINAL_REALIZATION,REQUEST_MATERIALIZED,2023-09-15,FACT_LOCK_COUNT=18,all,1,stage7_main_task_019,2023-09-15
P_FULL,FROZEN_OUTPUT_REUSED,2023-12-03,45_OUTPUTS_AND_3_FROZEN_NO_OUTPUTS,metric_review,0,stage7_main_task_020,2023-12-02
A1_NO_SEMANTIC_CLAIM_GATE,NOT_EXECUTABLE,2023-12-03,NO_CONCRETE_GATE_BYPASS_CANDIDATES,metric_review,0,stage7_main_task_020,2023-12-02
A2_NO_ARCHITECTURAL_ABSTENTION,P_OUTPUT_REUSED,2023-12-03,ZERO_LEGAL_FACTLOCK_SECTION_ONLY,metric_review,0,stage7_main_task_020,2023-12-02
A3_NO_FACTLOCK,REQUESTS_MATERIALIZED,2023-12-03,FROZEN_P_PLAN_REUSED,metric_review,1,stage7_main_task_020,2023-12-02
A4_FREE_FINAL_REALIZATION,REQUEST_MATERIALIZED,2023-12-03,FACT_LOCK_COUNT=5,metric_review,1,stage7_main_task_020,2023-12-02
P_FULL,FROZEN_OUTPUT_REUSED,2023-12-19,45_OUTPUTS_AND_3_FROZEN_NO_OUTPUTS,all,0,stage7_main_task_021,2023-12-18
A1_NO_SEMANTIC_CLAIM_GATE,NOT_EXECUTABLE,2023-12-19,NO_CONCRETE_GATE_BYPASS_CANDIDATES,all,0,stage7_main_task_021,2023-12-18
A2_NO_ARCHITECTURAL_ABSTENTION,P_OUTPUT_REUSED,2023-12-19,ZERO_LEGAL_FACTLOCK_SECTION_ONLY,all,0,stage7_main_task_021,2023-12-18
A3_NO_FACTLOCK,REQUESTS_MATERIALIZED,2023-12-19,FROZEN_P_PLAN_REUSED,all,15,stage7_main_task_021,2023-12-18
A4_FREE_FINAL_REALIZATION,REQUEST_MATERIALIZED,2023-12-19,FACT_LOCK_COUNT=115,all,1,stage7_main_task_021,2023-12-18
P_FULL,FROZEN_OUTPUT_REUSED,2023-11-06,45_OUTPUTS_AND_3_FROZEN_NO_OUTPUTS,metric_review,0,stage7_main_task_022,2023-11-05
A1_NO_SEMANTIC_CLAIM_GATE,NOT_EXECUTABLE,2023-11-06,NO_CONCRETE_GATE_BYPASS_CANDIDATES,metric_review,0,stage7_main_task_022,2023-11-05
A2_NO_ARCHITECTURAL_ABSTENTION,NO_VALID_OUTPUT,2023-11-06,ZERO_LEGAL_FACTLOCK_SECTION_ONLY,metric_review,0,stage7_main_task_022,2023-11-05
A3_NO_FACTLOCK,NO_VALID_OUTPUT,2023-11-06,FROZEN_P_PLAN_INVALID,metric_review,0,stage7_main_task_022,2023-11-05
A4_FREE_FINAL_REALIZATION,REQUEST_MATERIALIZED,2023-11-06,FACT_LOCK_COUNT=3,metric_review,1,stage7_main_task_022,2023-11-05
P_FULL,FROZEN_OUTPUT_REUSED,2023-12-09,45_OUTPUTS_AND_3_FROZEN_NO_OUTPUTS,all,0,stage7_main_task_023,2023-12-09
A1_NO_SEMANTIC_CLAIM_GATE,NOT_EXECUTABLE,2023-12-09,NO_CONCRETE_GATE_BYPASS_CANDIDATES,all,0,stage7_main_task_023,2023-12-09
A2_NO_ARCHITECTURAL_ABSTENTION,REQUEST_MATERIALIZED,2023-12-09,ZERO_LEGAL_FACTLOCK_SECTION_ONLY,all,1,stage7_main_task_023,2023-12-09
A3_NO_FACTLOCK,REQUESTS_MATERIALIZED,2023-12-09,FROZEN_P_PLAN_REUSED,all,3,stage7_main_task_023,2023-12-09
A4_FREE_FINAL_REALIZATION,REQUEST_MATERIALIZED,2023-12-09,FACT_LOCK_COUNT=17,all,1,stage7_main_task_023,2023-12-09
P_FULL,FROZEN_OUTPUT_REUSED,2023-12-17,45_OUTPUTS_AND_3_FROZEN_NO_OUTPUTS,forward_attention,0,stage7_main_task_024,2023-12-16
A1_NO_SEMANTIC_CLAIM_GATE,NOT_EXECUTABLE,2023-12-17,NO_CONCRETE_GATE_BYPASS_CANDIDATES,forward_attention,0,stage7_main_task_024,2023-12-16
A2_NO_ARCHITECTURAL_ABSTENTION,REQUEST_MATERIALIZED,2023-12-17,ZERO_LEGAL_FACTLOCK_SECTION_ONLY,forward_attention,1,stage7_main_task_024,2023-12-16
A3_NO_FACTLOCK,REQUESTS_MATERIALIZED,2023-12-17,FROZEN_P_PLAN_REUSED,forward_attention,2,stage7_main_task_024,2023-12-16
A4_FREE_FINAL_REALIZATION,REQUEST_MATERIALIZED,2023-12-17,FACT_LOCK_COUNT=16,forward_attention,1,stage7_main_task_024,2023-12-16
P_FULL,FROZEN_OUTPUT_REUSED,2023-12-14,45_OUTPUTS_AND_3_FROZEN_NO_OUTPUTS,metric_review,0,stage7_main_task_025,2023-12-14
A1_NO_SEMANTIC_CLAIM_GATE,NOT_EXECUTABLE,2023-12-14,NO_CONCRETE_GATE_BYPASS_CANDIDATES,metric_review,0,stage7_main_task_025,2023-12-14
A2_NO_ARCHITECTURAL_ABSTENTION,REQUEST_MATERIALIZED,2023-12-14,ZERO_LEGAL_FACTLOCK_SECTION_ONLY,metric_review,1,stage7_main_task_025,2023-12-14
A3_NO_FACTLOCK,REQUESTS_MATERIALIZED,2023-12-14,FROZEN_P_PLAN_REUSED,metric_review,1,stage7_main_task_025,2023-12-14
A4_FREE_FINAL_REALIZATION,REQUEST_MATERIALIZED,2023-12-14,FACT_LOCK_COUNT=6,metric_review,1,stage7_main_task_025,2023-12-14
P_FULL,FROZEN_OUTPUT_REUSED,2023-11-10,45_OUTPUTS_AND_3_FROZEN_NO_OUTPUTS,daily_review,0,stage7_main_task_026,2023-11-10
A1_NO_SEMANTIC_CLAIM_GATE,NOT_EXECUTABLE,2023-11-10,NO_CONCRETE_GATE_BYPASS_CANDIDATES,daily_review,0,stage7_main_task_026,2023-11-10
A2_NO_ARCHITECTURAL_ABSTENTION,NO_VALID_OUTPUT,2023-11-10,ZERO_LEGAL_FACTLOCK_SECTION_ONLY,daily_review,0,stage7_main_task_026,2023-11-10
A3_NO_FACTLOCK,NO_VALID_OUTPUT,2023-11-10,FROZEN_P_PLAN_INVALID,daily_review,0,stage7_main_task_026,2023-11-10
A4_FREE_FINAL_REALIZATION,REQUEST_MATERIALIZED,2023-11-10,FACT_LOCK_COUNT=11,daily_review,1,stage7_main_task_026,2023-11-10
P_FULL,FROZEN_OUTPUT_REUSED,2023-09-23,45_OUTPUTS_AND_3_FROZEN_NO_OUTPUTS,metric_review,0,stage7_main_task_027,2023-09-22
A1_NO_SEMANTIC_CLAIM_GATE,NOT_EXECUTABLE,2023-09-23,NO_CONCRETE_GATE_BYPASS_CANDIDATES,metric_review,0,stage7_main_task_027,2023-09-22
A2_NO_ARCHITECTURAL_ABSTENTION,REQUEST_MATERIALIZED,2023-09-23,ZERO_LEGAL_FACTLOCK_SECTION_ONLY,metric_review,1,stage7_main_task_027,2023-09-22
A3_NO_FACTLOCK,REQUESTS_MATERIALIZED,2023-09-23,FROZEN_P_PLAN_REUSED,metric_review,1,stage7_main_task_027,2023-09-22
A4_FREE_FINAL_REALIZATION,REQUEST_MATERIALIZED,2023-09-23,FACT_LOCK_COUNT=1,metric_review,1,stage7_main_task_027,2023-09-22
P_FULL,FROZEN_OUTPUT_REUSED,2023-10-22,45_OUTPUTS_AND_3_FROZEN_NO_OUTPUTS,metric_review,0,stage7_main_task_028,2023-10-22
A1_NO_SEMANTIC_CLAIM_GATE,NOT_EXECUTABLE,2023-10-22,NO_CONCRETE_GATE_BYPASS_CANDIDATES,metric_review,0,stage7_main_task_028,2023-10-22
A2_NO_ARCHITECTURAL_ABSTENTION,REQUEST_MATERIALIZED,2023-10-22,ZERO_LEGAL_FACTLOCK_SECTION_ONLY,metric_review,1,stage7_main_task_028,2023-10-22
A3_NO_FACTLOCK,REQUESTS_MATERIALIZED,2023-10-22,FROZEN_P_PLAN_REUSED,metric_review,2,stage7_main_task_028,2023-10-22
A4_FREE_FINAL_REALIZATION,REQUEST_MATERIALIZED,2023-10-22,FACT_LOCK_COUNT=12,metric_review,1,stage7_main_task_028,2023-10-22
P_FULL,FROZEN_OUTPUT_REUSED,2023-11-18,45_OUTPUTS_AND_3_FROZEN_NO_OUTPUTS,daily_review,0,stage7_main_task_029,2023-11-17
A1_NO_SEMANTIC_CLAIM_GATE,NOT_EXECUTABLE,2023-11-18,NO_CONCRETE_GATE_BYPASS_CANDIDATES,daily_review,0,stage7_main_task_029,2023-11-17
A2_NO_ARCHITECTURAL_ABSTENTION,P_OUTPUT_REUSED,2023-11-18,ZERO_LEGAL_FACTLOCK_SECTION_ONLY,daily_review,0,stage7_main_task_029,2023-11-17
A3_NO_FACTLOCK,REQUESTS_MATERIALIZED,2023-11-18,FROZEN_P_PLAN_REUSED,daily_review,2,stage7_main_task_029,2023-11-17
A4_FREE_FINAL_REALIZATION,REQUEST_MATERIALIZED,2023-11-18,FACT_LOCK_COUNT=15,daily_review,1,stage7_main_task_029,2023-11-17
P_FULL,FROZEN_OUTPUT_REUSED,2023-12-17,45_OUTPUTS_AND_3_FROZEN_NO_OUTPUTS,forward_attention,0,stage7_main_task_030,2023-12-16
A1_NO_SEMANTIC_CLAIM_GATE,NOT_EXECUTABLE,2023-12-17,NO_CONCRETE_GATE_BYPASS_CANDIDATES,forward_attention,0,stage7_main_task_030,2023-12-16
A2_NO_ARCHITECTURAL_ABSTENTION,REQUEST_MATERIALIZED,2023-12-17,ZERO_LEGAL_FACTLOCK_SECTION_ONLY,forward_attention,1,stage7_main_task_030,2023-12-16
A3_NO_FACTLOCK,REQUESTS_MATERIALIZED,2023-12-17,FROZEN_P_PLAN_REUSED,forward_attention,2,stage7_main_task_030,2023-12-16
A4_FREE_FINAL_REALIZATION,REQUEST_MATERIALIZED,2023-12-17,FACT_LOCK_COUNT=16,forward_attention,1,stage7_main_task_030,2023-12-16
P_FULL,FROZEN_OUTPUT_REUSED,2023-10-08,45_OUTPUTS_AND_3_FROZEN_NO_OUTPUTS,daily_review,0,stage7_main_task_031,2023-10-08
A1_NO_SEMANTIC_CLAIM_GATE,NOT_EXECUTABLE,2023-10-08,NO_CONCRETE_GATE_BYPASS_CANDIDATES,daily_review,0,stage7_main_task_031,2023-10-08
A2_NO_ARCHITECTURAL_ABSTENTION,REQUEST_MATERIALIZED,2023-10-08,ZERO_LEGAL_FACTLOCK_SECTION_ONLY,daily_review,2,stage7_main_task_031,2023-10-08
A3_NO_FACTLOCK,REQUESTS_MATERIALIZED,2023-10-08,FROZEN_P_PLAN_REUSED,daily_review,1,stage7_main_task_031,2023-10-08
A4_FREE_FINAL_REALIZATION,REQUEST_MATERIALIZED,2023-10-08,FACT_LOCK_COUNT=8,daily_review,1,stage7_main_task_031,2023-10-08
P_FULL,FROZEN_OUTPUT_REUSED,2023-12-17,45_OUTPUTS_AND_3_FROZEN_NO_OUTPUTS,all,0,stage7_main_task_032,2023-12-16
A1_NO_SEMANTIC_CLAIM_GATE,NOT_EXECUTABLE,2023-12-17,NO_CONCRETE_GATE_BYPASS_CANDIDATES,all,0,stage7_main_task_032,2023-12-16
A2_NO_ARCHITECTURAL_ABSTENTION,REQUEST_MATERIALIZED,2023-12-17,ZERO_LEGAL_FACTLOCK_SECTION_ONLY,all,2,stage7_main_task_032,2023-12-16
A3_NO_FACTLOCK,REQUESTS_MATERIALIZED,2023-12-17,FROZEN_P_PLAN_REUSED,all,11,stage7_main_task_032,2023-12-16
A4_FREE_FINAL_REALIZATION,REQUEST_MATERIALIZED,2023-12-17,FACT_LOCK_COUNT=80,all,1,stage7_main_task_032,2023-12-16
P_FULL,FROZEN_OUTPUT_REUSED,2023-10-19,45_OUTPUTS_AND_3_FROZEN_NO_OUTPUTS,daily_review,0,stage7_main_task_033,2023-10-18
A1_NO_SEMANTIC_CLAIM_GATE,NOT_EXECUTABLE,2023-10-19,NO_CONCRETE_GATE_BYPASS_CANDIDATES,daily_review,0,stage7_main_task_033,2023-10-18
A2_NO_ARCHITECTURAL_ABSTENTION,P_OUTPUT_REUSED,2023-10-19,ZERO_LEGAL_FACTLOCK_SECTION_ONLY,daily_review,0,stage7_main_task_033,2023-10-18
A3_NO_FACTLOCK,REQUESTS_MATERIALIZED,2023-10-19,FROZEN_P_PLAN_REUSED,daily_review,6,stage7_main_task_033,2023-10-18
A4_FREE_FINAL_REALIZATION,REQUEST_MATERIALIZED,2023-10-19,FACT_LOCK_COUNT=43,daily_review,1,stage7_main_task_033,2023-10-18
P_FULL,FROZEN_OUTPUT_REUSED,2023-12-19,45_OUTPUTS_AND_3_FROZEN_NO_OUTPUTS,metric_review,0,stage7_main_task_034,2023-12-18
A1_NO_SEMANTIC_CLAIM_GATE,NOT_EXECUTABLE,2023-12-19,NO_CONCRETE_GATE_BYPASS_CANDIDATES,metric_review,0,stage7_main_task_034,2023-12-18
A2_NO_ARCHITECTURAL_ABSTENTION,P_OUTPUT_REUSED,2023-12-19,ZERO_LEGAL_FACTLOCK_SECTION_ONLY,metric_review,0,stage7_main_task_034,2023-12-18
A3_NO_FACTLOCK,REQUESTS_MATERIALIZED,2023-12-19,FROZEN_P_PLAN_REUSED,metric_review,2,stage7_main_task_034,2023-12-18
A4_FREE_FINAL_REALIZATION,REQUEST_MATERIALIZED,2023-12-19,FACT_LOCK_COUNT=9,metric_review,1,stage7_main_task_034,2023-12-18
P_FULL,FROZEN_OUTPUT_REUSED,2023-10-12,45_OUTPUTS_AND_3_FROZEN_NO_OUTPUTS,forward_attention,0,stage7_main_task_035,2023-10-11
A1_NO_SEMANTIC_CLAIM_GATE,NOT_EXECUTABLE,2023-10-12,NO_CONCRETE_GATE_BYPASS_CANDIDATES,forward_attention,0,stage7_main_task_035,2023-10-11
A2_NO_ARCHITECTURAL_ABSTENTION,REQUEST_MATERIALIZED,2023-10-12,ZERO_LEGAL_FACTLOCK_SECTION_ONLY,forward_attention,1,stage7_main_task_035,2023-10-11
A3_NO_FACTLOCK,REQUESTS_MATERIALIZED,2023-10-12,FROZEN_P_PLAN_REUSED,forward_attention,1,stage7_main_task_035,2023-10-11
A4_FREE_FINAL_REALIZATION,REQUEST_MATERIALIZED,2023-10-12,FACT_LOCK_COUNT=7,forward_attention,1,stage7_main_task_035,2023-10-11
P_FULL,FROZEN_OUTPUT_REUSED,2023-11-29,45_OUTPUTS_AND_3_FROZEN_NO_OUTPUTS,metric_review,0,stage7_main_task_036,2023-11-28
A1_NO_SEMANTIC_CLAIM_GATE,NOT_EXECUTABLE,2023-11-29,NO_CONCRETE_GATE_BYPASS_CANDIDATES,metric_review,0,stage7_main_task_036,2023-11-28
A2_NO_ARCHITECTURAL_ABSTENTION,P_OUTPUT_REUSED,2023-11-29,ZERO_LEGAL_FACTLOCK_SECTION_ONLY,metric_review,0,stage7_main_task_036,2023-11-28
A3_NO_FACTLOCK,REQUESTS_MATERIALIZED,2023-11-29,FROZEN_P_PLAN_REUSED,metric_review,1,stage7_main_task_036,2023-11-28
A4_FREE_FINAL_REALIZATION,REQUEST_MATERIALIZED,2023-11-29,FACT_LOCK_COUNT=3,metric_review,1,stage7_main_task_036,2023-11-28
P_FULL,FROZEN_OUTPUT_REUSED,2023-09-23,45_OUTPUTS_AND_3_FROZEN_NO_OUTPUTS,daily_review,0,stage7_main_task_037,2023-09-22
A1_NO_SEMANTIC_CLAIM_GATE,NOT_EXECUTABLE,2023-09-23,NO_CONCRETE_GATE_BYPASS_CANDIDATES,daily_review,0,stage7_main_task_037,2023-09-22
A2_NO_ARCHITECTURAL_ABSTENTION,REQUEST_MATERIALIZED,2023-09-23,ZERO_LEGAL_FACTLOCK_SECTION_ONLY,daily_review,2,stage7_main_task_037,2023-09-22
A3_NO_FACTLOCK,REQUESTS_MATERIALIZED,2023-09-23,FROZEN_P_PLAN_REUSED,daily_review,3,stage7_main_task_037,2023-09-22
A4_FREE_FINAL_REALIZATION,REQUEST_MATERIALIZED,2023-09-23,FACT_LOCK_COUNT=19,daily_review,1,stage7_main_task_037,2023-09-22
P_FULL,FROZEN_OUTPUT_REUSED,2023-09-23,45_OUTPUTS_AND_3_FROZEN_NO_OUTPUTS,forward_attention,0,stage7_main_task_038,2023-09-22
A1_NO_SEMANTIC_CLAIM_GATE,NOT_EXECUTABLE,2023-09-23,NO_CONCRETE_GATE_BYPASS_CANDIDATES,forward_attention,0,stage7_main_task_038,2023-09-22
A2_NO_ARCHITECTURAL_ABSTENTION,REQUEST_MATERIALIZED,2023-09-23,ZERO_LEGAL_FACTLOCK_SECTION_ONLY,forward_attention,1,stage7_main_task_038,2023-09-22
A3_NO_FACTLOCK,REQUESTS_MATERIALIZED,2023-09-23,FROZEN_P_PLAN_REUSED,forward_attention,3,stage7_main_task_038,2023-09-22
A4_FREE_FINAL_REALIZATION,REQUEST_MATERIALIZED,2023-09-23,FACT_LOCK_COUNT=21,forward_attention,1,stage7_main_task_038,2023-09-22
P_FULL,FROZEN_OUTPUT_REUSED,2023-10-27,45_OUTPUTS_AND_3_FROZEN_NO_OUTPUTS,forward_attention,0,stage7_main_task_039,2023-10-26
A1_NO_SEMANTIC_CLAIM_GATE,NOT_EXECUTABLE,2023-10-27,NO_CONCRETE_GATE_BYPASS_CANDIDATES,forward_attention,0,stage7_main_task_039,2023-10-26
A2_NO_ARCHITECTURAL_ABSTENTION,REQUEST_MATERIALIZED,2023-10-27,ZERO_LEGAL_FACTLOCK_SECTION_ONLY,forward_attention,1,stage7_main_task_039,2023-10-26
A3_NO_FACTLOCK,REQUESTS_MATERIALIZED,2023-10-27,FROZEN_P_PLAN_REUSED,forward_attention,1,stage7_main_task_039,2023-10-26
A4_FREE_FINAL_REALIZATION,REQUEST_MATERIALIZED,2023-10-27,FACT_LOCK_COUNT=7,forward_attention,1,stage7_main_task_039,2023-10-26
P_FULL,FROZEN_OUTPUT_REUSED,2023-12-06,45_OUTPUTS_AND_3_FROZEN_NO_OUTPUTS,daily_review,0,stage7_main_task_040,2023-12-06
A1_NO_SEMANTIC_CLAIM_GATE,NOT_EXECUTABLE,2023-12-06,NO_CONCRETE_GATE_BYPASS_CANDIDATES,daily_review,0,stage7_main_task_040,2023-12-06
A2_NO_ARCHITECTURAL_ABSTENTION,P_OUTPUT_REUSED,2023-12-06,ZERO_LEGAL_FACTLOCK_SECTION_ONLY,daily_review,0,stage7_main_task_040,2023-12-06
A3_NO_FACTLOCK,REQUESTS_MATERIALIZED,2023-12-06,FROZEN_P_PLAN_REUSED,daily_review,2,stage7_main_task_040,2023-12-06
A4_FREE_FINAL_REALIZATION,REQUEST_MATERIALIZED,2023-12-06,FACT_LOCK_COUNT=10,daily_review,1,stage7_main_task_040,2023-12-06
P_FULL,FROZEN_OUTPUT_REUSED,2023-12-06,45_OUTPUTS_AND_3_FROZEN_NO_OUTPUTS,all,0,stage7_main_task_041,2023-12-06
A1_NO_SEMANTIC_CLAIM_GATE,NOT_EXECUTABLE,2023-12-06,NO_CONCRETE_GATE_BYPASS_CANDIDATES,all,0,stage7_main_task_041,2023-12-06
A2_NO_ARCHITECTURAL_ABSTENTION,P_OUTPUT_REUSED,2023-12-06,ZERO_LEGAL_FACTLOCK_SECTION_ONLY,all,0,stage7_main_task_041,2023-12-06
A3_NO_FACTLOCK,REQUESTS_MATERIALIZED,2023-12-06,FROZEN_P_PLAN_REUSED,all,2,stage7_main_task_041,2023-12-06
A4_FREE_FINAL_REALIZATION,REQUEST_MATERIALIZED,2023-12-06,FACT_LOCK_COUNT=10,all,1,stage7_main_task_041,2023-12-06
P_FULL,FROZEN_OUTPUT_REUSED,2023-09-23,45_OUTPUTS_AND_3_FROZEN_NO_OUTPUTS,all,0,stage7_main_task_042,2023-09-22
A1_NO_SEMANTIC_CLAIM_GATE,NOT_EXECUTABLE,2023-09-23,NO_CONCRETE_GATE_BYPASS_CANDIDATES,all,0,stage7_main_task_042,2023-09-22
A2_NO_ARCHITECTURAL_ABSTENTION,NO_VALID_OUTPUT,2023-09-23,ZERO_LEGAL_FACTLOCK_SECTION_ONLY,all,0,stage7_main_task_042,2023-09-22
A3_NO_FACTLOCK,NO_VALID_OUTPUT,2023-09-23,FROZEN_P_PLAN_INVALID,all,0,stage7_main_task_042,2023-09-22
A4_FREE_FINAL_REALIZATION,REQUEST_MATERIALIZED,2023-09-23,FACT_LOCK_COUNT=19,all,1,stage7_main_task_042,2023-09-22
P_FULL,FROZEN_OUTPUT_REUSED,2023-11-22,45_OUTPUTS_AND_3_FROZEN_NO_OUTPUTS,all,0,stage7_main_task_043,2023-11-21
A1_NO_SEMANTIC_CLAIM_GATE,NOT_EXECUTABLE,2023-11-22,NO_CONCRETE_GATE_BYPASS_CANDIDATES,all,0,stage7_main_task_043,2023-11-21
A2_NO_ARCHITECTURAL_ABSTENTION,P_OUTPUT_REUSED,2023-11-22,ZERO_LEGAL_FACTLOCK_SECTION_ONLY,all,0,stage7_main_task_043,2023-11-21
A3_NO_FACTLOCK,REQUESTS_MATERIALIZED,2023-11-22,FROZEN_P_PLAN_REUSED,all,4,stage7_main_task_043,2023-11-21
A4_FREE_FINAL_REALIZATION,REQUEST_MATERIALIZED,2023-11-22,FACT_LOCK_COUNT=29,all,1,stage7_main_task_043,2023-11-21
P_FULL,FROZEN_OUTPUT_REUSED,2023-10-19,45_OUTPUTS_AND_3_FROZEN_NO_OUTPUTS,all,0,stage7_main_task_044,2023-10-18
A1_NO_SEMANTIC_CLAIM_GATE,NOT_EXECUTABLE,2023-10-19,NO_CONCRETE_GATE_BYPASS_CANDIDATES,all,0,stage7_main_task_044,2023-10-18
A2_NO_ARCHITECTURAL_ABSTENTION,P_OUTPUT_REUSED,2023-10-19,ZERO_LEGAL_FACTLOCK_SECTION_ONLY,all,0,stage7_main_task_044,2023-10-18
A3_NO_FACTLOCK,REQUESTS_MATERIALIZED,2023-10-19,FROZEN_P_PLAN_REUSED,all,3,stage7_main_task_044,2023-10-18
A4_FREE_FINAL_REALIZATION,REQUEST_MATERIALIZED,2023-10-19,FACT_LOCK_COUNT=23,all,1,stage7_main_task_044,2023-10-18
P_FULL,FROZEN_OUTPUT_REUSED,2023-10-19,45_OUTPUTS_AND_3_FROZEN_NO_OUTPUTS,daily_review,0,stage7_main_task_045,2023-10-18
A1_NO_SEMANTIC_CLAIM_GATE,NOT_EXECUTABLE,2023-10-19,NO_CONCRETE_GATE_BYPASS_CANDIDATES,daily_review,0,stage7_main_task_045,2023-10-18
A2_NO_ARCHITECTURAL_ABSTENTION,P_OUTPUT_REUSED,2023-10-19,ZERO_LEGAL_FACTLOCK_SECTION_ONLY,daily_review,0,stage7_main_task_045,2023-10-18
A3_NO_FACTLOCK,REQUESTS_MATERIALIZED,2023-10-19,FROZEN_P_PLAN_REUSED,daily_review,3,stage7_main_task_045,2023-10-18
A4_FREE_FINAL_REALIZATION,REQUEST_MATERIALIZED,2023-10-19,FACT_LOCK_COUNT=23,daily_review,1,stage7_main_task_045,2023-10-18
P_FULL,FROZEN_OUTPUT_REUSED,2023-10-19,45_OUTPUTS_AND_3_FROZEN_NO_OUTPUTS,metric_review,0,stage7_main_task_046,2023-10-18
A1_NO_SEMANTIC_CLAIM_GATE,NOT_EXECUTABLE,2023-10-19,NO_CONCRETE_GATE_BYPASS_CANDIDATES,metric_review,0,stage7_main_task_046,2023-10-18
A2_NO_ARCHITECTURAL_ABSTENTION,P_OUTPUT_REUSED,2023-10-19,ZERO_LEGAL_FACTLOCK_SECTION_ONLY,metric_review,0,stage7_main_task_046,2023-10-18
A3_NO_FACTLOCK,REQUESTS_MATERIALIZED,2023-10-19,FROZEN_P_PLAN_REUSED,metric_review,2,stage7_main_task_046,2023-10-18
A4_FREE_FINAL_REALIZATION,REQUEST_MATERIALIZED,2023-10-19,FACT_LOCK_COUNT=12,metric_review,1,stage7_main_task_046,2023-10-18
P_FULL,FROZEN_OUTPUT_REUSED,2023-11-22,45_OUTPUTS_AND_3_FROZEN_NO_OUTPUTS,daily_review,0,stage7_main_task_047,2023-11-21
A1_NO_SEMANTIC_CLAIM_GATE,NOT_EXECUTABLE,2023-11-22,NO_CONCRETE_GATE_BYPASS_CANDIDATES,daily_review,0,stage7_main_task_047,2023-11-21
A2_NO_ARCHITECTURAL_ABSTENTION,P_OUTPUT_REUSED,2023-11-22,ZERO_LEGAL_FACTLOCK_SECTION_ONLY,daily_review,0,stage7_main_task_047,2023-11-21
A3_NO_FACTLOCK,REQUESTS_MATERIALIZED,2023-11-22,FROZEN_P_PLAN_REUSED,daily_review,10,stage7_main_task_047,2023-11-21
A4_FREE_FINAL_REALIZATION,REQUEST_MATERIALIZED,2023-11-22,FACT_LOCK_COUNT=73,daily_review,1,stage7_main_task_047,2023-11-21
