exact_knowledge_start,final_knowledge_start,knowledge_as_of,knowledge_delay_days,later_version_used,task_id,valid_date
2023-10-07,2023-10-07,2023-10-07,0,False,stage7_main_task_000,2023-10-07
2023-12-28,2023-12-28,2023-12-28,0,False,stage7_main_task_001,2023-12-28
2023-11-18,2023-11-18,2023-11-18,0,False,stage7_main_task_002,2023-11-17
2023-11-18,2023-11-18,2023-11-18,0,False,stage7_main_task_002,2023-11-17
2023-11-18,2023-11-18,2023-11-18,0,False,stage7_main_task_002,2023-11-17
2023-10-02,2023-10-02,2023-10-02,0,False,stage7_main_task_003,2023-10-02
2023-12-20,2023-12-20,2023-12-20,0,False,stage7_main_task_004,2023-12-20
2023-09-28,2023-09-28,2023-09-28,0,False,stage7_main_task_005,2023-09-28
2023-10-28,2023-10-28,2023-10-28,0,False,stage7_main_task_006,2023-10-28
2023-12-29,2023-12-29,2023-12-29,0,False,stage7_main_task_007,2023-12-29
2023-11-13,2023-11-13,2023-11-13,0,False,stage7_main_task_008,2023-11-13
2023-11-18,2023-11-18,2023-11-18,0,False,stage7_main_task_009,2023-11-18
2023-12-09,2023-12-09,2023-12-09,0,False,stage7_main_task_010,2023-12-09
2023-12-09,2023-12-09,2023-12-09,0,False,stage7_main_task_010,2023-12-09
2023-12-09,2023-12-09,2023-12-09,0,False,stage7_main_task_010,2023-12-09
2023-11-22,2023-11-22,2023-11-22,0,False,stage7_main_task_011,2023-11-22
2023-11-22,2023-11-22,2023-11-22,0,False,stage7_main_task_011,2023-11-22
2023-11-22,2023-11-22,2023-11-22,0,False,stage7_main_task_011,2023-11-22
2023-11-22,2023-11-22,2023-11-22,0,False,stage7_main_task_011,2023-11-22
2023-11-22,2023-11-22,2023-11-22,0,False,stage7_main_task_011,2023-11-22
2023-11-22,2023-11-22,2023-11-22,0,False,stage7_main_task_011,2023-11-22
2023-11-22,2023-11-22,2023-11-22,0,False,stage7_main_task_011,2023-11-22
2023-11-22,2023-11-22,2023-11-22,0,False,stage7_main_task_011,2023-11-22
2023-11-22,2023-11-22,2023-11-22,0,False,stage7_main_task_011,2023-11-22
2023-11-22,2023-11-22,2023-11-22,0,False,stage7_main_task_011,2023-11-22
2023-11-22,2023-11-22,2023-11-22,0,False,stage7_main_task_011,2023-11-22
2023-11-22,2023-11-22,2023-11-22,0,False,stage7_main_task_011,2023-11-22
2023-11-22,2023-11-22,2023-11-22,0,False,stage7_main_task_011,2023-11-22
2023-11-22,2023-11-22,2023-11-22,0,False,stage7_main_task_011,2023-11-22
2023-11-22,2023-11-22,2023-11-22,0,False,stage7_main_task_011,2023-11-22
2023-12-23,2023-12-23,2023-12-23,0,False,stage7_main_task_012,2023-12-23
2023-09-17,2023-09-17,2023-09-17,0,False,stage7_main_task_013,2023-09-17
2023-10-28,2023-10-28,2023-10-28,0,False,stage7_main_task_014,2023-10-28
2023-10-28,2023-10-28,2023-10-28,0,False,stage7_main_task_014,2023-10-28
2023-10-28,2023-10-28,2023-10-28,0,False,stage7_main_task_014,2023-10-28
2023-10-28,2023-10-28,2023-10-28,0,False,stage7_main_task_014,2023-10-28
2023-10-28,2023-10-28,2023-10-28,0,False,stage7_main_task_014,2023-10-28
2023-10-28,2023-10-28,2023-10-28,0,False,stage7_main_task_014,2023-10-28
2023-10-28,2023-10-28,2023-10-28,0,False,stage7_main_task_014,2023-10-28
2023-10-28,2023-10-28,2023-10-28,0,False,stage7_main_task_014,2023-10-28
2023-10-28,2023-10-28,2023-10-28,0,False,stage7_main_task_014,2023-10-28
2023-10-28,2023-10-28,2023-10-28,0,False,stage7_main_task_014,2023-10-28
2023-10-28,2023-10-28,2023-10-28,0,False,stage7_main_task_014,2023-10-28
2023-10-28,2023-10-28,2023-10-28,0,False,stage7_main_task_014,2023-10-28
2023-10-28,2023-10-28,2023-10-28,0,False,stage7_main_task_014,2023-10-28
2023-10-28,2023-10-28,2023-10-28,0,False,stage7_main_task_014,2023-10-28
2023-10-28,2023-10-28,2023-10-28,0,False,stage7_main_task_014,2023-10-28
2023-10-28,2023-10-28,2023-10-28,0,False,stage7_main_task_014,2023-10-28
2023-12-28,2023-12-28,2023-12-28,0,False,stage7_main_task_015,2023-12-28
2023-12-28,2023-12-28,2023-12-28,0,False,stage7_main_task_015,2023-12-28
2023-12-28,2023-12-28,2023-12-28,0,False,stage7_main_task_015,2023-12-28
2023-12-28,2023-12-28,2023-12-28,0,False,stage7_main_task_015,2023-12-28
2023-12-28,2023-12-28,2023-12-28,0,False,stage7_main_task_015,2023-12-28
2023-12-28,2023-12-28,2023-12-28,0,False,stage7_main_task_015,2023-12-28
2023-12-28,2023-12-28,2023-12-28,0,False,stage7_main_task_015,2023-12-28
2023-12-28,2023-12-28,2023-12-28,0,False,stage7_main_task_015,2023-12-28
2023-12-28,2023-12-28,2023-12-28,0,False,stage7_main_task_015,2023-12-28
2023-12-28,2023-12-28,2023-12-28,0,False,stage7_main_task_015,2023-12-28
2023-12-28,2023-12-28,2023-12-28,0,False,stage7_main_task_015,2023-12-28
2023-12-28,2023-12-28,2023-12-28,0,False,stage7_main_task_015,2023-12-28
2023-12-28,2023-12-28,2023-12-28,0,False,stage7_main_task_015,2023-12-28
2023-12-28,2023-12-28,2023-12-28,0,False,stage7_main_task_015,2023-12-28
2023-09-22,2023-09-22,2023-09-22,0,False,stage7_main_task_016,2023-09-22
2023-10-14,2023-10-14,2023-10-14,0,False,stage7_main_task_017,2023-10-14
2023-10-08,2023-10-08,2023-10-08,0,False,stage7_main_task_018,2023-10-08
2023-10-08,2023-10-08,2023-10-08,0,False,stage7_main_task_018,2023-10-08
2023-10-08,2023-10-08,2023-10-08,0,False,stage7_main_task_018,2023-10-08
2023-09-15,2023-09-15,2023-09-15,0,False,stage7_main_task_019,2023-09-15
2023-12-02,2023-12-02,2023-12-03,0,False,stage7_main_task_020,2023-12-02
2023-12-03,2023-12-03,2023-12-03,0,False,stage7_main_task_020,2023-12-02
2023-12-02,2023-12-02,2023-12-03,0,False,stage7_main_task_020,2023-12-02
2023-12-02,2023-12-02,2023-12-03,0,False,stage7_main_task_020,2023-12-02
2023-12-02,2023-12-02,2023-12-03,0,False,stage7_main_task_020,2023-12-02
2023-12-02,2023-12-02,2023-12-03,0,False,stage7_main_task_020,2023-12-02
2023-12-02,2023-12-02,2023-12-03,0,False,stage7_main_task_020,2023-12-02
2023-12-02,2023-12-02,2023-12-03,0,False,stage7_main_task_020,2023-12-02
2023-12-02,2023-12-02,2023-12-03,0,False,stage7_main_task_020,2023-12-02
2023-12-03,2023-12-03,2023-12-03,0,False,stage7_main_task_020,2023-12-02
2023-12-02,2023-12-02,2023-12-03,0,False,stage7_main_task_020,2023-12-02
2023-12-02,2023-12-02,2023-12-03,0,False,stage7_main_task_020,2023-12-02
2023-12-02,2023-12-02,2023-12-03,0,False,stage7_main_task_020,2023-12-02
2023-12-02,2023-12-02,2023-12-03,0,False,stage7_main_task_020,2023-12-02
2023-12-18,2023-12-18,2023-12-19,0,False,stage7_main_task_021,2023-12-18
2023-12-18,2023-12-18,2023-12-19,0,False,stage7_main_task_021,2023-12-18
2023-12-19,2023-12-19,2023-12-19,0,False,stage7_main_task_021,2023-12-18
2023-12-18,2023-12-18,2023-12-19,0,False,stage7_main_task_021,2023-12-18
2023-12-18,2023-12-18,2023-12-19,0,False,stage7_main_task_021,2023-12-18
2023-12-18,2023-12-18,2023-12-19,0,False,stage7_main_task_021,2023-12-18
2023-12-18,2023-12-18,2023-12-19,0,False,stage7_main_task_021,2023-12-18
2023-12-18,2023-12-18,2023-12-19,0,False,stage7_main_task_021,2023-12-18
2023-12-18,2023-12-18,2023-12-19,0,False,stage7_main_task_021,2023-12-18
2023-12-18,2023-12-18,2023-12-19,0,False,stage7_main_task_021,2023-12-18
2023-12-19,2023-12-19,2023-12-19,0,False,stage7_main_task_021,2023-12-18
2023-12-19,2023-12-19,2023-12-19,0,False,stage7_main_task_021,2023-12-18
2023-12-18,2023-12-18,2023-12-19,0,False,stage7_main_task_021,2023-12-18
2023-12-18,2023-12-18,2023-12-19,0,False,stage7_main_task_021,2023-12-18
2023-12-18,2023-12-18,2023-12-19,0,False,stage7_main_task_021,2023-12-18
2023-11-06,2023-11-06,2023-11-06,0,False,stage7_main_task_022,2023-11-05
2023-12-09,2023-12-09,2023-12-09,0,False,stage7_main_task_023,2023-12-09
2023-12-17,2023-12-17,2023-12-17,0,False,stage7_main_task_024,2023-12-16
2023-12-14,2023-12-14,2023-12-14,0,False,stage7_main_task_025,2023-12-14
2023-12-14,2023-12-14,2023-12-14,0,False,stage7_main_task_025,2023-12-14
2023-12-14,2023-12-14,2023-12-14,0,False,stage7_main_task_025,2023-12-14
2023-12-14,2023-12-14,2023-12-14,0,False,stage7_main_task_025,2023-12-14
2023-12-14,2023-12-14,2023-12-14,0,False,stage7_main_task_025,2023-12-14
2023-12-14,2023-12-14,2023-12-14,0,False,stage7_main_task_025,2023-12-14
2023-12-14,2023-12-14,2023-12-14,0,False,stage7_main_task_025,2023-12-14
2023-12-14,2023-12-14,2023-12-14,0,False,stage7_main_task_025,2023-12-14
2023-12-14,2023-12-14,2023-12-14,0,False,stage7_main_task_025,2023-12-14
2023-12-14,2023-12-14,2023-12-14,0,False,stage7_main_task_025,2023-12-14
2023-12-14,2023-12-14,2023-12-14,0,False,stage7_main_task_025,2023-12-14
2023-12-14,2023-12-14,2023-12-14,0,False,stage7_main_task_025,2023-12-14
2023-12-14,2023-12-14,2023-12-14,0,False,stage7_main_task_025,2023-12-14
2023-12-14,2023-12-14,2023-12-14,0,False,stage7_main_task_025,2023-12-14
2023-12-14,2023-12-14,2023-12-14,0,False,stage7_main_task_025,2023-12-14
2023-11-10,2023-11-10,2023-11-10,0,False,stage7_main_task_026,2023-11-10
2023-09-23,2023-09-23,2023-09-23,0,False,stage7_main_task_027,2023-09-22
2023-10-22,2023-10-22,2023-10-22,0,False,stage7_main_task_028,2023-10-22
2023-10-22,2023-10-22,2023-10-22,0,False,stage7_main_task_028,2023-10-22
2023-10-22,2023-10-22,2023-10-22,0,False,stage7_main_task_028,2023-10-22
2023-10-22,2023-10-22,2023-10-22,0,False,stage7_main_task_028,2023-10-22
2023-10-22,2023-10-22,2023-10-22,0,False,stage7_main_task_028,2023-10-22
2023-10-22,2023-10-22,2023-10-22,0,False,stage7_main_task_028,2023-10-22
2023-10-22,2023-10-22,2023-10-22,0,False,stage7_main_task_028,2023-10-22
2023-10-22,2023-10-22,2023-10-22,0,False,stage7_main_task_028,2023-10-22
2023-10-22,2023-10-22,2023-10-22,0,False,stage7_main_task_028,2023-10-22
2023-10-22,2023-10-22,2023-10-22,0,False,stage7_main_task_028,2023-10-22
2023-10-22,2023-10-22,2023-10-22,0,False,stage7_main_task_028,2023-10-22
2023-10-22,2023-10-22,2023-10-22,0,False,stage7_main_task_028,2023-10-22
2023-10-22,2023-10-22,2023-10-22,0,False,stage7_main_task_028,2023-10-22
2023-10-22,2023-10-22,2023-10-22,0,False,stage7_main_task_028,2023-10-22
2023-10-22,2023-10-22,2023-10-22,0,False,stage7_main_task_028,2023-10-22
2023-10-22,2023-10-22,2023-10-22,0,False,stage7_main_task_028,2023-10-22
2023-10-22,2023-10-22,2023-10-22,0,False,stage7_main_task_028,2023-10-22
2023-11-18,2023-11-18,2023-11-18,0,False,stage7_main_task_029,2023-11-17
2023-12-17,2023-12-17,2023-12-17,0,False,stage7_main_task_030,2023-12-16
2023-10-08,2023-10-08,2023-10-08,0,False,stage7_main_task_031,2023-10-08
2023-12-16,2023-12-16,2023-12-17,0,False,stage7_main_task_032,2023-12-16
2023-12-16,2023-12-16,2023-12-17,0,False,stage7_main_task_032,2023-12-16
2023-12-17,2023-12-17,2023-12-17,0,False,stage7_main_task_032,2023-12-16
2023-12-16,2023-12-16,2023-12-17,0,False,stage7_main_task_032,2023-12-16
2023-12-16,2023-12-16,2023-12-17,0,False,stage7_main_task_032,2023-12-16
2023-12-16,2023-12-16,2023-12-17,0,False,stage7_main_task_032,2023-12-16
2023-12-17,2023-12-17,2023-12-17,0,False,stage7_main_task_032,2023-12-16
2023-12-16,2023-12-16,2023-12-17,0,False,stage7_main_task_032,2023-12-16
2023-12-16,2023-12-16,2023-12-17,0,False,stage7_main_task_032,2023-12-16
2023-12-16,2023-12-16,2023-12-17,0,False,stage7_main_task_032,2023-12-16
2023-12-16,2023-12-16,2023-12-17,0,False,stage7_main_task_032,2023-12-16
2023-12-17,2023-12-17,2023-12-17,0,False,stage7_main_task_032,2023-12-16
2023-12-16,2023-12-16,2023-12-17,0,False,stage7_main_task_032,2023-12-16
2023-12-17,2023-12-17,2023-12-17,0,False,stage7_main_task_032,2023-12-16
2023-10-18,2023-10-18,2023-10-19,0,False,stage7_main_task_033,2023-10-18
2023-10-18,2023-10-18,2023-10-19,0,False,stage7_main_task_033,2023-10-18
2023-10-19,2023-10-19,2023-10-19,0,False,stage7_main_task_033,2023-10-18
2023-12-18,2023-12-18,2023-12-19,0,False,stage7_main_task_034,2023-12-18
2023-12-18,2023-12-18,2023-12-19,0,False,stage7_main_task_034,2023-12-18
2023-12-19,2023-12-19,2023-12-19,0,False,stage7_main_task_034,2023-12-18
2023-12-18,2023-12-18,2023-12-19,0,False,stage7_main_task_034,2023-12-18
2023-12-18,2023-12-18,2023-12-19,0,False,stage7_main_task_034,2023-12-18
2023-12-18,2023-12-18,2023-12-19,0,False,stage7_main_task_034,2023-12-18
2023-12-18,2023-12-18,2023-12-19,0,False,stage7_main_task_034,2023-12-18
2023-12-18,2023-12-18,2023-12-19,0,False,stage7_main_task_034,2023-12-18
2023-12-18,2023-12-18,2023-12-19,0,False,stage7_main_task_034,2023-12-18
2023-12-18,2023-12-18,2023-12-19,0,False,stage7_main_task_034,2023-12-18
2023-12-19,2023-12-19,2023-12-19,0,False,stage7_main_task_034,2023-12-18
2023-12-19,2023-12-19,2023-12-19,0,False,stage7_main_task_034,2023-12-18
2023-12-18,2023-12-18,2023-12-19,0,False,stage7_main_task_034,2023-12-18
2023-12-18,2023-12-18,2023-12-19,0,False,stage7_main_task_034,2023-12-18
2023-12-18,2023-12-18,2023-12-19,0,False,stage7_main_task_034,2023-12-18
2023-10-12,2023-10-12,2023-10-12,0,False,stage7_main_task_035,2023-10-11
2023-11-29,2023-11-29,2023-11-29,0,False,stage7_main_task_036,2023-11-28
2023-09-23,2023-09-23,2023-09-23,0,False,stage7_main_task_037,2023-09-22
2023-09-23,2023-09-23,2023-09-23,0,False,stage7_main_task_038,2023-09-22
2023-09-23,2023-09-23,2023-09-23,0,False,stage7_main_task_038,2023-09-22
2023-09-23,2023-09-23,2023-09-23,0,False,stage7_main_task_038,2023-09-22
2023-10-27,2023-10-27,2023-10-27,0,False,stage7_main_task_039,2023-10-26
2023-12-06,2023-12-06,2023-12-06,0,False,stage7_main_task_040,2023-12-06
2023-12-06,2023-12-06,2023-12-06,0,False,stage7_main_task_041,2023-12-06
2023-09-23,2023-09-23,2023-09-23,0,False,stage7_main_task_042,2023-09-22
2023-11-22,2023-11-22,2023-11-22,0,False,stage7_main_task_043,2023-11-21
2023-10-19,2023-10-19,2023-10-19,0,False,stage7_main_task_044,2023-10-18
2023-10-19,2023-10-19,2023-10-19,0,False,stage7_main_task_045,2023-10-18
2023-10-18,2023-10-18,2023-10-19,0,False,stage7_main_task_046,2023-10-18
2023-10-18,2023-10-18,2023-10-19,0,False,stage7_main_task_046,2023-10-18
2023-10-18,2023-10-18,2023-10-19,0,False,stage7_main_task_046,2023-10-18
2023-10-18,2023-10-18,2023-10-19,0,False,stage7_main_task_046,2023-10-18
2023-10-18,2023-10-18,2023-10-19,0,False,stage7_main_task_046,2023-10-18
2023-10-19,2023-10-19,2023-10-19,0,False,stage7_main_task_046,2023-10-18
2023-10-18,2023-10-18,2023-10-19,0,False,stage7_main_task_046,2023-10-18
2023-10-18,2023-10-18,2023-10-19,0,False,stage7_main_task_046,2023-10-18
2023-10-19,2023-10-19,2023-10-19,0,False,stage7_main_task_046,2023-10-18
2023-10-19,2023-10-19,2023-10-19,0,False,stage7_main_task_046,2023-10-18
2023-10-18,2023-10-18,2023-10-19,0,False,stage7_main_task_046,2023-10-18
2023-10-18,2023-10-18,2023-10-19,0,False,stage7_main_task_046,2023-10-18
2023-10-18,2023-10-18,2023-10-19,0,False,stage7_main_task_046,2023-10-18
2023-10-18,2023-10-18,2023-10-19,0,False,stage7_main_task_046,2023-10-18
2023-10-18,2023-10-18,2023-10-19,0,False,stage7_main_task_046,2023-10-18
2023-10-19,2023-10-19,2023-10-19,0,False,stage7_main_task_046,2023-10-18
2023-11-21,2023-11-21,2023-11-22,0,False,stage7_main_task_047,2023-11-21
2023-11-22,2023-11-22,2023-11-22,0,False,stage7_main_task_047,2023-11-21
2023-11-21,2023-11-21,2023-11-22,0,False,stage7_main_task_047,2023-11-21
