claim_type,epistemic_status,oversample_reason,sampling_pool_id,sampling_stratum_abstention_reason,sampling_stratum_expressibility,state_role,system_label_hidden_from_annotation_packet,target_sample_count
COUPLED_ATTENTION_REVIEW,UNRESOLVED,rare_or_boundary_case,claim_gold_pool_15f98885ae6385312091225c,REQUIRED_METRIC_UNAVAILABLE,ABSTAIN,,true,43
COUPLED_ATTENTION_REVIEW,UNRESOLVED,balanced_claim_type,claim_gold_pool_cd5130459adb92a097eadf56,,EXPRESSIBLE,DAILY_REVIEW_CELL,true,43
FORECAST_GEOLOGICAL_CONDITION,UNRESOLVED,rare_or_boundary_case,claim_gold_pool_f6b6c138eca66ef05673ee8b,UNKNOWN_SOURCE_VALUE,ABSTAIN,,true,43
FORECAST_GEOLOGICAL_CONDITION,FORECAST,balanced_claim_type,claim_gold_pool_46f9d44165a2f137c34f3af8,,EXPRESSIBLE,DAILY_REVIEW_CELL,true,43
FORECAST_GEOLOGICAL_CONDITION,FORECAST,balanced_claim_type,claim_gold_pool_9edf14e211798ba8a674767d,,EXPRESSIBLE,FORWARD_ATTENTION_CELL,true,43
FORWARD_GEOLOGICAL_ATTENTION,UNRESOLVED,rare_or_boundary_case,claim_gold_pool_6963ba24707686615ba1b0fe,REQUIRED_EPISTEMIC_STATUS_MISSING,ABSTAIN,,true,43
FORWARD_GEOLOGICAL_ATTENTION,UNRESOLVED,balanced_claim_type,claim_gold_pool_1f86d29e85522d8949545190,,EXPRESSIBLE,FORWARD_ATTENTION_CELL,true,43
GEOLOGICAL_EVIDENCE_ATTENTION_REVIEW,UNRESOLVED,balanced_claim_type,claim_gold_pool_bf956b7ab826cca5f522e1a2,,EXPRESSIBLE,DAILY_REVIEW_CELL,true,43
OBSERVED_GEOLOGICAL_CONDITION,UNRESOLVED,rare_or_boundary_case,claim_gold_pool_728fc06649d176b2240b20b3,UNKNOWN_SOURCE_VALUE,ABSTAIN,,true,43
OBSERVED_GEOLOGICAL_CONDITION,OBSERVED,balanced_claim_type,claim_gold_pool_b660a768ceae01771ba34eb9,,EXPRESSIBLE,DAILY_REVIEW_CELL,true,43
OPERATIONAL_RESPONSE_ATTENTION,UNRESOLVED,rare_or_boundary_case,claim_gold_pool_0040eaa0cff2d86fc526a807,CONTEXT_ONLY_ROLE,ABSTAIN,,true,43
OPERATIONAL_RESPONSE_ATTENTION,UNRESOLVED,rare_or_boundary_case,claim_gold_pool_ef48654b570d3ad10896d6af,STATE_ROLE_NOT_ALLOWED,ABSTAIN,,true,43
OPERATIONAL_RESPONSE_ATTENTION,UNRESOLVED,rare_or_boundary_case,claim_gold_pool_0da01a0e3edee15cc063064e,REQUIRED_METRIC_UNAVAILABLE,ABSTAIN,,true,42
OPERATIONAL_RESPONSE_ATTENTION,UNRESOLVED,balanced_claim_type,claim_gold_pool_3e4a202dffe4ba667345e09d,,EXPRESSIBLE,DAILY_REVIEW_CELL,true,42
