sample_type,document_id,evidence_ids,source_pdf_path,source_type,report_id,selection_reason
DyK1013+184.2 FaceSketch,4dcbac5d8864618bfaffcb23,ba9b10056209869f599cf9ff,/Users/zhaoxiaoda/Library/CloudStorage/GoogleDrive-xiaodazhao0608@gmail.com/我的云端硬盘/TBM9/SKETCH/DyK1013+184.20_伯舒拉岭进口右线DyK1013+184.2洞身素描记录表.pdf,FACE_SKETCH,DyK1013+184.20_伯舒拉岭进口右线DyK1013+184.2洞身素描记录表,Requested FaceSketch review sample
DyK1013+433 FaceSketch,ab25ecdfe5f0bd67ed71acd3,253d134db18d1962a66b1664,/Users/zhaoxiaoda/Library/CloudStorage/GoogleDrive-xiaodazhao0608@gmail.com/我的云端硬盘/TBM9/SKETCH/DyK1013+433.00_伯舒拉岭进口右线DyK10+433洞身素描记录表.pdf,FACE_SKETCH,DyK1013+433.00_伯舒拉岭进口右线DyK10+433洞身素描记录表,Requested FaceSketch review sample
HSP 2023-09-13 observed / 2023-09-14 submitted,5ead8e5ae44f97a7cf1affaa,665de42b430442ea90782c94;a1678c5676814bb8f9451d06;20b3c50544a4239d46090f30;06a70fa530d830851e73b7c6;c89c1f1ebf6bcfc0d972f2b4;b314d67a223100095a82b335;b463eeb60d5f5d437ac721bf,/Users/zhaoxiaoda/Library/CloudStorage/GoogleDrive-xiaodazhao0608@gmail.com/我的云端硬盘/TBM9/HSP/DyK1013+190.20_伯舒拉岭隧道进口右线水平声波剖面法超前地质预报报告(DyK1013+190.2～DyK1013+290.2)-20230914.pdf,SONIC_FORECAST,DyK1013+190.20_伯舒拉岭隧道进口右线水平声波剖面法超前地质预报报告(DyK1013+190.2～DyK1013+290.2)-20230914,Requested temporal HSP sample
Max evidence TSP,add34fd744dc000e476e064d,3bae5d2ac392df55488a1b57;2c302964f95ff525c78f666e;a88dc4556b12b7cd05bcd841;1ce4b8278ade147ab5452180;47f0da83b6407c2ae938a53f;27ce50075d5a7d8c0e080082;9c81c37437e2d48b8783d9c8;84e2dd741eed14671f5105a9;f2a8418a5b2c9e1b221db182,/Users/zhaoxiaoda/Library/CloudStorage/GoogleDrive-xiaodazhao0608@gmail.com/我的云端硬盘/TBM9/TSP/DyK1017+215.00_伯舒拉岭隧道进口右线地震波反射法超前地质预报报告(DyK1017+215～DyK1017+315)-20240808.pdf,TSP_REPORT,DyK1017+215.00_伯舒拉岭隧道进口右线地震波反射法超前地质预报报告(DyK1017+215～DyK1017+315)-20240808,Document has maximum evidence count for source type
Max evidence HSP,71d264d791e354b370e567e8,fb1bb6fe6980765aee1a60c1;7a88069ba622ee4540e0091f;a66e4affc9030659dc854957;d7dcc39b1092f33f16c0d2b1;d10af5071e8274b5180c669a;f5acf1f3155ffe41d9164f2c;e41683336d58399ae0ae7d11;9a6a870fb9b81e4224b5ea89;f03f1812f4f9a0fdaba1ce2b,/Users/zhaoxiaoda/Library/CloudStorage/GoogleDrive-xiaodazhao0608@gmail.com/我的云端硬盘/TBM9/HSP/DyK1014+109.00_伯舒拉岭隧道进口右线水平声波剖面法超前地质预报报告(DyK1014+109～DyK1014+209)-20231122.pdf,SONIC_FORECAST,DyK1014+109.00_伯舒拉岭隧道进口右线水平声波剖面法超前地质预报报告(DyK1014+109～DyK1014+209)-20231122,Document has maximum evidence count for source type
Max unresolved table cells,0a1266e5145a6effbd3a6dd3,75e314704397bffdcba03043;b1de756d7e8d310bcf00dc93;5f98b633eccc49976523237c;c636f4dd4ec9a865fabfd32a;bfbcce2e30c2ed22c2315318;dd6e3a343bd1f6fc431537df;cb22fbd70460d31e7584a4ba;586f9abf657dbd7e2372f143,/Users/zhaoxiaoda/Library/CloudStorage/GoogleDrive-xiaodazhao0608@gmail.com/我的云端硬盘/TBM9/TSP/DyK1017+305.00_伯舒拉岭隧道进口右线地震波反射法超前地质预报报告(DyK1017+305～DyK1017+405)-20240901.pdf,TSP_REPORT,DyK1017+305.00_伯舒拉岭隧道进口右线地震波反射法超前地质预报报告(DyK1017+305～DyK1017+405)-20240901,Document has 23 unresolved table cells
Legal km boundary crossing,7d545620a35399ccceab9276,7f5c801457fc149766fca8f2;fcef1f17f3eec3497faf587f;c5d5eded40d9a9cbf8578d3d;0a538caec0e09410ec964116;d8f12cdc46d6a96293f13d01;4b0f2dd4d9e1b9ffacbaac51,/Users/zhaoxiaoda/Library/CloudStorage/GoogleDrive-xiaodazhao0608@gmail.com/我的云端硬盘/TBM9/HSP/DyK1013+845.00_伯舒拉岭隧道进口右线水平声波剖面法超前地质预报报告(DyK1013+845～DyK1013+945)-20231027.pdf,SONIC_FORECAST,DyK1013+845.00_伯舒拉岭隧道进口右线水平声波剖面法超前地质预报报告(DyK1013+845～DyK1013+945)-20231027,chainage_prefix_review classification=VALID_KM_BOUNDARY_CROSSING
True prefix conflict,21e22d48f85975c26b656d13,7c0ba2dcbdc95fdb0fb11be5;9feb485f3567e4477bcb1b85;132bb8bf3e637641e9bc1bc8;46db03e0012c659db1f14b80,/Users/zhaoxiaoda/Library/CloudStorage/GoogleDrive-xiaodazhao0608@gmail.com/我的云端硬盘/TBM9/HSP/DyK1014+019.00_伯舒拉岭隧道进口右线水平声波剖面法超前地质预报报告(DyK1014+019～DyK1014+119)-20231118.pdf,SONIC_FORECAST,DyK1014+019.00_伯舒拉岭隧道进口右线水平声波剖面法超前地质预报报告(DyK1014+019～DyK1014+119)-20231118,chainage_prefix_review classification=TRUE_PREFIX_CONFLICT
Source text direction error,d8b2eb76bd6ed71888c899d2,91879900ffc22bb77d07dd5d;8317cbe9b39c0f78026bfbc1,/Users/zhaoxiaoda/Library/CloudStorage/GoogleDrive-xiaodazhao0608@gmail.com/我的云端硬盘/TBM9/SKETCH/DyK1017+049.00_伯舒拉岭右线洞身素描记录表 48.pdf,FACE_SKETCH,DyK1017+049.00_伯舒拉岭右线洞身素描记录表 48,chainage_prefix_review classification=SOURCE_TEXT_DIRECTION_ERROR
Negated reflection anomaly,5ead8e5ae44f97a7cf1affaa,665de42b430442ea90782c94;a1678c5676814bb8f9451d06;20b3c50544a4239d46090f30;06a70fa530d830851e73b7c6;c89c1f1ebf6bcfc0d972f2b4;b314d67a223100095a82b335;b463eeb60d5f5d437ac721bf,/Users/zhaoxiaoda/Library/CloudStorage/GoogleDrive-xiaodazhao0608@gmail.com/我的云端硬盘/TBM9/HSP/DyK1013+190.20_伯舒拉岭隧道进口右线水平声波剖面法超前地质预报报告(DyK1013+190.2～DyK1013+290.2)-20230914.pdf,SONIC_FORECAST,DyK1013+190.20_伯舒拉岭隧道进口右线水平声波剖面法超前地质预报报告(DyK1013+190.2～DyK1013+290.2)-20230914,Contains normalized text 未见明显反射异常
