check_name,details,status
stage7a3_tag_verified,stage7a-experimental-protocol-v1.3-frozen,PASS
stage6b_tag_verified,stage6b-controlled-realization-v1-frozen,PASS
main_benchmark_hash_verified,e9ef8e3f9bd25f345f89f79dc753040e3bfc1f95e562902aea625a8e50334f6f,PASS
asof_binding_hash_verified,92bdea500aef7bedb27e6133e92ec058f03ccfd48810e84aed11388838d12bc4,PASS
preclaim_snapshot_hash_verified,8bbbc9083bfa2313fe583f88c6d431d199f9ffaa8cf1b0a7d28f70a11ab98a6c,PASS
product_contract_hash_verified,ad599756f428514cf731bb982ecccf21b0705e14579ebf64095524a674ecc98d,PASS
b0_prompt_hash_verified,3966cce71fe560c4d1cb323ec1b46506b97595f89168cafdf327d5b147c2d296,PASS
b1_prompt_hash_verified,7ad1dfec254bf1c5107c99f559bc65cfd590b595750089b38dd498bcbbfbecea,PASS
b0_payload_hash_verified,accda9e4eda874e8e672b0b7afec044c57c3021d70d7fd5bfac300a88804762c,PASS
b1_payload_hash_verified,87592b9cd99642c1a2c01fa5a8e093753ce2eaae366636300ac6917e5410e3cc,PASS
proposed_prompt_hash_verified,e54f22ef559d61caf51d0d4021989c96c92f3b3e1dc2adb5e7a7a1dbf0c95e0e,PASS
execution_manifest_count,144,PASS
execution_condition_duplicate_count,0,PASS
execution_condition_missing_count,0,PASS
non_asof_proposed_input_count,0,PASS
provider_max_retries,0,PASS
duplicate_provider_attempt_count,0,PASS
hidden_retry_detected_count,0,PASS
raw_output_accounting_issue_count,0,PASS
invalid_p_plan_composed_count,0,PASS
p_replay_difference_count,0,PASS
replay_real_api_call_count,0,PASS
blind_output_method_identity_leak_count,0,PASS
frozen_protocol_modification_count,formal binding is additive; run raw rows retain as-executed protocol hash,PASS
stage7b_execution_issue_count,0,PASS
