benchmark_task_id,execution_item_id,issue_codes,replay_hash,replay_status
stage7_main_task_000,stage7b_execution_item_4af392c9f32abb87430b4b92,,b4df11687f2041908369614b639d96d2d576af39c32bf01187258946e3dd7368,PASS
stage7_main_task_001,stage7b_execution_item_781de04195147e9c7e85bc1f,,e859624d151fcbe2f9bc975669feed1812ecad23601a95ab1133478c35996b7d,PASS
stage7_main_task_002,stage7b_execution_item_2141ea46d353d137bce244e9,,6768ec6831014b0cfb2dd5e32f0c048853f2e22787f8e7804b04f3479a9e9d99,PASS
stage7_main_task_003,stage7b_execution_item_10d85e37cc49bc3f9b774293,,cab0a48666284348f1320e655a3b2c5dc664b2434d045f944e3faa107b2ed4a1,PASS
stage7_main_task_004,stage7b_execution_item_c7cb02d9316ce659053665ab,,a98a6cf54aa8c383a0ef47da38163fe0ca2a5344fa68ec078ab9039a6e9c9478,PASS
stage7_main_task_005,stage7b_execution_item_a20f5d76686b8b69c500181e,,19095fb9fb779d600b1469dc41695dc50ce923601e4c09a2377a64abb3b2f011,PASS
stage7_main_task_006,stage7b_execution_item_f3e8f347f726279d276f338b,,3920b2bc38c9e52546cfe4f4bd9728e46ad7e5de7c395a7539d40eb9658ddcf4,PASS
stage7_main_task_007,stage7b_execution_item_841d0839944b3ddc8d8079c5,,d76d10296e6c7151aeffa9d87d82359e9dd0ff349380339007a6b60c2dd095b3,PASS
stage7_main_task_008,stage7b_execution_item_e000b3847b0c1fdc92080252,,c33c1f2bef67da5b40f9a0fc51a5a9275d36b7b596194da68933c6b16728268e,PASS
stage7_main_task_009,stage7b_execution_item_665eadb2ef002ab2bb39add5,,e06bd7fcd228635a47a3e87982d45b07f8dc676615f2239b97b24cb011da1a3b,PASS
stage7_main_task_010,stage7b_execution_item_dba5eda0395cf736a700804d,,4adf5fbfdf21ff69444a9c468c42d22f04c79e5b75a6287280b0ff4ee07cc5b1,PASS
stage7_main_task_011,stage7b_execution_item_ab85c5ad6f7b8c11e5357980,,5bf3552e60e545a2775650217f1f005624f308a054fa5397185522a162fe5abc,PASS
stage7_main_task_012,stage7b_execution_item_f2fc5ed962481bd509923ad8,,30453030a6e789b09270f560151cea9219a07444b7d6153f16990f01ee5c4934,PASS
stage7_main_task_013,stage7b_execution_item_c99e7ec617bb30d778936f3b,,54c0a8b0afec121c2360545889046ac5b7188e9173693306dd1b4d03846fa76b,PASS
stage7_main_task_014,stage7b_execution_item_62664e64e82d9281c076931c,,41b928d0f153252abd2742e049cdb8e08b8ce1074dc69873aa8c4478df785b84,PASS
stage7_main_task_015,stage7b_execution_item_c58da06c05e9d1f601d877f8,,4bcdbe8d0a0fb2df0ce203dfc46d12c4f286714a0eece5f46a63f8a1135915b4,PASS
stage7_main_task_016,stage7b_execution_item_891d909a516c4d687154b36e,,015db3625172c607b34da591504cffb824e80c4ed12bd31d73fd1bd49cda2e85,PASS
stage7_main_task_017,stage7b_execution_item_3391d7bb93478596e2d30867,,e1113f1992a5283c7cf6182488b096a3d73d00dc1c6089110b86063f4e5b7a80,PASS
stage7_main_task_018,stage7b_execution_item_d2bd0fc39a277e953cdb8d23,,dee426c6996a280c0219f2449eb7d8ea459aaf9ac0d87331b5cba0d33416a427,PASS
stage7_main_task_019,stage7b_execution_item_64b594b92bb55f98719331f8,,c7e56c0b0005fa939b97dbfa171a06f944fe61a8ad8f03b493fd5e920cb8e188,PASS
stage7_main_task_020,stage7b_execution_item_00e9ff8ae07841b666b16998,,619fd20d78196662333cc181d4412cd970c4243902ef2b139ff458479e25bde2,PASS
stage7_main_task_021,stage7b_execution_item_36857b7d93b4e2c5abd79f7c,,c148cb79e1737a936f1506485bfd26b6d3654baff1a54a9209fbe23c127c444d,PASS
stage7_main_task_022,stage7b_execution_item_2132c57dd85c5694d3f4e368,INVALID_SECTION_ORDER,,REPLAY_REJECTED_VALIDATOR
stage7_main_task_023,stage7b_execution_item_e268196b78732056e5e849c5,,a6af41d4bbd6e187f3e45bd3a9729e8d30a8e97c78a8eba619ae3f92f84f8dde,PASS
stage7_main_task_024,stage7b_execution_item_b844c2ad4d530eeb27d6ea23,,60dbeecd97abd5b7f4964d98af70d4be60a10b2ee03c38ecee45717cec2c9743,PASS
stage7_main_task_025,stage7b_execution_item_e7c3c3b954cf69352acb54e0,,71f851dd4ef78ce0d2267f80d831924cb967c9f08386827f7d0cd6127fd85532,PASS
stage7_main_task_026,stage7b_execution_item_2af3a6245809ef0abd7b5067,INVALID_SECTION_ORDER,,REPLAY_REJECTED_VALIDATOR
stage7_main_task_027,stage7b_execution_item_48db1ebc808d9791436c22b3,,25fd669ee54431aa070c3f56932ce4424ee8e9a9e43a00796822d2ab6754a48b,PASS
stage7_main_task_028,stage7b_execution_item_51988fa2a23e3e36bcb3d3d3,,182847e3a564133b2a0c523721899497c3568512279e47c9bcb0c38b036bb552,PASS
stage7_main_task_029,stage7b_execution_item_32596ed0f8d54b62b0f4b63e,,33a00b259a52e498810d6335c7e82212322448d44a25587c2296441918e78b08,PASS
stage7_main_task_030,stage7b_execution_item_c7b5032f9460139ef2298815,,0de402c99101a74cc5af3762cd5245f2cac605f408f8a286688d190458b7e788,PASS
stage7_main_task_031,stage7b_execution_item_1d4d1210c5fa6fff0efcf4c9,,e7ecea9aaeaf753bfb22b0764d720af1a7513cf932fc34c563a9bc0ee61a9d9e,PASS
stage7_main_task_032,stage7b_execution_item_03e9ab9ad0f7999d7a88983c,,2b771cf30c1d90d5ea7fc5bea79ad2b71fae098d323442f1c226e83dd4813116,PASS
stage7_main_task_033,stage7b_execution_item_fa30a1cb01ff3d42d4633b6e,,e1b07742e527de427531b8b8f23cb4fd2bff05fe34b60f469f98a604cabea27e,PASS
stage7_main_task_034,stage7b_execution_item_39c27d5051ed04902393d1d3,,57a07806c6b6d5634a3039efebcb9b9c1f95d406529767807850c27c2377aa7d,PASS
stage7_main_task_035,stage7b_execution_item_27ac32002e69808c3f11c9dd,,4e4e5fe32ef318e9140dbd8066fce98d2e048dd6dcaf18090d4432d6622fe9fd,PASS
stage7_main_task_036,stage7b_execution_item_e5c2055761cd8a845691255e,,1d653668f6e582f6fe71f5d50d468196e813baed486671d4eb5e984b8fa9cc99,PASS
stage7_main_task_037,stage7b_execution_item_b2bb4ad4eec281a3dc820ca0,,9dad75e6610d0e0dd578cb5b1abda75c9ec5676b34fd0a7b5ca473837ac4c660,PASS
stage7_main_task_038,stage7b_execution_item_8d384fbc819aca8c2dc90670,,08d56fcfcf4c9bf6da4ecfaa4bbe0787363122955dc1d3e5311dd49fa27b3860,PASS
stage7_main_task_039,stage7b_execution_item_eb55e8c89e5dbe0edbac3f95,,2479e51b653379a6498150eebe97ad467c6376854768a941c3ea2913ef4da318,PASS
stage7_main_task_040,stage7b_execution_item_fd87e234de6856d515960ece,,e1a49d6468635576886dc38aa30aa59ac81f8b4c0b13a758f7e18858b1460082,PASS
stage7_main_task_041,stage7b_execution_item_785118c17f1aaf6c3af2bbdd,,384fdc037edfa4a47c90bab21d74659a9d939117a775561b3c5266f138983610,PASS
stage7_main_task_042,stage7b_execution_item_4ab338a18808db54664b6d1e,INVALID_SECTION_ORDER,,REPLAY_REJECTED_VALIDATOR
stage7_main_task_043,stage7b_execution_item_c82e8846129dca688da20a45,,2c7ff0077c6782c0412ebd42f65b608b7685304cfadb3c562f8ca17db25e9da0,PASS
stage7_main_task_044,stage7b_execution_item_72da86cb99ed3ac5bc560c5a,,97f350c994666cc707416fabceff5fbea23a56138da120e44a9270ce03633dc8,PASS
stage7_main_task_045,stage7b_execution_item_9f1027bf330c0e78f6ce2665,,272d3591765502bebcd636f835fc8b3089f1e829fa3884de71fd119a2b3bfe7c,PASS
stage7_main_task_046,stage7b_execution_item_5aec9af5b9598f4d2aaad44c,,0e87198d5e98113317b4a5e478d36d58f39206d12714cdc1c196723422eb590a,PASS
stage7_main_task_047,stage7b_execution_item_bf0491798b5194c6b8a8963d,,10ddebf7bcf187888408d6cc6b12b922acb1d88ba134ea108415edc246a82509,PASS
