cell_id,exact_daily_review_support_count,exact_forecast_support_count,exact_forward_support_count,exact_local_background_support_count,exact_observed_support_count,exact_state_version_id,final_daily_review_support_count,final_forecast_support_count,final_forward_support_count,final_local_background_support_count,final_observed_support_count,final_state_version_id,forecast_only_to_forecast_plus_observed,no_observed_to_observed_available,task_id
cell_3d2558b73586465c51997f14,1,1,0,0,0,bitemporal_version_0fe4f28f30bcde0cc1b2cf31,1,1,0,0,0,bitemporal_version_0fe4f28f30bcde0cc1b2cf31,False,False,stage7_main_task_000
cell_d633c30ff9721d955f08a540,3,3,0,0,0,bitemporal_version_896b6cdef1575f39d0b9e441,3,3,0,0,0,bitemporal_version_896b6cdef1575f39d0b9e441,False,False,stage7_main_task_001
cell_eb2c3c433c9ba2151c8c98b3,0,1,1,0,0,bitemporal_version_02d28ec2df7c79a3dd141295,0,1,1,0,0,bitemporal_version_02d28ec2df7c79a3dd141295,False,False,stage7_main_task_002
cell_007ae6b7a81e2b90469a65fa,0,1,1,0,0,bitemporal_version_0d5cb098f47e01f501eaba27,0,1,1,0,0,bitemporal_version_0d5cb098f47e01f501eaba27,False,False,stage7_main_task_002
cell_74760c064abb487c9a1b536d,0,2,2,0,0,bitemporal_version_623f48c8a2398ae7604e93b6,0,2,2,0,0,bitemporal_version_623f48c8a2398ae7604e93b6,False,False,stage7_main_task_002
cell_1843a9337ceb7ea09519935e,1,0,0,0,1,bitemporal_version_8e54371853e5324ba263e140,1,0,0,0,1,bitemporal_version_8e54371853e5324ba263e140,False,False,stage7_main_task_003
cell_24b399ee6cea6a9d1d537cd9,0,4,4,0,0,bitemporal_version_83f6b003c91a25e7bf490d1c,0,4,4,0,0,bitemporal_version_83f6b003c91a25e7bf490d1c,False,False,stage7_main_task_004
cell_759e1199e2f480da6470348f,3,2,0,0,1,bitemporal_version_1e9a100bc744755b35195499,3,2,0,0,1,bitemporal_version_1e9a100bc744755b35195499,False,False,stage7_main_task_005
cell_2a26eb473c9d5c29f1fb18e5,0,1,1,0,0,bitemporal_version_4834a4738caf0ce9deda4ebc,0,1,1,0,0,bitemporal_version_4834a4738caf0ce9deda4ebc,False,False,stage7_main_task_006
cell_cdc5039d5b825fe6a11681a2,3,3,0,0,0,bitemporal_version_4a854c050c003733a110bebc,3,3,0,0,0,bitemporal_version_4a854c050c003733a110bebc,False,False,stage7_main_task_007
cell_e6909af68ebeb6da8c963bf6,1,1,0,0,0,bitemporal_version_9f8d29b5e3da9cf362c7bfea,1,1,0,0,0,bitemporal_version_9f8d29b5e3da9cf362c7bfea,False,False,stage7_main_task_008
cell_74760c064abb487c9a1b536d,0,1,1,0,0,bitemporal_version_711502719d76bb990750c5c0,0,1,1,0,0,bitemporal_version_711502719d76bb990750c5c0,False,False,stage7_main_task_009
cell_74aee36f89ce05bc1be1552b,0,1,1,0,0,bitemporal_version_12081a43b7b3b8ce3a94869b,0,1,1,0,0,bitemporal_version_12081a43b7b3b8ce3a94869b,False,False,stage7_main_task_010
cell_63f0b623e1aa623002144e00,0,2,2,0,0,bitemporal_version_481174774170041aba15861e,0,2,2,0,0,bitemporal_version_481174774170041aba15861e,False,False,stage7_main_task_010
cell_18dcb188dff729ae040f264a,0,2,2,0,0,bitemporal_version_cbe6f3f9e0f596bc88ed69c9,0,2,2,0,0,bitemporal_version_cbe6f3f9e0f596bc88ed69c9,False,False,stage7_main_task_010
cell_8e31894debfd91db79f6b261,0,2,0,2,0,bitemporal_version_08d998a78501d5d6a920e96b,0,2,0,2,0,bitemporal_version_08d998a78501d5d6a920e96b,False,False,stage7_main_task_011
cell_ff5e7be1c6332ee68423a3aa,4,3,0,0,1,bitemporal_version_0a6efbacb85445d05d95e41a,4,3,0,0,1,bitemporal_version_0a6efbacb85445d05d95e41a,False,False,stage7_main_task_011
cell_b798b66695446a0f518c3244,0,2,2,0,0,bitemporal_version_34a7af8cb322ed9d0fb15c4e,0,2,2,0,0,bitemporal_version_34a7af8cb322ed9d0fb15c4e,False,False,stage7_main_task_011
cell_755f0624cffe8fc133dd76a0,0,1,0,2,1,bitemporal_version_5c9ddf895806d919939db9b1,0,1,0,2,1,bitemporal_version_5c9ddf895806d919939db9b1,False,False,stage7_main_task_011
cell_4d176d99ebe3ce580aa54210,0,1,1,0,0,bitemporal_version_60b7bc8afef2de12caf7eda6,0,1,1,0,0,bitemporal_version_60b7bc8afef2de12caf7eda6,False,False,stage7_main_task_011
cell_eb2c3c433c9ba2151c8c98b3,0,1,0,1,0,bitemporal_version_7c97c30e9d66acb82d7e97f3,0,1,0,1,0,bitemporal_version_7c97c30e9d66acb82d7e97f3,False,False,stage7_main_task_011
cell_96c0aad794c12294c62b9b04,0,2,0,3,1,bitemporal_version_7f5e2e2ddacdd13029e4ca42,0,2,0,3,1,bitemporal_version_7f5e2e2ddacdd13029e4ca42,False,False,stage7_main_task_011
cell_09ba3be6b7c383abc8f38eb2,0,2,0,3,1,bitemporal_version_82262bba3ee42a2b63e4de6a,0,2,0,3,1,bitemporal_version_82262bba3ee42a2b63e4de6a,False,False,stage7_main_task_011
cell_84a0fd97f5093abedccb6ecb,0,3,0,3,0,bitemporal_version_831ac0a15128a286445a35af,0,3,0,3,0,bitemporal_version_831ac0a15128a286445a35af,False,False,stage7_main_task_011
cell_aa9a31d2a4df8d15e2b4d46f,4,3,0,0,1,bitemporal_version_bc2c76285db51f4b2cdd2619,4,3,0,0,1,bitemporal_version_bc2c76285db51f4b2cdd2619,False,False,stage7_main_task_011
cell_1a79c4be59c0faaa67f15970,0,1,0,2,1,bitemporal_version_bfa4bef98835dfa287e289c5,0,1,0,2,1,bitemporal_version_bfa4bef98835dfa287e289c5,False,False,stage7_main_task_011
cell_8d1c49d3e1718f64fcb81f76,0,3,0,5,2,bitemporal_version_c4159daed74e98f8baa9ec28,0,3,0,5,2,bitemporal_version_c4159daed74e98f8baa9ec28,False,False,stage7_main_task_011
cell_007ae6b7a81e2b90469a65fa,0,1,0,2,1,bitemporal_version_cc71db4e9d96606c1b707095,0,1,0,2,1,bitemporal_version_cc71db4e9d96606c1b707095,False,False,stage7_main_task_011
cell_ba71aad8523a714a32b0c788,0,1,1,0,0,bitemporal_version_e1f57ba8d8a1aae167594462,0,1,1,0,0,bitemporal_version_e1f57ba8d8a1aae167594462,False,False,stage7_main_task_011
cell_74760c064abb487c9a1b536d,0,2,0,2,0,bitemporal_version_edddab05bf6ba79fa0925e75,0,2,0,2,0,bitemporal_version_edddab05bf6ba79fa0925e75,False,False,stage7_main_task_011
cell_b0aefb4d3bc9706a5f861ff1,0,4,4,0,0,bitemporal_version_546af95576f59984c40e6a5e,0,4,4,0,0,bitemporal_version_546af95576f59984c40e6a5e,False,False,stage7_main_task_012
cell_05f32b18f2a5c3e7cdc8a3bf,0,1,1,0,0,bitemporal_version_619cef753d09525b03a8cf6d,0,1,1,0,0,bitemporal_version_619cef753d09525b03a8cf6d,False,False,stage7_main_task_013
cell_99da166b69111be7d832d179,0,1,1,0,0,bitemporal_version_1c8fdbee108a3dcfde84a93d,0,1,1,0,0,bitemporal_version_1c8fdbee108a3dcfde84a93d,False,False,stage7_main_task_014
cell_cbfc1284b8ff0a829fc000d1,0,0,0,0,0,bitemporal_version_1d3a13ef3e6539cdb0f5a656,0,0,0,0,0,bitemporal_version_1d3a13ef3e6539cdb0f5a656,False,False,stage7_main_task_014
cell_9fe846ed7daeaf28b6a6e918,0,1,1,0,0,bitemporal_version_24aeef8318dd98edaa65f6d0,0,1,1,0,0,bitemporal_version_24aeef8318dd98edaa65f6d0,False,False,stage7_main_task_014
cell_6a1588be58e9c5a91d6b2534,0,0,0,0,0,bitemporal_version_2eb5d01595ceb3bda614f7a0,0,0,0,0,0,bitemporal_version_2eb5d01595ceb3bda614f7a0,False,False,stage7_main_task_014
cell_faa7efd3c3e249cc878fd291,0,0,0,1,1,bitemporal_version_36462c506f8ae42a35ff2be0,0,0,0,1,1,bitemporal_version_36462c506f8ae42a35ff2be0,False,False,stage7_main_task_014
cell_fccd76a8459740ecc3617390,0,1,0,1,0,bitemporal_version_42680b83a326f464b92d95e5,0,1,0,1,0,bitemporal_version_42680b83a326f464b92d95e5,False,False,stage7_main_task_014
cell_0e03d8262312cadde60398fe,3,2,0,0,1,bitemporal_version_430fe0deb57ac6302a452f3a,3,2,0,0,1,bitemporal_version_430fe0deb57ac6302a452f3a,False,False,stage7_main_task_014
cell_2a26eb473c9d5c29f1fb18e5,0,1,1,0,0,bitemporal_version_4834a4738caf0ce9deda4ebc,0,1,1,0,0,bitemporal_version_4834a4738caf0ce9deda4ebc,False,False,stage7_main_task_014
cell_6ab76a141b599fbf0d333f38,0,0,0,2,2,bitemporal_version_638e913706e37530ae2f2b1f,0,0,0,2,2,bitemporal_version_638e913706e37530ae2f2b1f,False,False,stage7_main_task_014
cell_d8fa56c73ebc8ef37293fd07,1,1,0,0,0,bitemporal_version_68638b424dd812a8d79b12f5,1,1,0,0,0,bitemporal_version_68638b424dd812a8d79b12f5,False,False,stage7_main_task_014
cell_c8a195ce5490d52eac969260,0,2,0,2,0,bitemporal_version_73aee85ec14c96cc2478087e,0,2,0,2,0,bitemporal_version_73aee85ec14c96cc2478087e,False,False,stage7_main_task_014
cell_b1b5dac189844b4209fccbad,2,2,0,0,0,bitemporal_version_8b432e6bc44d04eccc6d234c,2,2,0,0,0,bitemporal_version_8b432e6bc44d04eccc6d234c,False,False,stage7_main_task_014
cell_96b4757cd7a8528a4fb821e7,0,2,0,4,2,bitemporal_version_b6730d155489b01735c7a817,0,2,0,4,2,bitemporal_version_b6730d155489b01735c7a817,False,False,stage7_main_task_014
cell_a9e80bb164104fa9f94acd7a,0,1,0,1,0,bitemporal_version_c0ac54ff9e429bf32de64d2b,0,1,0,1,0,bitemporal_version_c0ac54ff9e429bf32de64d2b,False,False,stage7_main_task_014
cell_94715b3df97ea9686ead3cfe,0,0,0,0,0,bitemporal_version_e69ae8435c46ea94354fcb80,0,0,0,0,0,bitemporal_version_e69ae8435c46ea94354fcb80,False,False,stage7_main_task_014
cell_121053c3508b6529026d1b1e,0,0,0,1,1,bitemporal_version_efc4ef5679e58a119c0f03f6,0,0,0,1,1,bitemporal_version_efc4ef5679e58a119c0f03f6,False,False,stage7_main_task_014
cell_baa0129877491a16a221c738,0,3,0,3,0,bitemporal_version_2e5806b81aad51eb5ebeaa35,0,3,0,3,0,bitemporal_version_2e5806b81aad51eb5ebeaa35,False,False,stage7_main_task_015
cell_9a9745f01c52edcb50fb088f,0,4,0,5,1,bitemporal_version_339f6e502cf8b966239acb5f,0,4,0,5,1,bitemporal_version_339f6e502cf8b966239acb5f,False,False,stage7_main_task_015
cell_ea85c22cdbb2abd8b322b425,0,4,0,5,1,bitemporal_version_403b6e11a6da12815992bf16,0,4,0,5,1,bitemporal_version_403b6e11a6da12815992bf16,False,False,stage7_main_task_015
cell_5ee6c0a84a9a7c9c26f550a8,0,5,0,6,1,bitemporal_version_465ae8d70b2be6de880ed63b,0,5,0,6,1,bitemporal_version_465ae8d70b2be6de880ed63b,False,False,stage7_main_task_015
cell_cdc5039d5b825fe6a11681a2,0,2,2,0,0,bitemporal_version_59e8872b5b535382bedec398,0,2,2,0,0,bitemporal_version_59e8872b5b535382bedec398,False,False,stage7_main_task_015
cell_679e9857384de37e21b7e8c3,0,1,1,0,0,bitemporal_version_63e89bd80f0acc368743bdb3,0,1,1,0,0,bitemporal_version_63e89bd80f0acc368743bdb3,False,False,stage7_main_task_015
cell_8daeb32ef201b43aa2396d30,0,5,0,6,1,bitemporal_version_6c92d37dea8ad2396d2de433,0,5,0,6,1,bitemporal_version_6c92d37dea8ad2396d2de433,False,False,stage7_main_task_015
cell_b0aefb4d3bc9706a5f861ff1,0,5,0,5,0,bitemporal_version_71a4526b43fd2417741ba2ab,0,5,0,5,0,bitemporal_version_71a4526b43fd2417741ba2ab,False,False,stage7_main_task_015
cell_d633c30ff9721d955f08a540,3,3,0,0,0,bitemporal_version_896b6cdef1575f39d0b9e441,3,3,0,0,0,bitemporal_version_896b6cdef1575f39d0b9e441,False,False,stage7_main_task_015
cell_dc3cb4a34f23706944e9a6cd,0,2,0,3,1,bitemporal_version_8ece2502a4a1d9afc128d6d4,0,2,0,3,1,bitemporal_version_8ece2502a4a1d9afc128d6d4,False,False,stage7_main_task_015
cell_808b3bd148c7398a6acfe429,0,3,0,4,1,bitemporal_version_92cc963c3e2e3eaf4ddca550,0,3,0,4,1,bitemporal_version_92cc963c3e2e3eaf4ddca550,False,False,stage7_main_task_015
cell_24b399ee6cea6a9d1d537cd9,0,5,0,5,0,bitemporal_version_bdbf8db3cd84bd0c9df3adb0,0,5,0,5,0,bitemporal_version_bdbf8db3cd84bd0c9df3adb0,False,False,stage7_main_task_015
cell_185eefb1956ac00e6e6c4239,0,0,0,0,0,bitemporal_version_fbd7f672df99142de44a8e7e,0,0,0,0,0,bitemporal_version_fbd7f672df99142de44a8e7e,False,False,stage7_main_task_015
cell_ce28cbcbff1448def0120b58,0,4,0,4,0,bitemporal_version_ffdf682012831ff0ed087362,0,4,0,4,0,bitemporal_version_ffdf682012831ff0ed087362,False,False,stage7_main_task_015
cell_ffdbcf9fbc1ae90da8718779,2,2,0,0,0,bitemporal_version_ecfff63efd0fadd2c962f655,2,2,0,0,0,bitemporal_version_ecfff63efd0fadd2c962f655,False,False,stage7_main_task_016
cell_e64cfd0ce48c0a1b76f17f99,2,1,0,0,1,bitemporal_version_0758798216ebb581804e6756,2,1,0,0,1,bitemporal_version_0758798216ebb581804e6756,False,False,stage7_main_task_017
cell_43fd94ae193227608247e217,0,0,0,0,0,bitemporal_version_1edd89f74d2060787ee2c499,0,0,0,0,0,bitemporal_version_1edd89f74d2060787ee2c499,False,False,stage7_main_task_018
cell_fdd3167c8ebd633010aa0306,0,0,0,0,0,bitemporal_version_257a725a28a8e367cef68cb7,0,0,0,0,0,bitemporal_version_257a725a28a8e367cef68cb7,False,False,stage7_main_task_018
cell_15ba0458e0da9d03f0b43817,0,1,1,0,0,bitemporal_version_cd9311e94cefd6b4c4fac751,0,1,1,0,0,bitemporal_version_cd9311e94cefd6b4c4fac751,False,False,stage7_main_task_018
cell_ef1e570e1653555101dff5f3,3,2,0,0,1,bitemporal_version_3cd37f13a0b718c14a51ef09,3,2,0,0,1,bitemporal_version_3cd37f13a0b718c14a51ef09,False,False,stage7_main_task_019
cell_3c06fd31dd7df6b969bdbc8f,0,1,0,1,0,bitemporal_version_0ff50cc91bccb69579fdb03b,0,1,0,1,0,bitemporal_version_0ff50cc91bccb69579fdb03b,False,False,stage7_main_task_020
cell_cbe6f12faedc4a536f287879,0,3,3,0,0,bitemporal_version_115ac45b1531b0fd6db91bdc,0,3,3,0,0,bitemporal_version_115ac45b1531b0fd6db91bdc,False,False,stage7_main_task_020
cell_1f11a05f3bcc69dd553318b8,0,2,0,3,1,bitemporal_version_192a88dbb6d7c5b082367627,0,2,0,3,1,bitemporal_version_192a88dbb6d7c5b082367627,False,False,stage7_main_task_020
cell_1786a4b270fc12b3e2cbde93,1,1,0,0,0,bitemporal_version_28ac848e9b804e8fabc83913,1,1,0,0,0,bitemporal_version_28ac848e9b804e8fabc83913,False,False,stage7_main_task_020
cell_ee76ecb149a38cfe2eff82bf,0,1,0,1,0,bitemporal_version_4b641e732d48223681e74e5c,0,1,0,1,0,bitemporal_version_4b641e732d48223681e74e5c,False,False,stage7_main_task_020
cell_012f9a7ab4b7443b96de1240,0,2,0,2,0,bitemporal_version_4dd200af4006c5407b2cccb6,0,2,0,2,0,bitemporal_version_4dd200af4006c5407b2cccb6,False,False,stage7_main_task_020
cell_bf64fbf6243db5ccc68f8d6e,0,1,0,2,1,bitemporal_version_5c5c1d321c5acc26b9abd8fe,0,1,0,2,1,bitemporal_version_5c5c1d321c5acc26b9abd8fe,False,False,stage7_main_task_020
cell_b798b66695446a0f518c3244,0,2,0,2,0,bitemporal_version_61ecaa6077d098fae7b60568,0,2,0,2,0,bitemporal_version_61ecaa6077d098fae7b60568,False,False,stage7_main_task_020
cell_af293191decaff8df7b1d72b,0,2,0,3,1,bitemporal_version_6bb26433aad07568bd59cb70,0,2,0,3,1,bitemporal_version_6bb26433aad07568bd59cb70,False,False,stage7_main_task_020
cell_e05c5d458652315d2804569f,0,2,2,0,0,bitemporal_version_756f32585cdad159d2242070,0,2,2,0,0,bitemporal_version_756f32585cdad159d2242070,False,False,stage7_main_task_020
cell_b6d670d0cd786f4441e43f36,0,1,0,2,1,bitemporal_version_84580164ee54832b16cdaa64,0,1,0,2,1,bitemporal_version_84580164ee54832b16cdaa64,False,False,stage7_main_task_020
cell_b78c8fe752bb215ebc415f65,0,3,0,5,2,bitemporal_version_8b101b3735a8e58ce6c004ad,0,3,0,5,2,bitemporal_version_8b101b3735a8e58ce6c004ad,False,False,stage7_main_task_020
cell_7f60fb415d2265a3f3a9e060,0,2,0,2,0,bitemporal_version_ac6c85a962a4b63aabacea8c,0,2,0,2,0,bitemporal_version_ac6c85a962a4b63aabacea8c,False,False,stage7_main_task_020
cell_a356e7fd53aed114c2239ae5,0,0,0,0,0,bitemporal_version_fe231fdd0edfc0f6cc689ae4,0,0,0,0,0,bitemporal_version_fe231fdd0edfc0f6cc689ae4,False,False,stage7_main_task_020
cell_74aee36f89ce05bc1be1552b,0,2,0,2,0,bitemporal_version_08bdb7abfcb9aece891abd98,0,2,0,2,0,bitemporal_version_08bdb7abfcb9aece891abd98,False,False,stage7_main_task_021
cell_a7cf03a43029172147498f1d,0,2,0,2,0,bitemporal_version_10ac3ab58ad9405eb52355a3,0,2,0,2,0,bitemporal_version_10ac3ab58ad9405eb52355a3,False,False,stage7_main_task_021
cell_64ff35e15826ff3f4f73e53f,0,1,1,0,0,bitemporal_version_304e54396fecdd90a362eb34,0,1,1,0,0,bitemporal_version_304e54396fecdd90a362eb34,False,False,stage7_main_task_021
cell_58560187f2076d85b5a6f74a,0,3,0,4,1,bitemporal_version_4f1f4bcd48988fda803b7b16,0,3,0,4,1,bitemporal_version_4f1f4bcd48988fda803b7b16,False,False,stage7_main_task_021
cell_eb963d9033a751600f00caf8,0,2,0,2,0,bitemporal_version_537df6363dc17f00de7f8ebd,0,2,0,2,0,bitemporal_version_537df6363dc17f00de7f8ebd,False,False,stage7_main_task_021
cell_18dcb188dff729ae040f264a,0,4,0,4,0,bitemporal_version_5c8e58ea2a1b05ecf8963d45,0,4,0,4,0,bitemporal_version_5c8e58ea2a1b05ecf8963d45,False,False,stage7_main_task_021
cell_63f0b623e1aa623002144e00,0,6,0,9,3,bitemporal_version_6d1e17a2b701f85c24fd341f,0,6,0,9,3,bitemporal_version_6d1e17a2b701f85c24fd341f,False,False,stage7_main_task_021
cell_51ca099470b9519c3f21c337,0,2,0,3,1,bitemporal_version_ab411b02e5655dbb832046f9,0,2,0,3,1,bitemporal_version_ab411b02e5655dbb832046f9,False,False,stage7_main_task_021
cell_0c1a8a5de6439f092738b956,0,0,0,0,0,bitemporal_version_cabf72e5c673596be494b5ee,0,0,0,0,0,bitemporal_version_cabf72e5c673596be494b5ee,False,False,stage7_main_task_021
cell_3f0b8f25291fde24a559e007,0,1,0,2,1,bitemporal_version_e3a48a5f6994ff54730f3394,0,1,0,2,1,bitemporal_version_e3a48a5f6994ff54730f3394,False,False,stage7_main_task_021
cell_8daeb32ef201b43aa2396d30,0,3,3,0,0,bitemporal_version_e5bbdba4470a5f716c642573,0,3,3,0,0,bitemporal_version_e5bbdba4470a5f716c642573,False,False,stage7_main_task_021
cell_a988b2656051f7e18ac637e4,0,1,1,0,0,bitemporal_version_ea8f0838e5f0c5364da9b1bb,0,1,1,0,0,bitemporal_version_ea8f0838e5f0c5364da9b1bb,False,False,stage7_main_task_021
cell_9cfca22fbc766370829a5d1b,4,3,0,0,1,bitemporal_version_edffb25e2b8cb8fb7da98105,4,3,0,0,1,bitemporal_version_edffb25e2b8cb8fb7da98105,False,False,stage7_main_task_021
cell_e74dbbf425d6747d204d3810,0,2,0,4,2,bitemporal_version_f58d0de6bd7712e1540b640e,0,2,0,4,2,bitemporal_version_f58d0de6bd7712e1540b640e,False,False,stage7_main_task_021
cell_45e09953a5ddef4462c0a147,6,5,0,0,1,bitemporal_version_fe80e12dadec0d1607aa739e,6,5,0,0,1,bitemporal_version_fe80e12dadec0d1607aa739e,False,False,stage7_main_task_021
cell_146050071152b2bd18f8a541,4,3,0,0,1,bitemporal_version_156d5b272e3e7b11ac2ded03,4,3,0,0,1,bitemporal_version_156d5b272e3e7b11ac2ded03,False,False,stage7_main_task_022
cell_18dcb188dff729ae040f264a,0,2,2,0,0,bitemporal_version_cbe6f3f9e0f596bc88ed69c9,0,2,2,0,0,bitemporal_version_cbe6f3f9e0f596bc88ed69c9,False,False,stage7_main_task_023
cell_64ff35e15826ff3f4f73e53f,0,2,2,0,0,bitemporal_version_fe3f915a22ed341d647d39b7,0,2,2,0,0,bitemporal_version_fe3f915a22ed341d647d39b7,False,False,stage7_main_task_024
cell_e74dbbf425d6747d204d3810,0,2,0,4,2,bitemporal_version_111220f8749248750763ab5b,0,2,0,4,2,bitemporal_version_111220f8749248750763ab5b,False,False,stage7_main_task_025
cell_aa6a328c3c70903fa58222ee,0,2,0,3,1,bitemporal_version_1cbbab229df8d6e5082b0c85,0,2,0,3,1,bitemporal_version_1cbbab229df8d6e5082b0c85,False,False,stage7_main_task_025
cell_3f0b8f25291fde24a559e007,4,3,0,0,1,bitemporal_version_28226e3546bf4c33aeccd26d,4,3,0,0,1,bitemporal_version_28226e3546bf4c33aeccd26d,False,False,stage7_main_task_025
cell_a988b2656051f7e18ac637e4,0,0,0,0,0,bitemporal_version_2e5228c7cabacfb616f37cb4,0,0,0,0,0,bitemporal_version_2e5228c7cabacfb616f37cb4,False,False,stage7_main_task_025
cell_45e09953a5ddef4462c0a147,0,0,0,0,0,bitemporal_version_37675092c54a87eafb70dff1,0,0,0,0,0,bitemporal_version_37675092c54a87eafb70dff1,False,False,stage7_main_task_025
cell_9cfca22fbc766370829a5d1b,0,0,0,0,0,bitemporal_version_46fb2e606e72af1fc35c4fde,0,0,0,0,0,bitemporal_version_46fb2e606e72af1fc35c4fde,False,False,stage7_main_task_025
cell_eb963d9033a751600f00caf8,0,1,0,1,0,bitemporal_version_620f7d19c3100cbf8e656054,0,1,0,1,0,bitemporal_version_620f7d19c3100cbf8e656054,False,False,stage7_main_task_025
cell_44ef6fbfe662ce889b412cff,0,2,0,5,3,bitemporal_version_828a59b877d38a9120419e06,0,2,0,5,3,bitemporal_version_828a59b877d38a9120419e06,False,False,stage7_main_task_025
cell_a7cf03a43029172147498f1d,0,1,0,1,0,bitemporal_version_a1a678bdc680f8036f3ef8da,0,1,0,1,0,bitemporal_version_a1a678bdc680f8036f3ef8da,False,False,stage7_main_task_025
cell_58560187f2076d85b5a6f74a,0,2,0,3,1,bitemporal_version_a1d7e6d0f1089129c8f15367,0,2,0,3,1,bitemporal_version_a1d7e6d0f1089129c8f15367,False,False,stage7_main_task_025
cell_0c1a8a5de6439f092738b956,2,2,0,0,0,bitemporal_version_c3c84c16e72a8d2cd7f5291c,2,2,0,0,0,bitemporal_version_c3c84c16e72a8d2cd7f5291c,False,False,stage7_main_task_025
cell_18dcb188dff729ae040f264a,0,4,0,4,0,bitemporal_version_caca69d42a5155ca374c77a0,0,4,0,4,0,bitemporal_version_caca69d42a5155ca374c77a0,False,False,stage7_main_task_025
cell_63f0b623e1aa623002144e00,0,6,0,9,3,bitemporal_version_ce8af922be70cff2a55cb3be,0,6,0,9,3,bitemporal_version_ce8af922be70cff2a55cb3be,False,False,stage7_main_task_025
cell_74aee36f89ce05bc1be1552b,0,2,0,2,0,bitemporal_version_db420b88f5fd65eee761dcd0,0,2,0,2,0,bitemporal_version_db420b88f5fd65eee761dcd0,False,False,stage7_main_task_025
cell_51ca099470b9519c3f21c337,0,2,0,3,1,bitemporal_version_f6c43696471f49502c8c94bb,0,2,0,3,1,bitemporal_version_f6c43696471f49502c8c94bb,False,False,stage7_main_task_025
cell_e5477cc9d090c69443f67a6a,1,1,0,0,0,bitemporal_version_74224b4b30ba9084bdd8ac94,1,1,0,0,0,bitemporal_version_74224b4b30ba9084bdd8ac94,False,False,stage7_main_task_026
cell_8f3c162903e22fbfe2cbba42,0,1,1,0,0,bitemporal_version_43194bb14cfc647ee8b539c8,0,1,1,0,0,bitemporal_version_43194bb14cfc647ee8b539c8,False,False,stage7_main_task_027
cell_83789dbb3816b79a8bf0fcff,0,1,0,1,0,bitemporal_version_099fba5e70afd35ae1248935,0,1,0,1,0,bitemporal_version_099fba5e70afd35ae1248935,False,False,stage7_main_task_028
cell_fccd76a8459740ecc3617390,2,2,0,0,0,bitemporal_version_19e1fc849f06b2b80a323389,2,2,0,0,0,bitemporal_version_19e1fc849f06b2b80a323389,False,False,stage7_main_task_028
cell_121053c3508b6529026d1b1e,0,0,0,0,0,bitemporal_version_227edd2b8751473fea93230b,0,0,0,0,0,bitemporal_version_227edd2b8751473fea93230b,False,False,stage7_main_task_028
cell_faa7efd3c3e249cc878fd291,0,0,0,0,0,bitemporal_version_243c479459aa190acd481413,0,0,0,0,0,bitemporal_version_243c479459aa190acd481413,False,False,stage7_main_task_028
cell_bf453b474a2d9306cdad13e0,0,1,0,1,0,bitemporal_version_266a9026379e03c6579e7636,0,1,0,1,0,bitemporal_version_266a9026379e03c6579e7636,False,False,stage7_main_task_028
cell_6a1588be58e9c5a91d6b2534,0,0,0,0,0,bitemporal_version_29a6ec970cf17d8cd3b58ea8,0,0,0,0,0,bitemporal_version_29a6ec970cf17d8cd3b58ea8,False,False,stage7_main_task_028
cell_7c79414987c86917f8fe4747,0,1,0,2,1,bitemporal_version_35e52639fd4bb64e7929f925,0,1,0,2,1,bitemporal_version_35e52639fd4bb64e7929f925,False,False,stage7_main_task_028
cell_2dfc9a7f03542dcf190b7553,0,2,0,4,2,bitemporal_version_5c99ec9f129d1a026b8be57d,0,2,0,4,2,bitemporal_version_5c99ec9f129d1a026b8be57d,False,False,stage7_main_task_028
cell_4ae16fac54b95ee524718c7e,0,1,0,1,0,bitemporal_version_6376273395e4b492755caae5,0,1,0,1,0,bitemporal_version_6376273395e4b492755caae5,False,False,stage7_main_task_028
cell_e646a5e99626f665adf53dfb,0,0,0,1,1,bitemporal_version_817d5dc652f9a9eb3e96bd83,0,0,0,1,1,bitemporal_version_817d5dc652f9a9eb3e96bd83,False,False,stage7_main_task_028
cell_c8a195ce5490d52eac969260,2,2,0,0,0,bitemporal_version_cd8d41ee8fea9fdf498ef393,2,2,0,0,0,bitemporal_version_cd8d41ee8fea9fdf498ef393,False,False,stage7_main_task_028
cell_feb25603908516ff7807e05b,0,2,0,3,1,bitemporal_version_d41179f1e4ef4d7ced87bcf0,0,2,0,3,1,bitemporal_version_d41179f1e4ef4d7ced87bcf0,False,False,stage7_main_task_028
cell_f2bab7e8e692c04d8beb482b,0,1,0,1,0,bitemporal_version_e05462fe95e27ad4ca9a2bf5,0,1,0,1,0,bitemporal_version_e05462fe95e27ad4ca9a2bf5,False,False,stage7_main_task_028
cell_96b4757cd7a8528a4fb821e7,3,2,0,0,1,bitemporal_version_eb535e8c75c57a18d5adca25,3,2,0,0,1,bitemporal_version_eb535e8c75c57a18d5adca25,False,False,stage7_main_task_028
cell_a9e80bb164104fa9f94acd7a,1,1,0,0,0,bitemporal_version_ec113848cdb47adc55e8ca2a,1,1,0,0,0,bitemporal_version_ec113848cdb47adc55e8ca2a,False,False,stage7_main_task_028
cell_e610b4ce3922994ac4da48cb,0,2,0,2,0,bitemporal_version_efd4a6f3fe2d0289f12bbd03,0,2,0,2,0,bitemporal_version_efd4a6f3fe2d0289f12bbd03,False,False,stage7_main_task_028
cell_9014e249e35a590ee949d882,0,3,0,3,0,bitemporal_version_f9e2a18d77747823e1ff09a7,0,3,0,3,0,bitemporal_version_f9e2a18d77747823e1ff09a7,False,False,stage7_main_task_028
cell_8e31894debfd91db79f6b261,2,2,0,0,0,bitemporal_version_13b129363dc48ac52c9e3fbc,2,2,0,0,0,bitemporal_version_13b129363dc48ac52c9e3fbc,False,False,stage7_main_task_029
cell_a988b2656051f7e18ac637e4,0,2,2,0,0,bitemporal_version_9418128c653968d6175c40d1,0,2,2,0,0,bitemporal_version_9418128c653968d6175c40d1,False,False,stage7_main_task_030
cell_3d2558b73586465c51997f14,1,1,0,0,0,bitemporal_version_fe8dd696d0ae762e294b6740,1,1,0,0,0,bitemporal_version_fe8dd696d0ae762e294b6740,False,False,stage7_main_task_031
cell_a7cf03a43029172147498f1d,0,2,0,2,0,bitemporal_version_0a135d163192d7d91687997f,0,2,0,2,0,bitemporal_version_0a135d163192d7d91687997f,False,False,stage7_main_task_032
cell_0c1a8a5de6439f092738b956,0,0,0,0,0,bitemporal_version_2043c50b24d81df699fa780b,0,0,0,0,0,bitemporal_version_2043c50b24d81df699fa780b,False,False,stage7_main_task_032
cell_9cfca22fbc766370829a5d1b,4,3,0,0,1,bitemporal_version_26d919feaaf6b56a1fdc7e57,4,3,0,0,1,bitemporal_version_26d919feaaf6b56a1fdc7e57,False,False,stage7_main_task_032
cell_74aee36f89ce05bc1be1552b,0,2,0,2,0,bitemporal_version_2a31fd25b78add14c0156b6d,0,2,0,2,0,bitemporal_version_2a31fd25b78add14c0156b6d,False,False,stage7_main_task_032
cell_63f0b623e1aa623002144e00,0,6,0,9,3,bitemporal_version_4a54853c11e8b430c5c145d2,0,6,0,9,3,bitemporal_version_4a54853c11e8b430c5c145d2,False,False,stage7_main_task_032
cell_3f0b8f25291fde24a559e007,0,1,0,2,1,bitemporal_version_68919cfd480b4ce48ec4daa4,0,1,0,2,1,bitemporal_version_68919cfd480b4ce48ec4daa4,False,False,stage7_main_task_032
cell_a988b2656051f7e18ac637e4,0,2,2,0,0,bitemporal_version_9418128c653968d6175c40d1,0,2,2,0,0,bitemporal_version_9418128c653968d6175c40d1,False,False,stage7_main_task_032
cell_18dcb188dff729ae040f264a,0,4,0,4,0,bitemporal_version_a5db2f41407c796f2fb32e0a,0,4,0,4,0,bitemporal_version_a5db2f41407c796f2fb32e0a,False,False,stage7_main_task_032
cell_eb963d9033a751600f00caf8,0,2,0,2,0,bitemporal_version_aa6fe236bb9d9f4300e6bb48,0,2,0,2,0,bitemporal_version_aa6fe236bb9d9f4300e6bb48,False,False,stage7_main_task_032
cell_58560187f2076d85b5a6f74a,0,3,0,4,1,bitemporal_version_b62d9b5495beed00865c4b45,0,3,0,4,1,bitemporal_version_b62d9b5495beed00865c4b45,False,False,stage7_main_task_032
cell_51ca099470b9519c3f21c337,0,2,0,3,1,bitemporal_version_c78bf4d5087c5f98ce8e210c,0,2,0,3,1,bitemporal_version_c78bf4d5087c5f98ce8e210c,False,False,stage7_main_task_032
cell_45e09953a5ddef4462c0a147,0,3,3,0,0,bitemporal_version_cc4b6d222a68b847e6f5d1f8,0,3,3,0,0,bitemporal_version_cc4b6d222a68b847e6f5d1f8,False,False,stage7_main_task_032
cell_e74dbbf425d6747d204d3810,0,2,0,4,2,bitemporal_version_fb373c9971cdd6aab8ca2f9f,0,2,0,4,2,bitemporal_version_fb373c9971cdd6aab8ca2f9f,False,False,stage7_main_task_032
cell_64ff35e15826ff3f4f73e53f,0,2,2,0,0,bitemporal_version_fe3f915a22ed341d647d39b7,0,2,2,0,0,bitemporal_version_fe3f915a22ed341d647d39b7,False,False,stage7_main_task_032
cell_83789dbb3816b79a8bf0fcff,1,1,0,0,0,bitemporal_version_3005ef08630feaa5140bb522,1,1,0,0,0,bitemporal_version_3005ef08630feaa5140bb522,False,False,stage7_main_task_033
cell_bf453b474a2d9306cdad13e0,1,1,0,0,0,bitemporal_version_9bf6e3be2d520b0129fa42f7,1,1,0,0,0,bitemporal_version_9bf6e3be2d520b0129fa42f7,False,False,stage7_main_task_033
cell_2dfc9a7f03542dcf190b7553,3,2,0,0,1,bitemporal_version_f4250e9fb3b6db0f869b0130,3,2,0,0,1,bitemporal_version_f4250e9fb3b6db0f869b0130,False,False,stage7_main_task_033
cell_74aee36f89ce05bc1be1552b,0,2,0,2,0,bitemporal_version_08bdb7abfcb9aece891abd98,0,2,0,2,0,bitemporal_version_08bdb7abfcb9aece891abd98,False,False,stage7_main_task_034
cell_a7cf03a43029172147498f1d,0,2,0,2,0,bitemporal_version_10ac3ab58ad9405eb52355a3,0,2,0,2,0,bitemporal_version_10ac3ab58ad9405eb52355a3,False,False,stage7_main_task_034
cell_64ff35e15826ff3f4f73e53f,0,1,1,0,0,bitemporal_version_304e54396fecdd90a362eb34,0,1,1,0,0,bitemporal_version_304e54396fecdd90a362eb34,False,False,stage7_main_task_034
cell_58560187f2076d85b5a6f74a,0,3,0,4,1,bitemporal_version_4f1f4bcd48988fda803b7b16,0,3,0,4,1,bitemporal_version_4f1f4bcd48988fda803b7b16,False,False,stage7_main_task_034
cell_eb963d9033a751600f00caf8,0,2,0,2,0,bitemporal_version_537df6363dc17f00de7f8ebd,0,2,0,2,0,bitemporal_version_537df6363dc17f00de7f8ebd,False,False,stage7_main_task_034
cell_18dcb188dff729ae040f264a,0,4,0,4,0,bitemporal_version_5c8e58ea2a1b05ecf8963d45,0,4,0,4,0,bitemporal_version_5c8e58ea2a1b05ecf8963d45,False,False,stage7_main_task_034
cell_63f0b623e1aa623002144e00,0,6,0,9,3,bitemporal_version_6d1e17a2b701f85c24fd341f,0,6,0,9,3,bitemporal_version_6d1e17a2b701f85c24fd341f,False,False,stage7_main_task_034
cell_51ca099470b9519c3f21c337,0,2,0,3,1,bitemporal_version_ab411b02e5655dbb832046f9,0,2,0,3,1,bitemporal_version_ab411b02e5655dbb832046f9,False,False,stage7_main_task_034
cell_0c1a8a5de6439f092738b956,0,0,0,0,0,bitemporal_version_cabf72e5c673596be494b5ee,0,0,0,0,0,bitemporal_version_cabf72e5c673596be494b5ee,False,False,stage7_main_task_034
cell_3f0b8f25291fde24a559e007,0,1,0,2,1,bitemporal_version_e3a48a5f6994ff54730f3394,0,1,0,2,1,bitemporal_version_e3a48a5f6994ff54730f3394,False,False,stage7_main_task_034
cell_8daeb32ef201b43aa2396d30,0,3,3,0,0,bitemporal_version_e5bbdba4470a5f716c642573,0,3,3,0,0,bitemporal_version_e5bbdba4470a5f716c642573,False,False,stage7_main_task_034
cell_a988b2656051f7e18ac637e4,0,1,1,0,0,bitemporal_version_ea8f0838e5f0c5364da9b1bb,0,1,1,0,0,bitemporal_version_ea8f0838e5f0c5364da9b1bb,False,False,stage7_main_task_034
cell_9cfca22fbc766370829a5d1b,4,3,0,0,1,bitemporal_version_edffb25e2b8cb8fb7da98105,4,3,0,0,1,bitemporal_version_edffb25e2b8cb8fb7da98105,False,False,stage7_main_task_034
cell_e74dbbf425d6747d204d3810,0,2,0,4,2,bitemporal_version_f58d0de6bd7712e1540b640e,0,2,0,4,2,bitemporal_version_f58d0de6bd7712e1540b640e,False,False,stage7_main_task_034
cell_45e09953a5ddef4462c0a147,6,5,0,0,1,bitemporal_version_fe80e12dadec0d1607aa739e,6,5,0,0,1,bitemporal_version_fe80e12dadec0d1607aa739e,False,False,stage7_main_task_034
cell_0c7c18a1ffef6d9e83e69815,0,1,1,0,0,bitemporal_version_c12d8b91a76ec85621accc70,0,1,1,0,0,bitemporal_version_c12d8b91a76ec85621accc70,False,False,stage7_main_task_035
cell_b78c8fe752bb215ebc415f65,4,3,0,0,1,bitemporal_version_86ec5723a3ac346f6be1dbcd,4,3,0,0,1,bitemporal_version_86ec5723a3ac346f6be1dbcd,False,False,stage7_main_task_036
cell_a7a9faa90556b5f0054f0fd0,3,2,0,0,1,bitemporal_version_b80fc9058f82768576705a0c,3,2,0,0,1,bitemporal_version_b80fc9058f82768576705a0c,False,False,stage7_main_task_037
cell_8f3c162903e22fbfe2cbba42,0,1,1,0,0,bitemporal_version_43194bb14cfc647ee8b539c8,0,1,1,0,0,bitemporal_version_43194bb14cfc647ee8b539c8,False,False,stage7_main_task_038
cell_59d7ded1be93617fff859fd7,0,1,1,0,0,bitemporal_version_89c9c8c5cc5c29a3ecc3eab1,0,1,1,0,0,bitemporal_version_89c9c8c5cc5c29a3ecc3eab1,False,False,stage7_main_task_038
cell_5f623d6b57b59266e65e7d26,0,1,1,0,0,bitemporal_version_e505f340e809e30ce92b9ec1,0,1,1,0,0,bitemporal_version_e505f340e809e30ce92b9ec1,False,False,stage7_main_task_038
cell_0e03d8262312cadde60398fe,0,1,1,0,0,bitemporal_version_c19f2563a180297090a3bab9,0,1,1,0,0,bitemporal_version_c19f2563a180297090a3bab9,False,False,stage7_main_task_039
cell_cb5a81a7ae16ac1f806d2b6b,2,1,0,0,1,bitemporal_version_886c520d081e77e5f96d649d,2,1,0,0,1,bitemporal_version_886c520d081e77e5f96d649d,False,False,stage7_main_task_040
cell_cb5a81a7ae16ac1f806d2b6b,2,1,0,0,1,bitemporal_version_886c520d081e77e5f96d649d,2,1,0,0,1,bitemporal_version_886c520d081e77e5f96d649d,False,False,stage7_main_task_041
cell_a7a9faa90556b5f0054f0fd0,3,2,0,0,1,bitemporal_version_b80fc9058f82768576705a0c,3,2,0,0,1,bitemporal_version_b80fc9058f82768576705a0c,False,False,stage7_main_task_042
cell_ff5e7be1c6332ee68423a3aa,4,3,0,0,1,bitemporal_version_31e892d8d8cff9b59e635067,4,3,0,0,1,bitemporal_version_31e892d8d8cff9b59e635067,False,False,stage7_main_task_043
cell_2dfc9a7f03542dcf190b7553,3,2,0,0,1,bitemporal_version_f4250e9fb3b6db0f869b0130,3,2,0,0,1,bitemporal_version_f4250e9fb3b6db0f869b0130,False,False,stage7_main_task_044
cell_2dfc9a7f03542dcf190b7553,3,2,0,0,1,bitemporal_version_f4250e9fb3b6db0f869b0130,3,2,0,0,1,bitemporal_version_f4250e9fb3b6db0f869b0130,False,False,stage7_main_task_045
cell_63d1e25f2b61b93ebb0d39c0,0,2,0,4,2,bitemporal_version_0b2d3b47a6658eeeef3bb4e3,0,2,0,4,2,bitemporal_version_0b2d3b47a6658eeeef3bb4e3,False,False,stage7_main_task_046
cell_d0aaf3ebeddde7e26d32be3b,0,2,0,2,0,bitemporal_version_0c1983de26a49745d8a3cb7d,0,2,0,2,0,bitemporal_version_0c1983de26a49745d8a3cb7d,False,False,stage7_main_task_046
cell_3ae33164a8e71987590e3ceb,0,1,0,1,0,bitemporal_version_0dea87710991f32adaa9ca0a,0,1,0,1,0,bitemporal_version_0dea87710991f32adaa9ca0a,False,False,stage7_main_task_046
cell_9918a6975e555bb8745426a6,0,0,0,1,1,bitemporal_version_0f2d09f548a16421440bf368,0,0,0,1,1,bitemporal_version_0f2d09f548a16421440bf368,False,False,stage7_main_task_046
cell_83789dbb3816b79a8bf0fcff,1,1,0,0,0,bitemporal_version_3005ef08630feaa5140bb522,1,1,0,0,0,bitemporal_version_3005ef08630feaa5140bb522,False,False,stage7_main_task_046
cell_feb25603908516ff7807e05b,0,2,2,0,0,bitemporal_version_3f751532866431f62b647174,0,2,2,0,0,bitemporal_version_3f751532866431f62b647174,False,False,stage7_main_task_046
cell_e64cfd0ce48c0a1b76f17f99,0,1,0,2,1,bitemporal_version_6d2706db1318495f34a0732b,0,1,0,2,1,bitemporal_version_6d2706db1318495f34a0732b,False,False,stage7_main_task_046
cell_350b42c938b67c3ef980544e,0,2,0,2,0,bitemporal_version_831612ebfa13888afde32f8b,0,2,0,2,0,bitemporal_version_831612ebfa13888afde32f8b,False,False,stage7_main_task_046
cell_e610b4ce3922994ac4da48cb,0,1,1,0,0,bitemporal_version_99cfe2496a591a4ad0dd6260,0,1,1,0,0,bitemporal_version_99cfe2496a591a4ad0dd6260,False,False,stage7_main_task_046
cell_9014e249e35a590ee949d882,0,2,2,0,0,bitemporal_version_9adaa74c6a635ae61bd8f4ae,0,2,2,0,0,bitemporal_version_9adaa74c6a635ae61bd8f4ae,False,False,stage7_main_task_046
cell_bf453b474a2d9306cdad13e0,1,1,0,0,0,bitemporal_version_9bf6e3be2d520b0129fa42f7,1,1,0,0,0,bitemporal_version_9bf6e3be2d520b0129fa42f7,False,False,stage7_main_task_046
cell_15d2c322bb0814f83525b455,0,3,0,4,1,bitemporal_version_a47d9b6335c7cdb569e03fe8,0,3,0,4,1,bitemporal_version_a47d9b6335c7cdb569e03fe8,False,False,stage7_main_task_046
cell_31e74eece7a614a6a6e6ad67,0,1,0,1,0,bitemporal_version_c2c02938309c4ccb7b2749f6,0,1,0,1,0,bitemporal_version_c2c02938309c4ccb7b2749f6,False,False,stage7_main_task_046
cell_323c9f43486ba2940d7eb18e,0,2,0,2,0,bitemporal_version_e2662dd5bfca8f58ba5059bb,0,2,0,2,0,bitemporal_version_e2662dd5bfca8f58ba5059bb,False,False,stage7_main_task_046
cell_739b1858e1eec353b36657cc,0,2,0,2,0,bitemporal_version_f2c4fbc76dc7c2ceef0ec7a4,0,2,0,2,0,bitemporal_version_f2c4fbc76dc7c2ceef0ec7a4,False,False,stage7_main_task_046
cell_2dfc9a7f03542dcf190b7553,3,2,0,0,1,bitemporal_version_f4250e9fb3b6db0f869b0130,3,2,0,0,1,bitemporal_version_f4250e9fb3b6db0f869b0130,False,False,stage7_main_task_046
cell_755f0624cffe8fc133dd76a0,2,2,0,0,0,bitemporal_version_021bc61ec3f13983dcffef5a,2,2,0,0,0,bitemporal_version_021bc61ec3f13983dcffef5a,False,False,stage7_main_task_047
cell_ff5e7be1c6332ee68423a3aa,4,3,0,0,1,bitemporal_version_31e892d8d8cff9b59e635067,4,3,0,0,1,bitemporal_version_31e892d8d8cff9b59e635067,False,False,stage7_main_task_047
cell_1a79c4be59c0faaa67f15970,2,1,0,0,1,bitemporal_version_c0b196903f7a0184aab663fe,2,1,0,0,1,bitemporal_version_c0b196903f7a0184aab663fe,False,False,stage7_main_task_047
