affected_state_cells,claim_decision_change_count,claim_opportunity_count,expressible_support_change_count,expressible_value_change_count,hindsight_disabled_claim_count,hindsight_enabled_claim_count,knowledge_as_of,later_evidence_count,metric_change_count,number_of_cells,observed_claim_newly_enabled_count,observed_claim_opportunity_added_count,paired_claim_opportunity_count,product_type,task_affected_by_hindsight,task_id,valid_date
0,0,11,0,0,0,0,2023-10-07,0,0,1,0,0,11,all,False,stage7_main_task_000,2023-10-07
0,0,29,0,0,0,0,2023-12-28,0,0,1,0,0,29,all,False,stage7_main_task_001,2023-12-28
0,0,38,0,0,0,0,2023-11-18,0,0,3,0,0,38,forward_attention,False,stage7_main_task_002,2023-11-17
0,0,23,0,0,0,0,2023-10-02,0,0,1,0,0,23,daily_review,False,stage7_main_task_003,2023-10-02
0,0,35,0,0,0,0,2023-12-20,0,0,1,0,0,35,forward_attention,False,stage7_main_task_004,2023-12-20
0,0,3,0,0,0,0,2023-09-28,0,0,1,0,0,3,metric_review,False,stage7_main_task_005,2023-09-28
0,0,10,0,0,0,0,2023-10-28,0,0,1,0,0,10,all,False,stage7_main_task_006,2023-10-28
0,0,3,0,0,0,0,2023-12-29,0,0,1,0,0,3,metric_review,False,stage7_main_task_007,2023-12-29
0,0,11,0,0,0,0,2023-11-13,0,0,1,0,0,11,daily_review,False,stage7_main_task_008,2023-11-13
0,0,10,0,0,0,0,2023-11-18,0,0,1,0,0,10,forward_attention,False,stage7_main_task_009,2023-11-18
0,0,46,0,0,0,0,2023-12-09,0,0,3,0,0,46,forward_attention,False,stage7_main_task_010,2023-12-09
0,0,126,0,0,0,0,2023-11-22,0,0,15,0,0,126,all,False,stage7_main_task_011,2023-11-22
0,0,34,0,0,0,0,2023-12-23,0,0,1,0,0,34,forward_attention,False,stage7_main_task_012,2023-12-23
0,0,10,0,0,0,0,2023-09-17,0,0,1,0,0,10,forward_attention,False,stage7_main_task_013,2023-09-17
0,0,25,0,0,0,0,2023-10-28,0,0,16,0,0,25,metric_review,False,stage7_main_task_014,2023-10-28
0,0,19,0,0,0,0,2023-12-28,0,0,14,0,0,19,metric_review,False,stage7_main_task_015,2023-12-28
0,0,19,0,0,0,0,2023-09-22,0,0,1,0,0,19,daily_review,False,stage7_main_task_016,2023-09-22
0,0,31,0,0,0,0,2023-10-14,0,0,1,0,0,31,daily_review,False,stage7_main_task_017,2023-10-14
0,0,14,0,0,0,0,2023-10-08,0,0,3,0,0,14,forward_attention,False,stage7_main_task_018,2023-10-08
0,0,23,0,0,0,0,2023-09-15,0,0,1,0,0,23,all,False,stage7_main_task_019,2023-09-15
0,0,19,0,0,0,0,2023-12-03,0,0,14,0,0,19,metric_review,False,stage7_main_task_020,2023-12-02
0,0,154,0,0,0,0,2023-12-19,0,0,15,0,0,154,all,False,stage7_main_task_021,2023-12-18
0,0,3,0,0,0,0,2023-11-06,0,0,1,0,0,3,metric_review,False,stage7_main_task_022,2023-11-05
0,0,18,0,0,0,0,2023-12-09,0,0,1,0,0,18,all,False,stage7_main_task_023,2023-12-09
0,0,19,0,0,0,0,2023-12-17,0,0,1,0,0,19,forward_attention,False,stage7_main_task_024,2023-12-16
0,0,22,0,0,0,0,2023-12-14,0,0,15,0,0,22,metric_review,False,stage7_main_task_025,2023-12-14
0,0,11,0,0,0,0,2023-11-10,0,0,1,0,0,11,daily_review,False,stage7_main_task_026,2023-11-10
0,0,2,0,0,0,0,2023-09-23,0,0,1,0,0,2,metric_review,False,stage7_main_task_027,2023-09-22
0,0,28,0,0,0,0,2023-10-22,0,0,17,0,0,28,metric_review,False,stage7_main_task_028,2023-10-22
0,0,19,0,0,0,0,2023-11-18,0,0,1,0,0,19,daily_review,False,stage7_main_task_029,2023-11-17
0,0,19,0,0,0,0,2023-12-17,0,0,1,0,0,19,forward_attention,False,stage7_main_task_030,2023-12-16
0,0,11,0,0,0,0,2023-10-08,0,0,1,0,0,11,daily_review,False,stage7_main_task_031,2023-10-08
0,0,107,0,0,0,0,2023-12-17,0,0,14,0,0,107,all,False,stage7_main_task_032,2023-12-16
0,0,45,0,0,0,0,2023-10-19,0,0,3,0,0,45,daily_review,False,stage7_main_task_033,2023-10-18
0,0,22,0,0,0,0,2023-12-19,0,0,15,0,0,22,metric_review,False,stage7_main_task_034,2023-12-18
0,0,10,0,0,0,0,2023-10-12,0,0,1,0,0,10,forward_attention,False,stage7_main_task_035,2023-10-11
0,0,3,0,0,0,0,2023-11-29,0,0,1,0,0,3,metric_review,False,stage7_main_task_036,2023-11-28
0,0,23,0,0,0,0,2023-09-23,0,0,1,0,0,23,daily_review,False,stage7_main_task_037,2023-09-22
0,0,30,0,0,0,0,2023-09-23,0,0,3,0,0,30,forward_attention,False,stage7_main_task_038,2023-09-22
0,0,10,0,0,0,0,2023-10-27,0,0,1,0,0,10,forward_attention,False,stage7_main_task_039,2023-10-26
0,0,20,0,0,0,0,2023-12-06,0,0,1,0,0,20,daily_review,False,stage7_main_task_040,2023-12-06
0,0,20,0,0,0,0,2023-12-06,0,0,1,0,0,20,all,False,stage7_main_task_041,2023-12-06
0,0,23,0,0,0,0,2023-09-23,0,0,1,0,0,23,all,False,stage7_main_task_042,2023-09-22
0,0,31,0,0,0,0,2023-11-22,0,0,1,0,0,31,all,False,stage7_main_task_043,2023-11-21
0,0,23,0,0,0,0,2023-10-19,0,0,1,0,0,23,all,False,stage7_main_task_044,2023-10-18
0,0,23,0,0,0,0,2023-10-19,0,0,1,0,0,23,daily_review,False,stage7_main_task_045,2023-10-18
0,0,25,0,0,0,0,2023-10-19,0,0,16,0,0,25,metric_review,False,stage7_main_task_046,2023-10-18
0,0,81,0,0,0,0,2023-11-22,0,0,3,0,0,81,daily_review,False,stage7_main_task_047,2023-11-21
