result_id,final_result,source_file,source_artifact,source_stage,source_commit,source_tag,field_row_key,trace_status
PLC_MONITORED_DATES,91,artifacts/stage2_plc_operational_freeze_v2/freeze_manifest.json,artifacts/stage2_plc_operational_freeze_v2,Stage2E,472070a8aadb19c74f67dae63f95cd02e070e530,stage4-metrics-v1.1-frozen,monitored_date_count,RESOLVED
PLC_DATE_SPAN,2023-09-15..2023-12-30,artifacts/stage2_plc_operational_freeze_v2/freeze_manifest.json,artifacts/stage2_plc_operational_freeze_v2,Stage2E,472070a8aadb19c74f67dae63f95cd02e070e530,stage4-metrics-v1.1-frozen,"first_monitored_date,last_monitored_date",RESOLVED
PLC_OBSERVATIONS,328217,artifacts/stage2_plc_operational_freeze_v2/freeze_manifest.json,artifacts/stage2_plc_operational_freeze_v2,Stage2E,472070a8aadb19c74f67dae63f95cd02e070e530,stage4-metrics-v1.1-frozen,normalized_observation_count,RESOLVED
EPISODES,1119,artifacts/stage2_plc_operational_freeze_v2/freeze_manifest.json,artifacts/stage2_plc_operational_freeze_v2,Stage2E,472070a8aadb19c74f67dae63f95cd02e070e530,stage4-metrics-v1.1-frozen,episode_count,RESOLVED
DOCUMENTS,223,artifacts/stage2_geology_v2_freeze_candidate/freeze_manifest.json,artifacts/stage2_geology_v2_freeze_candidate,Stage2,472070a8aadb19c74f67dae63f95cd02e070e530,stage4-metrics-v1.1-frozen,canonical_documents,RESOLVED
PRIMARY_EVIDENCE,659,artifacts/stage2_geology_v2_freeze_candidate/freeze_manifest.json,artifacts/stage2_geology_v2_freeze_candidate,Stage2,472070a8aadb19c74f67dae63f95cd02e070e530,stage4-metrics-v1.1-frozen,primary_evidence,RESOLVED
OBSERVED_EVIDENCE,278,artifacts/stage2_geology_v2_freeze_candidate/freeze_manifest.json,artifacts/stage2_geology_v2_freeze_candidate,Stage2,472070a8aadb19c74f67dae63f95cd02e070e530,stage4-metrics-v1.1-frozen,primary_combinations grouped epistemic_status=OBSERVED,RESOLVED
FORECAST_EVIDENCE,381,artifacts/stage2_geology_v2_freeze_candidate/freeze_manifest.json,artifacts/stage2_geology_v2_freeze_candidate,Stage2,472070a8aadb19c74f67dae63f95cd02e070e530,stage4-metrics-v1.1-frozen,primary_combinations grouped epistemic_status=FORECAST,RESOLVED
REPORT_ASSERTIONS,122,artifacts/stage2_geology_v2_freeze_candidate/freeze_manifest.json,artifacts/stage2_geology_v2_freeze_candidate,Stage2,472070a8aadb19c74f67dae63f95cd02e070e530,stage4-metrics-v1.1-frozen,report_assertions,RESOLVED
SOURCE_SPANS,4713,artifacts/stage2_geology_v2_freeze_candidate/freeze_manifest.json,artifacts/stage2_geology_v2_freeze_candidate,Stage2,472070a8aadb19c74f67dae63f95cd02e070e530,stage4-metrics-v1.1-frozen,source_spans,RESOLVED
STATE_CELLS,156,artifacts/stage3a_initial_epistemic_state_v1_1/freeze_manifest.json,artifacts/stage3a_initial_epistemic_state_v1_1,Stage3A,472070a8aadb19c74f67dae63f95cd02e070e530,stage4-metrics-v1.1-frozen,cell_count,RESOLVED
INITIAL_STATE_VERSIONS,1322,artifacts/stage3a_initial_epistemic_state_v1_1/freeze_manifest.json,artifacts/stage3a_initial_epistemic_state_v1_1,Stage3A,472070a8aadb19c74f67dae63f95cd02e070e530,stage4-metrics-v1.1-frozen,initial_state_version_count,RESOLVED
BITEMPORAL_VERSIONS,1375,artifacts/stage3b_bitemporal_epistemic_state_v1_1/freeze_manifest.json,artifacts/stage3b_bitemporal_epistemic_state_v1_1,Stage3B,472070a8aadb19c74f67dae63f95cd02e070e530,stage4-metrics-v1.1-frozen,bitemporal_version_count,RESOLVED
REVISION_EVENTS,53,artifacts/stage3b_bitemporal_epistemic_state_v1_1/freeze_manifest.json,artifacts/stage3b_bitemporal_epistemic_state_v1_1,Stage3B,472070a8aadb19c74f67dae63f95cd02e070e530,stage4-metrics-v1.1-frozen,revision_event_count,RESOLVED
RAI_AVAILABLE,174,artifacts/stage4_bitemporal_state_metrics_v1_1/freeze_manifest.json,artifacts/stage4_bitemporal_state_metrics_v1_1,Stage4,472070a8aadb19c74f67dae63f95cd02e070e530,stage4-metrics-v1.1-frozen,rai_available_bitemporal_count,RESOLVED
GRS_AVAILABLE,1211,artifacts/stage4_bitemporal_state_metrics_v1_1/freeze_manifest.json,artifacts/stage4_bitemporal_state_metrics_v1_1,Stage4,472070a8aadb19c74f67dae63f95cd02e070e530,stage4-metrics-v1.1-frozen,grs_available_bitemporal_count,RESOLVED
GRCI_AVAILABLE,174,artifacts/stage4_bitemporal_state_metrics_v1_1/freeze_manifest.json,artifacts/stage4_bitemporal_state_metrics_v1_1,Stage4,472070a8aadb19c74f67dae63f95cd02e070e530,stage4-metrics-v1.1-frozen,grci_available_bitemporal_count,RESOLVED
CLAIM_OPPORTUNITIES,8679,artifacts/stage5c_claim_expressibility_analysis_v1/analysis_universe_manifest.json,artifacts/stage5c_claim_expressibility_analysis_v1,Stage5C,89bae5ca37c8802fcec6b3f53c36083a4328427f,stage5c-claim-expressibility-v1-frozen,claim_opportunity_count,RESOLVED
EXPRESSIBLE,6279,artifacts/stage5c_claim_expressibility_analysis_v1/overall_expressibility_summary.csv,artifacts/stage5c_claim_expressibility_analysis_v1,Stage5C,89bae5ca37c8802fcec6b3f53c36083a4328427f,stage5c-claim-expressibility-v1-frozen,"row=overall,expressible_count",RESOLVED
ABSTAIN,2400,artifacts/stage5c_claim_expressibility_analysis_v1/overall_expressibility_summary.csv,artifacts/stage5c_claim_expressibility_analysis_v1,Stage5C,89bae5ca37c8802fcec6b3f53c36083a4328427f,stage5c-claim-expressibility-v1-frozen,"row=overall,abstain_count",RESOLVED
STAGE7B_TASKS,48,artifacts/stage7b_main_comparison_v1/freeze_manifest.json,artifacts/stage7b_main_comparison_v1,Stage7B,38da398b3c5edc8e3e5f8180273f1f04fdff4fbb,stage7b-main-comparison-v1-frozen,run_summary.benchmark_task_count,RESOLVED
STAGE7B_P_VALID,45,artifacts/stage7b_main_comparison_v1/freeze_manifest.json,artifacts/stage7b_main_comparison_v1,Stage7B,38da398b3c5edc8e3e5f8180273f1f04fdff4fbb,stage7b-main-comparison-v1-frozen,run_summary.p_final_output_count,RESOLVED
STAGE7B_P_INVALID,3,artifacts/stage7b_main_comparison_v1/freeze_manifest.json,artifacts/stage7b_main_comparison_v1,Stage7B,38da398b3c5edc8e3e5f8180273f1f04fdff4fbb,stage7b-main-comparison-v1-frozen,run_summary.structure_audit_fail_count,RESOLVED
STAGE7D_REVISED_DATES,14,artifacts/stage7d_bitemporal_value_v1_1/stage7d_secondary_endpoints.json,artifacts/stage7d_bitemporal_value_v1_1,Stage7D,cdcf63e4f525ac5f2950906b4497a1d0fa93d5ab,stage7d-bitemporal-value-v1.1a-frozen,revision_valid_date_count,RESOLVED
STAGE7D_REVISED_CELLS,51,artifacts/stage7d_bitemporal_value_v1_1/stage7d_secondary_endpoints.json,artifacts/stage7d_bitemporal_value_v1_1,Stage7D,cdcf63e4f525ac5f2950906b4497a1d0fa93d5ab,stage7d-bitemporal-value-v1.1a-frozen,unique_revised_cell_count,RESOLVED
STAGE7D_RAI_CHANGED,0/53,artifacts/stage7d_bitemporal_value_v1_1/stage7d_primary_endpoints.json,artifacts/stage7d_bitemporal_value_v1_1,Stage7D,cdcf63e4f525ac5f2950906b4497a1d0fa93d5ab,stage7d-bitemporal-value-v1.1a-frozen,P2_metric_sensitive_revision_event_rate.RAI,RESOLVED
STAGE7D_GRS_CHANGED,36/53,artifacts/stage7d_bitemporal_value_v1_1/stage7d_primary_endpoints.json,artifacts/stage7d_bitemporal_value_v1_1,Stage7D,cdcf63e4f525ac5f2950906b4497a1d0fa93d5ab,stage7d-bitemporal-value-v1.1a-frozen,P2_metric_sensitive_revision_event_rate.GRS,RESOLVED
STAGE7D_GRCI_CHANGED,1/53,artifacts/stage7d_bitemporal_value_v1_1/stage7d_primary_endpoints.json,artifacts/stage7d_bitemporal_value_v1_1,Stage7D,cdcf63e4f525ac5f2950906b4497a1d0fa93d5ab,stage7d-bitemporal-value-v1.1a-frozen,P2_metric_sensitive_revision_event_rate.GRCI,RESOLVED
STAGE7D_ABSTAIN_TO_EXPRESSIBLE,27,artifacts/stage7d_bitemporal_value_v1_1/stage7d_secondary_endpoints.json,artifacts/stage7d_bitemporal_value_v1_1,Stage7D,cdcf63e4f525ac5f2950906b4497a1d0fa93d5ab,stage7d-bitemporal-value-v1.1a-frozen,claim_transition_counts.ABSTAIN_TO_EXPRESSIBLE,RESOLVED
STAGE7D_OPPORTUNITY_ADDED,540,artifacts/stage7d_bitemporal_value_v1_1a_correction/freeze_manifest.json,artifacts/stage7d_bitemporal_value_v1_1a_correction,Stage7D,cdcf63e4f525ac5f2950906b4497a1d0fa93d5ab,stage7d-bitemporal-value-v1.1a-frozen,counts.opportunity_added,RESOLVED
A2_TARGET_SECTIONS,31,artifacts/stage7e_ablation_execution_v1_1a_metadata_cleanup/stage7e_final_machine_result_summary.json,artifacts/stage7e_ablation_execution_v1_1a_metadata_cleanup,Stage7E,25df4be17edb89ad669d2a7255e65b6b5fa8acbc,stage7e-ablation-execution-v1.1a-final-machine-results,a2.target_sections,RESOLVED
A2_AFFECTED_TASKS,24,artifacts/stage7e_ablation_execution_v1_1a_metadata_cleanup/stage7e_final_machine_result_summary.json,artifacts/stage7e_ablation_execution_v1_1a_metadata_cleanup,Stage7E,25df4be17edb89ad669d2a7255e65b6b5fa8acbc,stage7e-ablation-execution-v1.1a-final-machine-results,a2.affected_tasks,RESOLVED
A3_STRICT_CHUNKS,125/147,artifacts/stage7e_ablation_execution_v1_1a_metadata_cleanup/stage7e_final_machine_result_summary.json,artifacts/stage7e_ablation_execution_v1_1a_metadata_cleanup,Stage7E,25df4be17edb89ad669d2a7255e65b6b5fa8acbc,stage7e-ablation-execution-v1.1a-final-machine-results,a3_primary_protocol_compliance.valid_chunks/total_chunks,RESOLVED
A3_STRICT_MAPPINGS,828/989,artifacts/stage7e_ablation_execution_v1_1a_metadata_cleanup/stage7e_final_machine_result_summary.json,artifacts/stage7e_ablation_execution_v1_1a_metadata_cleanup,Stage7E,25df4be17edb89ad669d2a7255e65b6b5fa8acbc,stage7e-ablation-execution-v1.1a-final-machine-results,a3_primary_protocol_compliance.claim_mappings/total_claims,RESOLVED
A3_STRICT_NUMERIC,149/149 exact; drift 0,artifacts/stage7e_ablation_execution_v1_1a_metadata_cleanup/stage7e_final_machine_result_summary.json,artifacts/stage7e_ablation_execution_v1_1a_metadata_cleanup,Stage7E,25df4be17edb89ad669d2a7255e65b6b5fa8acbc,stage7e-ablation-execution-v1.1a-final-machine-results,a3_corrected_strict_numeric_audit,RESOLVED
A3_SECONDARY_NUMERIC,164/164 exact; drift 0,artifacts/stage7e_ablation_execution_v1_1a_metadata_cleanup/stage7e_final_machine_result_summary.json,artifacts/stage7e_ablation_execution_v1_1a_metadata_cleanup,Stage7E,25df4be17edb89ad669d2a7255e65b6b5fa8acbc,stage7e-ablation-execution-v1.1a-final-machine-results,a3_secondary_fence_only,RESOLVED
A4_TRACE,848/1022,artifacts/stage7e_ablation_execution_v1_1a_metadata_cleanup/stage7e_final_machine_result_summary.json,artifacts/stage7e_ablation_execution_v1_1a_metadata_cleanup,Stage7E,25df4be17edb89ad669d2a7255e65b6b5fa8acbc,stage7e-ablation-execution-v1.1a-final-machine-results,a4.used_fact_locks/total_fact_locks,RESOLVED
A4_NUMERIC_TRACE,162/171,artifacts/stage7e_ablation_execution_v1_1a_metadata_cleanup/stage7e_final_machine_result_summary.json,artifacts/stage7e_ablation_execution_v1_1a_metadata_cleanup,Stage7E,25df4be17edb89ad669d2a7255e65b6b5fa8acbc,stage7e-ablation-execution-v1.1a-final-machine-results,a4.used_numeric_fact_locks/total_numeric_fact_locks,RESOLVED
SENS_20M_CONFLICTS,90,artifacts/stage7f_sensitivity_execution_v1_1_final_interpretation/stage7f_final_machine_summary.json,artifacts/stage7f_sensitivity_execution_v1_1_final_interpretation,Stage7F,4eb234f242ed4dd281d52cf95a8a892ed35c1d91,stage7f-sensitivity-execution-v1.1-final-machine-results,cell_size.20m.scope_role_conflicts,RESOLVED
SENS_20M_POINT,23,artifacts/stage7f_sensitivity_execution_v1_1_final_interpretation/stage7f_final_machine_summary.json,artifacts/stage7f_sensitivity_execution_v1_1_final_interpretation,Stage7F,4eb234f242ed4dd281d52cf95a8a892ed35c1d91,stage7f-sensitivity-execution-v1.1-final-machine-results,cell_size.20m.point_missing_or_duplicate,RESOLVED
SENS_20M_INTERVAL,76,artifacts/stage7f_sensitivity_execution_v1_1_final_interpretation/stage7f_final_machine_summary.json,artifacts/stage7f_sensitivity_execution_v1_1_final_interpretation,Stage7F,4eb234f242ed4dd281d52cf95a8a892ed35c1d91,stage7f-sensitivity-execution-v1.1-final-machine-results,cell_size.20m.interval_overlap_mismatch,RESOLVED
SENS_HISTORY_20_SWITCH,4 A→E,artifacts/stage7f_sensitivity_execution_v1_1_final_interpretation/stage7f_final_machine_summary.json,artifacts/stage7f_sensitivity_execution_v1_1_final_interpretation,Stage7F,4eb234f242ed4dd281d52cf95a8a892ed35c1d91,stage7f-sensitivity-execution-v1.1-final-machine-results,history.claim_transitions[rai_history_min_samples_20],RESOLVED
SENS_HISTORY_40_SWITCH,4 E→A,artifacts/stage7f_sensitivity_execution_v1_1_final_interpretation/stage7f_final_machine_summary.json,artifacts/stage7f_sensitivity_execution_v1_1_final_interpretation,Stage7F,4eb234f242ed4dd281d52cf95a8a892ed35c1d91,stage7f-sensitivity-execution-v1.1-final-machine-results,history.claim_transitions[rai_history_min_samples_40],RESOLVED
SENS_SATURATION_SWITCH,0,artifacts/stage7f_sensitivity_execution_v1_1_final_interpretation/stage7f_final_machine_summary.json,artifacts/stage7f_sensitivity_execution_v1_1_final_interpretation,Stage7F,4eb234f242ed4dd281d52cf95a8a892ed35c1d91,stage7f-sensitivity-execution-v1.1-final-machine-results,saturation.claim_transitions,RESOLVED
ABSTAIN_UNKNOWN_SOURCE_VALUE,1078,artifacts/stage5c_claim_expressibility_analysis_v1/abstention_reason_summary.csv,artifacts/stage5c_claim_expressibility_analysis_v1,Stage5C,89bae5ca37c8802fcec6b3f53c36083a4328427f,stage5c-claim-expressibility-v1-frozen,abstention_reason=UNKNOWN_SOURCE_VALUE,RESOLVED
ABSTAIN_CONTEXT_ONLY_ROLE,880,artifacts/stage5c_claim_expressibility_analysis_v1/abstention_reason_summary.csv,artifacts/stage5c_claim_expressibility_analysis_v1,Stage5C,89bae5ca37c8802fcec6b3f53c36083a4328427f,stage5c-claim-expressibility-v1-frozen,abstention_reason=CONTEXT_ONLY_ROLE,RESOLVED
ABSTAIN_STATE_ROLE_NOT_ALLOWED,305,artifacts/stage5c_claim_expressibility_analysis_v1/abstention_reason_summary.csv,artifacts/stage5c_claim_expressibility_analysis_v1,Stage5C,89bae5ca37c8802fcec6b3f53c36083a4328427f,stage5c-claim-expressibility-v1-frozen,abstention_reason=STATE_ROLE_NOT_ALLOWED,RESOLVED
ABSTAIN_REQUIRED_EPISTEMIC_STATUS_MISSING,105,artifacts/stage5c_claim_expressibility_analysis_v1/abstention_reason_summary.csv,artifacts/stage5c_claim_expressibility_analysis_v1,Stage5C,89bae5ca37c8802fcec6b3f53c36083a4328427f,stage5c-claim-expressibility-v1-frozen,abstention_reason=REQUIRED_EPISTEMIC_STATUS_MISSING,RESOLVED
ABSTAIN_REQUIRED_METRIC_UNAVAILABLE,32,artifacts/stage5c_claim_expressibility_analysis_v1/abstention_reason_summary.csv,artifacts/stage5c_claim_expressibility_analysis_v1,Stage5C,89bae5ca37c8802fcec6b3f53c36083a4328427f,stage5c-claim-expressibility-v1-frozen,abstention_reason=REQUIRED_METRIC_UNAVAILABLE,RESOLVED
