evidence_id,report_id,report_date,issue_date,source_type_raw,source_type_norm,evidence_role,source_level,spatial_type,start_chainage,end_chainage,center_chainage,face_chainage,grade,lithology,weathering,joint_development,rock_mass_state,stability,water_flag,water_type,collapse_flag,deformation_flag,water_state,collapse_state,deformation_state,hazard_tags,attribute_tags,method_tags,unknown_hazard_tags,source_reliability,evidence_strength,confidence_text,raw_text,attrs_obj,parse_warnings,duplicate_count,duplicate_evidence_ids,dedup_key,dedup_note,duplicate_raw_text_snippets,time_valid,time_invalid_reason,spatial_relevant,spatial_invalid_reason,overlap_daily_excavated_scope,overlap_forward_scope,overlap_local_background_scope,overlap_report_scope,distance_to_current_chainage,distance_to_daily_range,evidence_report_role
DyK1013+190.20_伯舒拉岭隧道进口右线水平声波剖面法超前地质预报报告(DyK1013+190.2～DyK1013+290.2)-20230914_hsp_1_collapse_point_1,DyK1013+190.20_伯舒拉岭隧道进口右线水平声波剖面法超前地质预报报告(DyK1013+190.2～DyK1013+290.2)-20230914,2023 年9 月13 日,2023 年9 月13 日,sonic,HSP,prediction,anomaly_point,anomaly_point,1013232.0,1013232.0,1013232.0,1013190.2,Ⅴ,板岩夹变质砂岩,弱风化,发育密集,破碎-极破碎,较差,0,,1,0,unknown,positive,unknown,"[""较明显反射异常"", ""掉块"", ""裂隙密集"", ""围岩极破碎"", ""软硬不均"", ""稳定性较差""]","[""围岩等级建议""]","[""HSP""]",[],0.9,1.2,medium,"里程范围: DyK1013+224
~
DyK1013+238
（14m）
物探探测结果: 该段存在
较明显反
射异常
预报结论: 该段围岩较前段变差。岩性为板
岩夹变质砂岩，弱风化，岩质软
硬不均，节理裂隙发育密集，岩
体破碎-极破碎，围岩整体稳定性
差
风险提示: 里程+224、
+232 附近有
掉块风险
建议围岩等级: Ⅴ级围岩","{""fact_type"": ""hsp_segment"", ""lithology"": ""板岩夹变质砂岩"", ""weathering"": ""弱风化"", ""support_grade"": ""Ⅴ"", ""rock_hardness"": null, ""rock_uniformity"": ""软硬不均"", ""joint_degree"": ""发育密集"", ""rock_mass_state"": ""破碎-极破碎"", ""mud_filling_flag"": 0, ""stability"": ""较差"", ""water_flag"": 0, ""water_type"": null, ""collapse_flag"": 1, ""deformation_flag"": 0, ""anomaly_level"": ""medium"", ""risk_hint_text"": ""里程+224、\n+232 附近有\n掉块风险"", ""collapse_points"": [224.0, 232.0], ""risk_level"": ""high"", ""risk_tags"": [""较明显反射异常"", ""掉块"", ""裂隙密集"", ""围岩极破碎"", ""围岩等级建议""], ""evidence_attrs_schema_version"": ""evidence_attrs_v2"", ""parser_name"": ""hsp_parser"", ""parser_version"": ""v2"", ""parse_quality"": ""rule_based"", ""parse_warnings"": [], ""source_semantics"": ""forecast_segment"", ""source_risk_level"": ""high"", ""source_risk_tags"": [""较明显反射异常"", ""掉块"", ""裂隙密集"", ""围岩极破碎"", ""围岩等级建议""], ""parent_evidence_id"": ""DyK1013+190.20_伯舒拉岭隧道进口右线水平声波剖面法超前地质预报报告(DyK1013+190.2～DyK1013+290.2)-20230914_hsp_1"", ""anomaly_point_type"": ""collapse_point"", ""anomaly_point_raw_value"": 232.0, ""anomaly_point_chainage"": 1013232.0}",[],1,"[""DyK1013+190.20_伯舒拉岭隧道进口右线水平声波剖面法超前地质预报报告(DyK1013+190.2～DyK1013+290.2)-20230914_hsp_1_collapse_point_1""]","{""center_chainage"": 1013232.0, ""face_chainage"": 1013190.0, ""hazard_family"": ""collapse"", ""report_id"": ""DyK1013+190.20_伯舒拉岭隧道进口右线水平声波剖面法超前地质预报报告(DyK1013+190.2～DyK1013+290.2)-20230914"", ""source_type_norm"": ""HSP"", ""spatial_type"": ""anomaly_point""}",,[],True,,False,outside_report_scope,False,False,False,False,34.0,32.0,excluded_by_distance
DyK1013+190.20_伯舒拉岭隧道进口右线水平声波剖面法超前地质预报报告(DyK1013+190.2～DyK1013+290.2)-20230914_hsp_2,DyK1013+190.20_伯舒拉岭隧道进口右线水平声波剖面法超前地质预报报告(DyK1013+190.2～DyK1013+290.2)-20230914,2023 年9 月13 日,2023 年9 月13 日,sonic,HSP,prediction,segment,segment,1013238.0,1013265.0,1013251.5,1013190.2,Ⅴ,板岩夹变质砂岩,弱风化,发育,破碎,较差,0,,0,0,unknown,unknown,unknown,"[""裂隙发育"", ""围岩破碎"", ""软硬不均"", ""稳定性较差""]","[""围岩等级建议""]","[""HSP""]",[],0.9,1.0,medium,"里程范围: DyK1013+238
~
DyK1013+265
（27m）
物探探测结果: 该段未见
明显反射
异常
预报结论: 该段围岩较前段稍有变好。岩性
为板岩夹变质砂岩，弱风化，岩
质软硬不均，节理裂隙发育，岩
体破碎，围岩整体稳定性差
风险提示: 
建议围岩等级: Ⅴ级围岩","{""fact_type"": ""hsp_segment"", ""lithology"": ""板岩夹变质砂岩"", ""weathering"": ""弱风化"", ""support_grade"": ""Ⅴ"", ""rock_hardness"": null, ""rock_uniformity"": ""软硬不均"", ""joint_degree"": ""发育"", ""rock_mass_state"": ""破碎"", ""mud_filling_flag"": 0, ""stability"": ""较差"", ""water_flag"": 0, ""water_type"": null, ""collapse_flag"": 0, ""deformation_flag"": 0, ""anomaly_level"": ""none"", ""risk_hint_text"": null, ""collapse_points"": [], ""risk_level"": ""medium"", ""risk_tags"": [""裂隙发育"", ""围岩破碎"", ""围岩等级建议""], ""evidence_attrs_schema_version"": ""evidence_attrs_v2"", ""parser_name"": ""hsp_parser"", ""parser_version"": ""v2"", ""parse_quality"": ""rule_based"", ""parse_warnings"": [], ""source_semantics"": ""forecast_segment"", ""source_risk_level"": ""medium"", ""source_risk_tags"": [""裂隙发育"", ""围岩破碎"", ""围岩等级建议""]}",[],1,[],,,[],True,,False,outside_report_scope,False,False,False,False,40.0,38.0,excluded_by_distance
DyK1013+190.20_伯舒拉岭隧道进口右线水平声波剖面法超前地质预报报告(DyK1013+190.2～DyK1013+290.2)-20230914_hsp_3_collapse_point_0,DyK1013+190.20_伯舒拉岭隧道进口右线水平声波剖面法超前地质预报报告(DyK1013+190.2～DyK1013+290.2)-20230914,2023 年9 月13 日,2023 年9 月13 日,sonic,HSP,prediction,anomaly_point,anomaly_point,1013265.0,1013265.0,1013265.0,1013190.2,Ⅴ,板岩夹变质砂岩,弱风化,发育密集,破碎-极破碎,较差,0,,1,0,unknown,positive,unknown,"[""明显反射异常"", ""掉块"", ""裂隙密集"", ""围岩极破碎"", ""软硬不均"", ""稳定性较差""]","[""围岩等级建议""]","[""HSP""]",[],0.9,1.2,medium,"里程范围: DyK1013+265
~
DyK1013+290.2
（25.2m）
物探探测结果: 该段存在
明显反射
异常
预报结论: 该段围岩较前段明显变差。岩性
为板岩夹变质砂岩，弱风化，岩
质软硬不均，节理裂隙发育密集，
岩体破碎-极破碎，围岩整体稳定
性差
风险提示: 里程+265、
+273、+282
附近有掉块
风险
建议围岩等级: Ⅴ级围岩","{""fact_type"": ""hsp_segment"", ""lithology"": ""板岩夹变质砂岩"", ""weathering"": ""弱风化"", ""support_grade"": ""Ⅴ"", ""rock_hardness"": null, ""rock_uniformity"": ""软硬不均"", ""joint_degree"": ""发育密集"", ""rock_mass_state"": ""破碎-极破碎"", ""mud_filling_flag"": 0, ""stability"": ""较差"", ""water_flag"": 0, ""water_type"": null, ""collapse_flag"": 1, ""deformation_flag"": 0, ""anomaly_level"": ""strong"", ""risk_hint_text"": ""里程+265、\n+273、+282\n附近有掉块\n风险"", ""collapse_points"": [265.0, 273.0, 282.0], ""risk_level"": ""high"", ""risk_tags"": [""明显反射异常"", ""掉块"", ""裂隙密集"", ""围岩极破碎"", ""围岩等级建议""], ""evidence_attrs_schema_version"": ""evidence_attrs_v2"", ""parser_name"": ""hsp_parser"", ""parser_version"": ""v2"", ""parse_quality"": ""rule_based"", ""parse_warnings"": [], ""source_semantics"": ""forecast_segment"", ""source_risk_level"": ""high"", ""source_risk_tags"": [""明显反射异常"", ""掉块"", ""裂隙密集"", ""围岩极破碎"", ""围岩等级建议""], ""parent_evidence_id"": ""DyK1013+190.20_伯舒拉岭隧道进口右线水平声波剖面法超前地质预报报告(DyK1013+190.2～DyK1013+290.2)-20230914_hsp_3"", ""anomaly_point_type"": ""collapse_point"", ""anomaly_point_raw_value"": 265.0, ""anomaly_point_chainage"": 1013265.0}",[],1,"[""DyK1013+190.20_伯舒拉岭隧道进口右线水平声波剖面法超前地质预报报告(DyK1013+190.2～DyK1013+290.2)-20230914_hsp_3_collapse_point_0""]","{""center_chainage"": 1013265.0, ""face_chainage"": 1013190.0, ""hazard_family"": ""collapse"", ""report_id"": ""DyK1013+190.20_伯舒拉岭隧道进口右线水平声波剖面法超前地质预报报告(DyK1013+190.2～DyK1013+290.2)-20230914"", ""source_type_norm"": ""HSP"", ""spatial_type"": ""anomaly_point""}",,[],True,,False,outside_report_scope,False,False,False,False,67.0,65.0,excluded_by_distance
DyK1013+190.20_伯舒拉岭隧道进口右线水平声波剖面法超前地质预报报告(DyK1013+190.2～DyK1013+290.2)-20230914_hsp_3_collapse_point_1,DyK1013+190.20_伯舒拉岭隧道进口右线水平声波剖面法超前地质预报报告(DyK1013+190.2～DyK1013+290.2)-20230914,2023 年9 月13 日,2023 年9 月13 日,sonic,HSP,prediction,anomaly_point,anomaly_point,1013273.0,1013273.0,1013273.0,1013190.2,Ⅴ,板岩夹变质砂岩,弱风化,发育密集,破碎-极破碎,较差,0,,1,0,unknown,positive,unknown,"[""明显反射异常"", ""掉块"", ""裂隙密集"", ""围岩极破碎"", ""软硬不均"", ""稳定性较差""]","[""围岩等级建议""]","[""HSP""]",[],0.9,1.2,medium,"里程范围: DyK1013+265
~
DyK1013+290.2
（25.2m）
物探探测结果: 该段存在
明显反射
异常
预报结论: 该段围岩较前段明显变差。岩性
为板岩夹变质砂岩，弱风化，岩
质软硬不均，节理裂隙发育密集，
岩体破碎-极破碎，围岩整体稳定
性差
风险提示: 里程+265、
+273、+282
附近有掉块
风险
建议围岩等级: Ⅴ级围岩","{""fact_type"": ""hsp_segment"", ""lithology"": ""板岩夹变质砂岩"", ""weathering"": ""弱风化"", ""support_grade"": ""Ⅴ"", ""rock_hardness"": null, ""rock_uniformity"": ""软硬不均"", ""joint_degree"": ""发育密集"", ""rock_mass_state"": ""破碎-极破碎"", ""mud_filling_flag"": 0, ""stability"": ""较差"", ""water_flag"": 0, ""water_type"": null, ""collapse_flag"": 1, ""deformation_flag"": 0, ""anomaly_level"": ""strong"", ""risk_hint_text"": ""里程+265、\n+273、+282\n附近有掉块\n风险"", ""collapse_points"": [265.0, 273.0, 282.0], ""risk_level"": ""high"", ""risk_tags"": [""明显反射异常"", ""掉块"", ""裂隙密集"", ""围岩极破碎"", ""围岩等级建议""], ""evidence_attrs_schema_version"": ""evidence_attrs_v2"", ""parser_name"": ""hsp_parser"", ""parser_version"": ""v2"", ""parse_quality"": ""rule_based"", ""parse_warnings"": [], ""source_semantics"": ""forecast_segment"", ""source_risk_level"": ""high"", ""source_risk_tags"": [""明显反射异常"", ""掉块"", ""裂隙密集"", ""围岩极破碎"", ""围岩等级建议""], ""parent_evidence_id"": ""DyK1013+190.20_伯舒拉岭隧道进口右线水平声波剖面法超前地质预报报告(DyK1013+190.2～DyK1013+290.2)-20230914_hsp_3"", ""anomaly_point_type"": ""collapse_point"", ""anomaly_point_raw_value"": 273.0, ""anomaly_point_chainage"": 1013273.0}",[],1,"[""DyK1013+190.20_伯舒拉岭隧道进口右线水平声波剖面法超前地质预报报告(DyK1013+190.2～DyK1013+290.2)-20230914_hsp_3_collapse_point_1""]","{""center_chainage"": 1013273.0, ""face_chainage"": 1013190.0, ""hazard_family"": ""collapse"", ""report_id"": ""DyK1013+190.20_伯舒拉岭隧道进口右线水平声波剖面法超前地质预报报告(DyK1013+190.2～DyK1013+290.2)-20230914"", ""source_type_norm"": ""HSP"", ""spatial_type"": ""anomaly_point""}",,[],True,,False,outside_report_scope,False,False,False,False,75.0,73.0,excluded_by_distance
DyK1013+190.20_伯舒拉岭隧道进口右线水平声波剖面法超前地质预报报告(DyK1013+190.2～DyK1013+290.2)-20230914_hsp_3,DyK1013+190.20_伯舒拉岭隧道进口右线水平声波剖面法超前地质预报报告(DyK1013+190.2～DyK1013+290.2)-20230914,2023 年9 月13 日,2023 年9 月13 日,sonic,HSP,prediction,segment,segment,1013265.0,1013290.2,1013277.6,1013190.2,Ⅴ,板岩夹变质砂岩,弱风化,发育密集,破碎-极破碎,较差,0,,1,0,unknown,positive,unknown,"[""明显反射异常"", ""掉块"", ""裂隙密集"", ""围岩极破碎"", ""软硬不均"", ""稳定性较差""]","[""围岩等级建议""]","[""HSP""]",[],0.9,1.1,medium,"里程范围: DyK1013+265
~
DyK1013+290.2
（25.2m）
物探探测结果: 该段存在
明显反射
异常
预报结论: 该段围岩较前段明显变差。岩性
为板岩夹变质砂岩，弱风化，岩
质软硬不均，节理裂隙发育密集，
岩体破碎-极破碎，围岩整体稳定
性差
风险提示: 里程+265、
+273、+282
附近有掉块
风险
建议围岩等级: Ⅴ级围岩","{""fact_type"": ""hsp_segment"", ""lithology"": ""板岩夹变质砂岩"", ""weathering"": ""弱风化"", ""support_grade"": ""Ⅴ"", ""rock_hardness"": null, ""rock_uniformity"": ""软硬不均"", ""joint_degree"": ""发育密集"", ""rock_mass_state"": ""破碎-极破碎"", ""mud_filling_flag"": 0, ""stability"": ""较差"", ""water_flag"": 0, ""water_type"": null, ""collapse_flag"": 1, ""deformation_flag"": 0, ""anomaly_level"": ""strong"", ""risk_hint_text"": ""里程+265、\n+273、+282\n附近有掉块\n风险"", ""collapse_points"": [265.0, 273.0, 282.0], ""risk_level"": ""high"", ""risk_tags"": [""明显反射异常"", ""掉块"", ""裂隙密集"", ""围岩极破碎"", ""围岩等级建议""], ""evidence_attrs_schema_version"": ""evidence_attrs_v2"", ""parser_name"": ""hsp_parser"", ""parser_version"": ""v2"", ""parse_quality"": ""rule_based"", ""parse_warnings"": [], ""source_semantics"": ""forecast_segment"", ""source_risk_level"": ""high"", ""source_risk_tags"": [""明显反射异常"", ""掉块"", ""裂隙密集"", ""围岩极破碎"", ""围岩等级建议""]}",[],1,[],,,[],True,,False,outside_report_scope,False,False,False,False,67.0,65.0,excluded_by_distance
DyK1013+190.20_伯舒拉岭隧道进口右线水平声波剖面法超前地质预报报告(DyK1013+190.2～DyK1013+290.2)-20230914_hsp_3_collapse_point_2,DyK1013+190.20_伯舒拉岭隧道进口右线水平声波剖面法超前地质预报报告(DyK1013+190.2～DyK1013+290.2)-20230914,2023 年9 月13 日,2023 年9 月13 日,sonic,HSP,prediction,anomaly_point,anomaly_point,1013282.0,1013282.0,1013282.0,1013190.2,Ⅴ,板岩夹变质砂岩,弱风化,发育密集,破碎-极破碎,较差,0,,1,0,unknown,positive,unknown,"[""明显反射异常"", ""掉块"", ""裂隙密集"", ""围岩极破碎"", ""软硬不均"", ""稳定性较差""]","[""围岩等级建议""]","[""HSP""]",[],0.9,1.2,medium,"里程范围: DyK1013+265
~
DyK1013+290.2
（25.2m）
物探探测结果: 该段存在
明显反射
异常
预报结论: 该段围岩较前段明显变差。岩性
为板岩夹变质砂岩，弱风化，岩
质软硬不均，节理裂隙发育密集，
岩体破碎-极破碎，围岩整体稳定
性差
风险提示: 里程+265、
+273、+282
附近有掉块
风险
建议围岩等级: Ⅴ级围岩","{""fact_type"": ""hsp_segment"", ""lithology"": ""板岩夹变质砂岩"", ""weathering"": ""弱风化"", ""support_grade"": ""Ⅴ"", ""rock_hardness"": null, ""rock_uniformity"": ""软硬不均"", ""joint_degree"": ""发育密集"", ""rock_mass_state"": ""破碎-极破碎"", ""mud_filling_flag"": 0, ""stability"": ""较差"", ""water_flag"": 0, ""water_type"": null, ""collapse_flag"": 1, ""deformation_flag"": 0, ""anomaly_level"": ""strong"", ""risk_hint_text"": ""里程+265、\n+273、+282\n附近有掉块\n风险"", ""collapse_points"": [265.0, 273.0, 282.0], ""risk_level"": ""high"", ""risk_tags"": [""明显反射异常"", ""掉块"", ""裂隙密集"", ""围岩极破碎"", ""围岩等级建议""], ""evidence_attrs_schema_version"": ""evidence_attrs_v2"", ""parser_name"": ""hsp_parser"", ""parser_version"": ""v2"", ""parse_quality"": ""rule_based"", ""parse_warnings"": [], ""source_semantics"": ""forecast_segment"", ""source_risk_level"": ""high"", ""source_risk_tags"": [""明显反射异常"", ""掉块"", ""裂隙密集"", ""围岩极破碎"", ""围岩等级建议""], ""parent_evidence_id"": ""DyK1013+190.20_伯舒拉岭隧道进口右线水平声波剖面法超前地质预报报告(DyK1013+190.2～DyK1013+290.2)-20230914_hsp_3"", ""anomaly_point_type"": ""collapse_point"", ""anomaly_point_raw_value"": 282.0, ""anomaly_point_chainage"": 1013282.0}",[],1,"[""DyK1013+190.20_伯舒拉岭隧道进口右线水平声波剖面法超前地质预报报告(DyK1013+190.2～DyK1013+290.2)-20230914_hsp_3_collapse_point_2""]","{""center_chainage"": 1013282.0, ""face_chainage"": 1013190.0, ""hazard_family"": ""collapse"", ""report_id"": ""DyK1013+190.20_伯舒拉岭隧道进口右线水平声波剖面法超前地质预报报告(DyK1013+190.2～DyK1013+290.2)-20230914"", ""source_type_norm"": ""HSP"", ""spatial_type"": ""anomaly_point""}",,[],True,,False,outside_report_scope,False,False,False,False,84.0,82.0,excluded_by_distance
