assertion_count,asset_id,detail,filename,primary_evidence_count,sample_name,source_type,status
0,0ad8909b3dca17540f02c871,,DyK1013+184.20_伯舒拉岭进口右线DyK1013+184.2洞身素描记录表.pdf,1,gold_sketch_dyk1013_184_2,FACE_SKETCH,PASS
0,56a4057acb6bbfd5196d07a6,,DyK1013+190.20_伯舒拉岭隧道进口右线水平声波剖面法超前地质预报报告(DyK1013+190.2～DyK1013+290.2)-20230914.pdf,5,gold_hsp_dyk1013_190_2_290_2,SONIC_FORECAST,PASS
9,58b5929e39d044c3fabb2d14,,DyK1013+124.20_伯舒拉岭隧道进口右线地震波反射法超前地质预报报告(DyK1013+080.2～DyK1013+200.2)-20230603.pdf,8,gold_tsp_dyk1013_080_2_200_2,TSP_REPORT,PASS
0,7d7ef4bf0bb0a3f3fff22523,,DyK1014+675.00_伯舒拉岭右线DyK1014+675洞身素描记录表.pdf,1,sketch_dyk1014_675,FACE_SKETCH,PASS
0,ead2355fccd1e00c0543ffb1,,DyK1015+655.00_伯舒拉岭右线洞身素描记录表 1.pdf,1,sketch_dyk1015_655,FACE_SKETCH,PASS
0,1870dda01a4d19910fe26fec,,DyK1017+049.00_伯舒拉岭右线洞身素描记录表 48.pdf,1,sketch_dyk1017_049,FACE_SKETCH,PASS
0,d0afc25463d4776277ebb952,segments=8; last_risk_points=[1014115.0],DyK1014+019.00_伯舒拉岭隧道进口右线水平声波剖面法超前地质预报报告(DyK1014+019～DyK1014+119)-20231118.pdf,9,hsp_dyk1014_019_119,SONIC_FORECAST,PASS
0,136f634e89bc5e9b4040f0ba,,DyK1016+998.00_伯舒拉岭隧道进口右线水平声波剖面法超前地质预报报告(Dyk1016+998～Dyk1017+098)-20240720.pdf,4,hsp_dyk1016_998_1017_098,SONIC_FORECAST,PASS
16,526f92d60ad6be77bb03fceb,,DyK1015+660.00_伯舒拉岭隧道进口右线地震波反射法超前地质预报报告(DyK1015+660～DyK1015+760)-20240406.pdf,10,tsp_dyk1015_660_760,TSP_REPORT,PASS
17,f0472a89bd7fa4fcf169c354,Ed=88~95; assertions=17,DyK1017+215.00_伯舒拉岭隧道进口右线地震波反射法超前地质预报报告(DyK1017+215～DyK1017+315)-20240808.pdf,8,tsp_dyk1017_215_315,TSP_REPORT,PASS
