asset_id,canonical_asset_id,duplicate_of_asset_id,filename,page_count,random_seed,research_scope,selection_reasons,source_path,source_type
00b9dd298253daf3a1a0aafd,00b9dd298253daf3a1a0aafd,,DyK1013+924.60_伯舒拉岭进口右线DyK1013+924.6洞身素描记录表.pdf,1,20260729,IN_SCOPE,non_standard_water_custom_value,/Users/zhaoxiaoda/Library/CloudStorage/GoogleDrive-xiaodazhao0608@gmail.com/我的云端硬盘/TBM9/SKETCH/DyK1013+924.60_伯舒拉岭进口右线DyK1013+924.6洞身素描记录表.pdf,FACE_SKETCH
00e536fe7ea614a87b155918,00e536fe7ea614a87b155918,,DyK1013+723.60_伯舒拉岭进口右线DyK10+723.6洞身素描记录表.pdf,1,20260729,IN_SCOPE,non_standard_water_custom_value,/Users/zhaoxiaoda/Library/CloudStorage/GoogleDrive-xiaodazhao0608@gmail.com/我的云端硬盘/TBM9/SKETCH/DyK1013+723.60_伯舒拉岭进口右线DyK10+723.6洞身素描记录表.pdf,FACE_SKETCH
011e725a63ba75581035c479,011e725a63ba75581035c479,,DyK1015+743.00_伯舒拉岭右线洞身素描记录表 4.pdf,1,20260729,IN_SCOPE,non_standard_water_custom_value,/Users/zhaoxiaoda/Library/CloudStorage/GoogleDrive-xiaodazhao0608@gmail.com/我的云端硬盘/TBM9/SKETCH/DyK1015+743.00_伯舒拉岭右线洞身素描记录表 4.pdf,FACE_SKETCH
02523bc25efb424ef47e6e1b,02523bc25efb424ef47e6e1b,,DyK1013+403.00_伯舒拉岭进口右线DyK10+403洞身素描记录表.pdf,1,20260729,IN_SCOPE,non_standard_water_custom_value,/Users/zhaoxiaoda/Library/CloudStorage/GoogleDrive-xiaodazhao0608@gmail.com/我的云端硬盘/TBM9/SKETCH/DyK1013+403.00_伯舒拉岭进口右线DyK10+403洞身素描记录表.pdf,FACE_SKETCH
02c15c50d7f5c44364c9893e,02c15c50d7f5c44364c9893e,,DyK1017+125.00_伯舒拉岭隧道进口右线地震波反射法超前地质预报报告(DyK1017+125～DyK1017+225)-20240727.pdf,22,20260729,IN_SCOPE,random_success_TSP_REPORT,/Users/zhaoxiaoda/Library/CloudStorage/GoogleDrive-xiaodazhao0608@gmail.com/我的云端硬盘/TBM9/TSP/DyK1017+125.00_伯舒拉岭隧道进口右线地震波反射法超前地质预报报告(DyK1017+125～DyK1017+225)-20240727.pdf,TSP_REPORT
02e00321ce5666a8de86a89b,02e00321ce5666a8de86a89b,,DyK1015+317.00_伯舒拉岭右线DyK1015+317洞身素描记录表.pdf,1,20260729,IN_SCOPE,non_standard_water_custom_value;random_success_FACE_SKETCH,/Users/zhaoxiaoda/Library/CloudStorage/GoogleDrive-xiaodazhao0608@gmail.com/我的云端硬盘/TBM9/SKETCH/DyK1015+317.00_伯舒拉岭右线DyK1015+317洞身素描记录表.pdf,FACE_SKETCH
0317527187ad49cb220a0053,0317527187ad49cb220a0053,,DyK1017+327.00_伯舒拉岭右线洞身素描记录表 60.pdf,1,20260729,IN_SCOPE,non_standard_water_custom_value,/Users/zhaoxiaoda/Library/CloudStorage/GoogleDrive-xiaodazhao0608@gmail.com/我的云端硬盘/TBM9/SKETCH/DyK1017+327.00_伯舒拉岭右线洞身素描记录表 60.pdf,FACE_SKETCH
0381e28b8d8376ab150335ab,0381e28b8d8376ab150335ab,,DyK1017+088.00_伯舒拉岭隧道进口右线水平声波剖面法超前地质预报报告(Dyk1017+088～Dyk1017+188)-20240724.pdf,13,20260729,IN_SCOPE,random_success_SONIC_FORECAST,/Users/zhaoxiaoda/Library/CloudStorage/GoogleDrive-xiaodazhao0608@gmail.com/我的云端硬盘/TBM9/HSP/DyK1017+088.00_伯舒拉岭隧道进口右线水平声波剖面法超前地质预报报告(Dyk1017+088～Dyk1017+188)-20240724.pdf,SONIC_FORECAST
0759e02be4906729df98f355,0759e02be4906729df98f355,,DyK1014+166.40_伯舒拉岭进口右线DyK1014+166.4洞身素描记录表.pdf,1,20260729,IN_SCOPE,non_standard_water_custom_value,/Users/zhaoxiaoda/Library/CloudStorage/GoogleDrive-xiaodazhao0608@gmail.com/我的云端硬盘/TBM9/SKETCH/DyK1014+166.40_伯舒拉岭进口右线DyK1014+166.4洞身素描记录表.pdf,FACE_SKETCH
08a1806ab230574280a8f01c,08a1806ab230574280a8f01c,,DyK1015+939.00_伯舒拉岭右线洞身素描记录表 11.pdf,1,20260729,IN_SCOPE,non_standard_water_custom_value,/Users/zhaoxiaoda/Library/CloudStorage/GoogleDrive-xiaodazhao0608@gmail.com/我的云端硬盘/TBM9/SKETCH/DyK1015+939.00_伯舒拉岭右线洞身素描记录表 11.pdf,FACE_SKETCH
0927cc325ee4a03fe413feea,0927cc325ee4a03fe413feea,,DyK1016+629.00_伯舒拉岭右线洞身素描记录表 34.pdf,1,20260729,IN_SCOPE,non_standard_water_custom_value,/Users/zhaoxiaoda/Library/CloudStorage/GoogleDrive-xiaodazhao0608@gmail.com/我的云端硬盘/TBM9/SKETCH/DyK1016+629.00_伯舒拉岭右线洞身素描记录表 34.pdf,FACE_SKETCH
0a38f10d070290ab22378500,0a38f10d070290ab22378500,,DyK1015+759.00_伯舒拉岭右线洞身素描记录表 5.pdf,1,20260729,IN_SCOPE,non_standard_water_custom_value,/Users/zhaoxiaoda/Library/CloudStorage/GoogleDrive-xiaodazhao0608@gmail.com/我的云端硬盘/TBM9/SKETCH/DyK1015+759.00_伯舒拉岭右线洞身素描记录表 5.pdf,FACE_SKETCH
0ad8909b3dca17540f02c871,0ad8909b3dca17540f02c871,,DyK1013+184.20_伯舒拉岭进口右线DyK1013+184.2洞身素描记录表.pdf,2,20260729,IN_SCOPE,non_standard_water_custom_value,/Users/zhaoxiaoda/Library/CloudStorage/GoogleDrive-xiaodazhao0608@gmail.com/我的云端硬盘/TBM9/SKETCH/DyK1013+184.20_伯舒拉岭进口右线DyK1013+184.2洞身素描记录表.pdf,FACE_SKETCH
0c738904c41ad76278dbda26,0c738904c41ad76278dbda26,,DyK1016+809.00_伯舒拉岭右线洞身素描记录表 40.pdf,1,20260729,IN_SCOPE,non_standard_water_custom_value,/Users/zhaoxiaoda/Library/CloudStorage/GoogleDrive-xiaodazhao0608@gmail.com/我的云端硬盘/TBM9/SKETCH/DyK1016+809.00_伯舒拉岭右线洞身素描记录表 40.pdf,FACE_SKETCH
0cbd80f2f12b2b7c126cc4cb,0cbd80f2f12b2b7c126cc4cb,,DyK1013+966.60_伯舒拉岭进口右线DyK1013+966.6洞身素描记录表.pdf,2,20260729,IN_SCOPE,non_standard_water_custom_value;random_success_FACE_SKETCH,/Users/zhaoxiaoda/Library/CloudStorage/GoogleDrive-xiaodazhao0608@gmail.com/我的云端硬盘/TBM9/SKETCH/DyK1013+966.60_伯舒拉岭进口右线DyK1013+966.6洞身素描记录表.pdf,FACE_SKETCH
0ea449e9a718deb00b8e4001,0ea449e9a718deb00b8e4001,,DyK1013+979.20_伯舒拉岭进口右线DyK1013+979.2洞身素描记录表.pdf,2,20260729,IN_SCOPE,non_standard_water_custom_value,/Users/zhaoxiaoda/Library/CloudStorage/GoogleDrive-xiaodazhao0608@gmail.com/我的云端硬盘/TBM9/SKETCH/DyK1013+979.20_伯舒拉岭进口右线DyK1013+979.2洞身素描记录表.pdf,FACE_SKETCH
0ec6c8fe5d3c8e669f5cc4ce,0ec6c8fe5d3c8e669f5cc4ce,,DyK1015+077.00_伯舒拉岭右线DyK1015+077洞身素描记录表.pdf,1,20260729,IN_SCOPE,non_standard_water_custom_value,/Users/zhaoxiaoda/Library/CloudStorage/GoogleDrive-xiaodazhao0608@gmail.com/我的云端硬盘/TBM9/SKETCH/DyK1015+077.00_伯舒拉岭右线DyK1015+077洞身素描记录表.pdf,FACE_SKETCH
1251701479b35d57166165ad,1251701479b35d57166165ad,,DyK1013+455.20_伯舒拉岭进口右线DyK10+455.2洞身素描记录表.pdf,2,20260729,IN_SCOPE,non_standard_water_custom_value,/Users/zhaoxiaoda/Library/CloudStorage/GoogleDrive-xiaodazhao0608@gmail.com/我的云端硬盘/TBM9/SKETCH/DyK1013+455.20_伯舒拉岭进口右线DyK10+455.2洞身素描记录表.pdf,FACE_SKETCH
136f634e89bc5e9b4040f0ba,136f634e89bc5e9b4040f0ba,,DyK1016+998.00_伯舒拉岭隧道进口右线水平声波剖面法超前地质预报报告(Dyk1016+998～Dyk1017+098)-20240720.pdf,12,20260729,IN_SCOPE,random_success_SONIC_FORECAST,/Users/zhaoxiaoda/Library/CloudStorage/GoogleDrive-xiaodazhao0608@gmail.com/我的云端硬盘/TBM9/HSP/DyK1016+998.00_伯舒拉岭隧道进口右线水平声波剖面法超前地质预报报告(Dyk1016+998～Dyk1017+098)-20240720.pdf,SONIC_FORECAST
15788acf679bc9c1b5c93c58,15788acf679bc9c1b5c93c58,,DyK1016+749.00_伯舒拉岭右线洞身素描记录表 38.pdf,1,20260729,IN_SCOPE,non_standard_water_custom_value,/Users/zhaoxiaoda/Library/CloudStorage/GoogleDrive-xiaodazhao0608@gmail.com/我的云端硬盘/TBM9/SKETCH/DyK1016+749.00_伯舒拉岭右线洞身素描记录表 38.pdf,FACE_SKETCH
168e7eca06059188abef16e7,168e7eca06059188abef16e7,,DyK1016+719.00_伯舒拉岭右线洞身素描记录表 37.pdf,1,20260729,IN_SCOPE,non_standard_water_custom_value,/Users/zhaoxiaoda/Library/CloudStorage/GoogleDrive-xiaodazhao0608@gmail.com/我的云端硬盘/TBM9/SKETCH/DyK1016+719.00_伯舒拉岭右线洞身素描记录表 37.pdf,FACE_SKETCH
185cb36312026640ab93b639,185cb36312026640ab93b639,,DyK1014+906.00_伯舒拉岭右线DyK1014+906洞身素描记录表.pdf,1,20260729,IN_SCOPE,non_standard_water_custom_value,/Users/zhaoxiaoda/Library/CloudStorage/GoogleDrive-xiaodazhao0608@gmail.com/我的云端硬盘/TBM9/SKETCH/DyK1014+906.00_伯舒拉岭右线DyK1014+906洞身素描记录表.pdf,FACE_SKETCH
1870dda01a4d19910fe26fec,1870dda01a4d19910fe26fec,,DyK1017+049.00_伯舒拉岭右线洞身素描记录表 48.pdf,1,20260729,IN_SCOPE,non_standard_water_custom_value,/Users/zhaoxiaoda/Library/CloudStorage/GoogleDrive-xiaodazhao0608@gmail.com/我的云端硬盘/TBM9/SKETCH/DyK1017+049.00_伯舒拉岭右线洞身素描记录表 48.pdf,FACE_SKETCH
1aac1c7aada4de553783a48e,1aac1c7aada4de553783a48e,,DyK1016+359.00_伯舒拉岭右线洞身素描记录表 25.pdf,1,20260729,IN_SCOPE,non_standard_water_custom_value,/Users/zhaoxiaoda/Library/CloudStorage/GoogleDrive-xiaodazhao0608@gmail.com/我的云端硬盘/TBM9/SKETCH/DyK1016+359.00_伯舒拉岭右线洞身素描记录表 25.pdf,FACE_SKETCH
1aaec5cfacc4dc380d5f543f,1aaec5cfacc4dc380d5f543f,,DyK1014+855.00_伯舒拉岭右线DyK1014+855洞身素描记录表.pdf,1,20260729,IN_SCOPE,non_standard_water_custom_value;random_success_FACE_SKETCH,/Users/zhaoxiaoda/Library/CloudStorage/GoogleDrive-xiaodazhao0608@gmail.com/我的云端硬盘/TBM9/SKETCH/DyK1014+855.00_伯舒拉岭右线DyK1014+855洞身素描记录表.pdf,FACE_SKETCH
1bc381ee66f95dafec66de79,1bc381ee66f95dafec66de79,,DyK1014+825.00_伯舒拉岭右线DyK1014+825洞身素描记录表.pdf,1,20260729,IN_SCOPE,non_standard_water_custom_value,/Users/zhaoxiaoda/Library/CloudStorage/GoogleDrive-xiaodazhao0608@gmail.com/我的云端硬盘/TBM9/SKETCH/DyK1014+825.00_伯舒拉岭右线DyK1014+825洞身素描记录表.pdf,FACE_SKETCH
1bccaf9b3397c0d25601b19d,1bccaf9b3397c0d25601b19d,,DyK1014+199.00_伯舒拉岭隧道进口右线水平声波剖面法超前地质预报报告(DyK1014+199～DyK1014+299)-20231129.pdf,12,20260729,IN_SCOPE,random_success_SONIC_FORECAST,/Users/zhaoxiaoda/Library/CloudStorage/GoogleDrive-xiaodazhao0608@gmail.com/我的云端硬盘/TBM9/HSP/DyK1014+199.00_伯舒拉岭隧道进口右线水平声波剖面法超前地质预报报告(DyK1014+199～DyK1014+299)-20231129.pdf,SONIC_FORECAST
209325ba8775902829eb062a,209325ba8775902829eb062a,,DyK1013+433.00_伯舒拉岭进口右线DyK10+433洞身素描记录表.pdf,1,20260729,IN_SCOPE,non_standard_water_custom_value,/Users/zhaoxiaoda/Library/CloudStorage/GoogleDrive-xiaodazhao0608@gmail.com/我的云端硬盘/TBM9/SKETCH/DyK1013+433.00_伯舒拉岭进口右线DyK10+433洞身素描记录表.pdf,FACE_SKETCH
2137b78c241632d9ca4ae2ae,2137b78c241632d9ca4ae2ae,,DyK1013+280.20_伯舒拉岭进口右线DyK10+280.2洞身素描记录表.pdf,2,20260729,IN_SCOPE,non_standard_water_custom_value,/Users/zhaoxiaoda/Library/CloudStorage/GoogleDrive-xiaodazhao0608@gmail.com/我的云端硬盘/TBM9/SKETCH/DyK1013+280.20_伯舒拉岭进口右线DyK10+280.2洞身素描记录表.pdf,FACE_SKETCH
2219b50acc3ffb1f749f26de,2219b50acc3ffb1f749f26de,,DyK1015+969.00-_伯舒拉岭右线洞身素描记录表 13.pdf,1,20260729,IN_SCOPE,non_standard_water_custom_value,/Users/zhaoxiaoda/Library/CloudStorage/GoogleDrive-xiaodazhao0608@gmail.com/我的云端硬盘/TBM9/SKETCH/DyK1015+969.00-_伯舒拉岭右线洞身素描记录表 13.pdf,FACE_SKETCH
2250acdba1bb77e562107866,2250acdba1bb77e562107866,,DyK1014+765.00_伯舒拉岭右线DyK1014+765洞身素描记录表.pdf,1,20260729,IN_SCOPE,non_standard_water_custom_value,/Users/zhaoxiaoda/Library/CloudStorage/GoogleDrive-xiaodazhao0608@gmail.com/我的云端硬盘/TBM9/SKETCH/DyK1014+765.00_伯舒拉岭右线DyK1014+765洞身素描记录表.pdf,FACE_SKETCH
240df37778e01b12474831fe,240df37778e01b12474831fe,,DyK1016+839.00_伯舒拉岭右线洞身素描记录表 41.pdf,1,20260729,IN_SCOPE,non_standard_water_custom_value,/Users/zhaoxiaoda/Library/CloudStorage/GoogleDrive-xiaodazhao0608@gmail.com/我的云端硬盘/TBM9/SKETCH/DyK1016+839.00_伯舒拉岭右线洞身素描记录表 41.pdf,FACE_SKETCH
24140c0248fd1754358c83a7,24140c0248fd1754358c83a7,,DyK1015+683.00_伯舒拉岭右线洞身素描记录表 2.pdf,1,20260729,IN_SCOPE,non_standard_water_custom_value,/Users/zhaoxiaoda/Library/CloudStorage/GoogleDrive-xiaodazhao0608@gmail.com/我的云端硬盘/TBM9/SKETCH/DyK1015+683.00_伯舒拉岭右线洞身素描记录表 2.pdf,FACE_SKETCH
252672953554717c3d88b1f1,252672953554717c3d88b1f1,,DyK1016+329.00_伯舒拉岭右线洞身素描记录表 24.pdf,1,20260729,IN_SCOPE,non_standard_water_custom_value,/Users/zhaoxiaoda/Library/CloudStorage/GoogleDrive-xiaodazhao0608@gmail.com/我的云端硬盘/TBM9/SKETCH/DyK1016+329.00_伯舒拉岭右线洞身素描记录表 24.pdf,FACE_SKETCH
26fd4f8081c6f240644707eb,26fd4f8081c6f240644707eb,,DyK1013+575.00_伯舒拉岭进口右线DyK10+575洞身素描记录表.pdf,2,20260729,IN_SCOPE,non_standard_water_custom_value,/Users/zhaoxiaoda/Library/CloudStorage/GoogleDrive-xiaodazhao0608@gmail.com/我的云端硬盘/TBM9/SKETCH/DyK1013+575.00_伯舒拉岭进口右线DyK10+575洞身素描记录表.pdf,FACE_SKETCH
2705d998bee4be2ea827f935,2705d998bee4be2ea827f935,,DyK1015+107.00_伯舒拉岭右线DyK1015+107洞身素描记录表.pdf,1,20260729,IN_SCOPE,non_standard_water_custom_value,/Users/zhaoxiaoda/Library/CloudStorage/GoogleDrive-xiaodazhao0608@gmail.com/我的云端硬盘/TBM9/SKETCH/DyK1015+107.00_伯舒拉岭右线DyK1015+107洞身素描记录表.pdf,FACE_SKETCH
2860b5fa1af40742233210de,2860b5fa1af40742233210de,,DyK1017+417.00_伯舒拉岭右线洞身素描记录表 68.pdf,1,20260729,IN_SCOPE,non_standard_water_custom_value,/Users/zhaoxiaoda/Library/CloudStorage/GoogleDrive-xiaodazhao0608@gmail.com/我的云端硬盘/TBM9/SKETCH/DyK1017+417.00_伯舒拉岭右线洞身素描记录表 68.pdf,FACE_SKETCH
286f9e5cb8ea3835ba56976e,286f9e5cb8ea3835ba56976e,,DyK1014+359.00_伯舒拉岭右线DyK1014+359洞身素描记录表.pdf,1,20260729,IN_SCOPE,random_success_FACE_SKETCH,/Users/zhaoxiaoda/Library/CloudStorage/GoogleDrive-xiaodazhao0608@gmail.com/我的云端硬盘/TBM9/SKETCH/DyK1014+359.00_伯舒拉岭右线DyK1014+359洞身素描记录表.pdf,FACE_SKETCH
2a9f3ec4a1f233a668a17e56,2a9f3ec4a1f233a668a17e56,,DyK1015+969.00_伯舒拉岭右线洞身素描记录表 12.pdf,1,20260729,IN_SCOPE,non_standard_water_custom_value,/Users/zhaoxiaoda/Library/CloudStorage/GoogleDrive-xiaodazhao0608@gmail.com/我的云端硬盘/TBM9/SKETCH/DyK1015+969.00_伯舒拉岭右线洞身素描记录表 12.pdf,FACE_SKETCH
2cece822f2cb62dc15e48e46,2cece822f2cb62dc15e48e46,,DyK1013+943.20_伯舒拉岭进口右线DyK1013+943.2洞身素描记录表.pdf,2,20260729,IN_SCOPE,non_standard_water_custom_value,/Users/zhaoxiaoda/Library/CloudStorage/GoogleDrive-xiaodazhao0608@gmail.com/我的云端硬盘/TBM9/SKETCH/DyK1013+943.20_伯舒拉岭进口右线DyK1013+943.2洞身素描记录表.pdf,FACE_SKETCH
2cf221382d9fbc0b90870dbe,2cf221382d9fbc0b90870dbe,,DyK1013+320.20_伯舒拉岭进口右线DyK10+320.2洞身素描记录表.pdf,1,20260729,IN_SCOPE,non_standard_water_custom_value,/Users/zhaoxiaoda/Library/CloudStorage/GoogleDrive-xiaodazhao0608@gmail.com/我的云端硬盘/TBM9/SKETCH/DyK1013+320.20_伯舒拉岭进口右线DyK10+320.2洞身素描记录表.pdf,FACE_SKETCH
2ea9c36163b7b898b56093ff,2ea9c36163b7b898b56093ff,,DyK1017+317.00_伯舒拉岭右线洞身素描记录表 59.pdf,1,20260729,IN_SCOPE,non_standard_water_custom_value,/Users/zhaoxiaoda/Library/CloudStorage/GoogleDrive-xiaodazhao0608@gmail.com/我的云端硬盘/TBM9/SKETCH/DyK1017+317.00_伯舒拉岭右线洞身素描记录表 59.pdf,FACE_SKETCH
2f660c783da6920e9aa30382,2f660c783da6920e9aa30382,,DyK1017+109.00_伯舒拉岭右线洞身素描记录表 50.pdf,1,20260729,IN_SCOPE,non_standard_water_custom_value,/Users/zhaoxiaoda/Library/CloudStorage/GoogleDrive-xiaodazhao0608@gmail.com/我的云端硬盘/TBM9/SKETCH/DyK1017+109.00_伯舒拉岭右线洞身素描记录表 50.pdf,FACE_SKETCH
30a66d7c404ac5909d46ff55,30a66d7c404ac5909d46ff55,,DyK1016+179.00_伯舒拉岭右线洞身素描记录表 19.pdf,1,20260729,IN_SCOPE,non_standard_water_custom_value,/Users/zhaoxiaoda/Library/CloudStorage/GoogleDrive-xiaodazhao0608@gmail.com/我的云端硬盘/TBM9/SKETCH/DyK1016+179.00_伯舒拉岭右线洞身素描记录表 19.pdf,FACE_SKETCH
335d34f944b9b6ae276a59ad,335d34f944b9b6ae276a59ad,,DyK1014+099.80_伯舒拉岭进口右线DyK1014+099.8洞身素描记录表.pdf,1,20260729,IN_SCOPE,non_standard_water_custom_value,/Users/zhaoxiaoda/Library/CloudStorage/GoogleDrive-xiaodazhao0608@gmail.com/我的云端硬盘/TBM9/SKETCH/DyK1014+099.80_伯舒拉岭进口右线DyK1014+099.8洞身素描记录表.pdf,FACE_SKETCH
360ba61f16ab0f1fd9e3868b,360ba61f16ab0f1fd9e3868b,,DyK1016+149.00_伯舒拉岭右线洞身素描记录表 18.pdf,1,20260729,IN_SCOPE,non_standard_water_custom_value;random_success_FACE_SKETCH,/Users/zhaoxiaoda/Library/CloudStorage/GoogleDrive-xiaodazhao0608@gmail.com/我的云端硬盘/TBM9/SKETCH/DyK1016+149.00_伯舒拉岭右线洞身素描记录表 18.pdf,FACE_SKETCH
38215f8be366b1c36370cc56,38215f8be366b1c36370cc56,,DyK1016+119.00_伯舒拉岭右线洞身素描记录表 17.pdf,1,20260729,IN_SCOPE,non_standard_water_custom_value,/Users/zhaoxiaoda/Library/CloudStorage/GoogleDrive-xiaodazhao0608@gmail.com/我的云端硬盘/TBM9/SKETCH/DyK1016+119.00_伯舒拉岭右线洞身素描记录表 17.pdf,FACE_SKETCH
38c8f84450aaa7ae237ae63c,38c8f84450aaa7ae237ae63c,,DyK1013+851.40_伯舒拉岭进口右线DyK10+851.4洞身素描记录表.pdf,1,20260729,IN_SCOPE,non_standard_water_custom_value,/Users/zhaoxiaoda/Library/CloudStorage/GoogleDrive-xiaodazhao0608@gmail.com/我的云端硬盘/TBM9/SKETCH/DyK1013+851.40_伯舒拉岭进口右线DyK10+851.4洞身素描记录表.pdf,FACE_SKETCH
39d347933ee3e2118c80e341,39d347933ee3e2118c80e341,,DyK1016+539.00_伯舒拉岭右线洞身素描记录表 31.pdf,1,20260729,IN_SCOPE,non_standard_water_custom_value,/Users/zhaoxiaoda/Library/CloudStorage/GoogleDrive-xiaodazhao0608@gmail.com/我的云端硬盘/TBM9/SKETCH/DyK1016+539.00_伯舒拉岭右线洞身素描记录表 31.pdf,FACE_SKETCH
3a17ea59e72b37aaccd10b71,3a17ea59e72b37aaccd10b71,,DyK1017+222.00_伯舒拉岭右线洞身素描记录表 55.pdf,1,20260729,IN_SCOPE,non_standard_water_custom_value,/Users/zhaoxiaoda/Library/CloudStorage/GoogleDrive-xiaodazhao0608@gmail.com/我的云端硬盘/TBM9/SKETCH/DyK1017+222.00_伯舒拉岭右线洞身素描记录表 55.pdf,FACE_SKETCH
3b3a98a562024e7ba6daf573,3b3a98a562024e7ba6daf573,,DyK1014+885.00_伯舒拉岭右线DyK1014+885洞身素描记录表.pdf,1,20260729,IN_SCOPE,non_standard_water_custom_value,/Users/zhaoxiaoda/Library/CloudStorage/GoogleDrive-xiaodazhao0608@gmail.com/我的云端硬盘/TBM9/SKETCH/DyK1014+885.00_伯舒拉岭右线DyK1014+885洞身素描记录表.pdf,FACE_SKETCH
3c2cefed79a1f51fadb49df3,3c2cefed79a1f51fadb49df3,,DyK1016+059.00_伯舒拉岭右线洞身素描记录表 15.pdf,1,20260729,IN_SCOPE,non_standard_water_custom_value,/Users/zhaoxiaoda/Library/CloudStorage/GoogleDrive-xiaodazhao0608@gmail.com/我的云端硬盘/TBM9/SKETCH/DyK1016+059.00_伯舒拉岭右线洞身素描记录表 15.pdf,FACE_SKETCH
3cb5be4df389197c297af086,3cb5be4df389197c297af086,,DyK1016+779.00_伯舒拉岭右线洞身素描记录表 39.pdf,1,20260729,IN_SCOPE,non_standard_water_custom_value,/Users/zhaoxiaoda/Library/CloudStorage/GoogleDrive-xiaodazhao0608@gmail.com/我的云端硬盘/TBM9/SKETCH/DyK1016+779.00_伯舒拉岭右线洞身素描记录表 39.pdf,FACE_SKETCH
3d3a0f082f250529aeb189bb,3d3a0f082f250529aeb189bb,,DyK1016+449.00_伯舒拉岭右线洞身素描记录表 28.pdf,1,20260729,IN_SCOPE,non_standard_water_custom_value,/Users/zhaoxiaoda/Library/CloudStorage/GoogleDrive-xiaodazhao0608@gmail.com/我的云端硬盘/TBM9/SKETCH/DyK1016+449.00_伯舒拉岭右线洞身素描记录表 28.pdf,FACE_SKETCH
3e9776d91cb9a0ef504ce1de,3e9776d91cb9a0ef504ce1de,,DyK1016+419.00_伯舒拉岭右线洞身素描记录表 27.pdf,1,20260729,IN_SCOPE,non_standard_water_custom_value,/Users/zhaoxiaoda/Library/CloudStorage/GoogleDrive-xiaodazhao0608@gmail.com/我的云端硬盘/TBM9/SKETCH/DyK1016+419.00_伯舒拉岭右线洞身素描记录表 27.pdf,FACE_SKETCH
407057cf25e0204c83302fe4,407057cf25e0204c83302fe4,,DyK1014+152.00_伯舒拉岭进口右线DyK1014+152.0洞身素描记录表.pdf,1,20260729,IN_SCOPE,non_standard_water_custom_value,/Users/zhaoxiaoda/Library/CloudStorage/GoogleDrive-xiaodazhao0608@gmail.com/我的云端硬盘/TBM9/SKETCH/DyK1014+152.00_伯舒拉岭进口右线DyK1014+152.0洞身素描记录表.pdf,FACE_SKETCH
42779fc0765354328559b154,42779fc0765354328559b154,,DyK1016+599.00_伯舒拉岭右线洞身素描记录表 33.pdf,1,20260729,IN_SCOPE,non_standard_water_custom_value;random_success_FACE_SKETCH,/Users/zhaoxiaoda/Library/CloudStorage/GoogleDrive-xiaodazhao0608@gmail.com/我的云端硬盘/TBM9/SKETCH/DyK1016+599.00_伯舒拉岭右线洞身素描记录表 33.pdf,FACE_SKETCH
447cc0dedd510e33c9d0652b,447cc0dedd510e33c9d0652b,,DyK1014+725.00_伯舒拉岭隧道进口右线水平声波剖面法超前地质预报报告(DyK1014+725～DyK1014+825)-20240106.pdf,12,20260729,IN_SCOPE,random_success_SONIC_FORECAST,/Users/zhaoxiaoda/Library/CloudStorage/GoogleDrive-xiaodazhao0608@gmail.com/我的云端硬盘/TBM9/HSP/DyK1014+725.00_伯舒拉岭隧道进口右线水平声波剖面法超前地质预报报告(DyK1014+725～DyK1014+825)-20240106.pdf,SONIC_FORECAST
44ad9e1bbc5923d99bfbf395,44ad9e1bbc5923d99bfbf395,,DyK1013+768.60_伯舒拉岭进口右线DyK10+768.6洞身素描记录表.pdf,1,20260729,IN_SCOPE,non_standard_water_custom_value,/Users/zhaoxiaoda/Library/CloudStorage/GoogleDrive-xiaodazhao0608@gmail.com/我的云端硬盘/TBM9/SKETCH/DyK1013+768.60_伯舒拉岭进口右线DyK10+768.6洞身素描记录表.pdf,FACE_SKETCH
4558db47ec8e84407563307a,4558db47ec8e84407563307a,,DyK1015+595.00_伯舒拉岭右线DyK1015+595洞身素描记录表.pdf,1,20260729,IN_SCOPE,non_standard_water_custom_value,/Users/zhaoxiaoda/Library/CloudStorage/GoogleDrive-xiaodazhao0608@gmail.com/我的云端硬盘/TBM9/SKETCH/DyK1015+595.00_伯舒拉岭右线DyK1015+595洞身素描记录表.pdf,FACE_SKETCH
45f916c0ce4f9d2ecbc0c82b,45f916c0ce4f9d2ecbc0c82b,,DyK1014+063.80_伯舒拉岭进口右线DyK1014+063.8洞身素描记录表.pdf,1,20260729,IN_SCOPE,non_standard_water_custom_value,/Users/zhaoxiaoda/Library/CloudStorage/GoogleDrive-xiaodazhao0608@gmail.com/我的云端硬盘/TBM9/SKETCH/DyK1014+063.80_伯舒拉岭进口右线DyK1014+063.8洞身素描记录表.pdf,FACE_SKETCH
461518eeef3ab92c61be900b,461518eeef3ab92c61be900b,,DyK1013+515.20_伯舒拉岭进口右线DyK10+515.2洞身素描记录表.pdf,2,20260729,IN_SCOPE,non_standard_water_custom_value,/Users/zhaoxiaoda/Library/CloudStorage/GoogleDrive-xiaodazhao0608@gmail.com/我的云端硬盘/TBM9/SKETCH/DyK1013+515.20_伯舒拉岭进口右线DyK10+515.2洞身素描记录表.pdf,FACE_SKETCH
47d0ca204cbd2b6e6610bd04,47d0ca204cbd2b6e6610bd04,,DyK1014+501.00_伯舒拉岭右线DyK1014+501洞身素描记录表.pdf,1,20260729,IN_SCOPE,random_success_FACE_SKETCH,/Users/zhaoxiaoda/Library/CloudStorage/GoogleDrive-xiaodazhao0608@gmail.com/我的云端硬盘/TBM9/SKETCH/DyK1014+501.00_伯舒拉岭右线DyK1014+501洞身素描记录表.pdf,FACE_SKETCH
4bfb59b96dd77affde7668ba,4bfb59b96dd77affde7668ba,,DyK1013+290.20_伯舒拉岭进口右线DyK10+290.2洞身素描记录表.pdf,2,20260729,IN_SCOPE,non_standard_water_custom_value,/Users/zhaoxiaoda/Library/CloudStorage/GoogleDrive-xiaodazhao0608@gmail.com/我的云端硬盘/TBM9/SKETCH/DyK1013+290.20_伯舒拉岭进口右线DyK10+290.2洞身素描记录表.pdf,FACE_SKETCH
4eb6eb6db956703cca83a995,4eb6eb6db956703cca83a995,,DyK1013+220.20_伯舒拉岭进口右线DyK10+220.2洞身素描记录表.pdf,2,20260729,IN_SCOPE,non_standard_water_custom_value,/Users/zhaoxiaoda/Library/CloudStorage/GoogleDrive-xiaodazhao0608@gmail.com/我的云端硬盘/TBM9/SKETCH/DyK1013+220.20_伯舒拉岭进口右线DyK10+220.2洞身素描记录表.pdf,FACE_SKETCH
526f92d60ad6be77bb03fceb,526f92d60ad6be77bb03fceb,,DyK1015+660.00_伯舒拉岭隧道进口右线地震波反射法超前地质预报报告(DyK1015+660～DyK1015+760)-20240406.pdf,20,20260729,IN_SCOPE,random_success_TSP_REPORT,/Users/zhaoxiaoda/Library/CloudStorage/GoogleDrive-xiaodazhao0608@gmail.com/我的云端硬盘/TBM9/TSP/DyK1015+660.00_伯舒拉岭隧道进口右线地震波反射法超前地质预报报告(DyK1015+660～DyK1015+760)-20240406.pdf,TSP_REPORT
52cacac91fb5b92032fa961d,52cacac91fb5b92032fa961d,,DyK1013+485.20_伯舒拉岭进口右线DyK10+485.2洞身素描记录表.pdf,2,20260729,IN_SCOPE,non_standard_water_custom_value,/Users/zhaoxiaoda/Library/CloudStorage/GoogleDrive-xiaodazhao0608@gmail.com/我的云端硬盘/TBM9/SKETCH/DyK1013+485.20_伯舒拉岭进口右线DyK10+485.2洞身素描记录表.pdf,FACE_SKETCH
5581e652c2789cbf0e6c1551,5581e652c2789cbf0e6c1551,,DyK1017+347.00_伯舒拉岭右线洞身素描记录表 61.pdf,1,20260729,IN_SCOPE,non_standard_water_custom_value,/Users/zhaoxiaoda/Library/CloudStorage/GoogleDrive-xiaodazhao0608@gmail.com/我的云端硬盘/TBM9/SKETCH/DyK1017+347.00_伯舒拉岭右线洞身素描记录表 61.pdf,FACE_SKETCH
56a8f2fb9d840adcc7c87871,56a8f2fb9d840adcc7c87871,,DyK1015+377.00_伯舒拉岭右线DyK1015+377洞身素描记录表.pdf,1,20260729,IN_SCOPE,non_standard_water_custom_value,/Users/zhaoxiaoda/Library/CloudStorage/GoogleDrive-xiaodazhao0608@gmail.com/我的云端硬盘/TBM9/SKETCH/DyK1015+377.00_伯舒拉岭右线DyK1015+377洞身素描记录表.pdf,FACE_SKETCH
56d492b753f758d46508a84b,56d492b753f758d46508a84b,,DyK1016+659.00_伯舒拉岭右线洞身素描记录表 35.pdf,1,20260729,IN_SCOPE,non_standard_water_custom_value,/Users/zhaoxiaoda/Library/CloudStorage/GoogleDrive-xiaodazhao0608@gmail.com/我的云端硬盘/TBM9/SKETCH/DyK1016+659.00_伯舒拉岭右线洞身素描记录表 35.pdf,FACE_SKETCH
58b5929e39d044c3fabb2d14,58b5929e39d044c3fabb2d14,,DyK1013+124.20_伯舒拉岭隧道进口右线地震波反射法超前地质预报报告(DyK1013+080.2～DyK1013+200.2)-20230603.pdf,20,20260729,IN_SCOPE,internal_conflict_document;random_success_TSP_REPORT,/Users/zhaoxiaoda/Library/CloudStorage/GoogleDrive-xiaodazhao0608@gmail.com/我的云端硬盘/TBM9/TSP/DyK1013+124.20_伯舒拉岭隧道进口右线地震波反射法超前地质预报报告(DyK1013+080.2～DyK1013+200.2)-20230603.pdf,TSP_REPORT
59d20fe5ae4b1b006a2edc6f,59d20fe5ae4b1b006a2edc6f,,DyK1016+089.00_伯舒拉岭右线洞身素描记录表 16.pdf,1,20260729,IN_SCOPE,non_standard_water_custom_value,/Users/zhaoxiaoda/Library/CloudStorage/GoogleDrive-xiaodazhao0608@gmail.com/我的云端硬盘/TBM9/SKETCH/DyK1016+089.00_伯舒拉岭右线洞身素描记录表 16.pdf,FACE_SKETCH
5ce199edbb436bc2505aa676,5ce199edbb436bc2505aa676,,DyK1015+167.00_伯舒拉岭右线DyK1015+167洞身素描记录表.pdf,1,20260729,IN_SCOPE,non_standard_water_custom_value;random_success_FACE_SKETCH,/Users/zhaoxiaoda/Library/CloudStorage/GoogleDrive-xiaodazhao0608@gmail.com/我的云端硬盘/TBM9/SKETCH/DyK1015+167.00_伯舒拉岭右线DyK1015+167洞身素描记录表.pdf,FACE_SKETCH
5d79af631ce38032132303cc,5d79af631ce38032132303cc,,DyK1016+569.00_伯舒拉岭右线洞身素描记录表 32.pdf,1,20260729,IN_SCOPE,non_standard_water_custom_value,/Users/zhaoxiaoda/Library/CloudStorage/GoogleDrive-xiaodazhao0608@gmail.com/我的云端硬盘/TBM9/SKETCH/DyK1016+569.00_伯舒拉岭右线洞身素描记录表 32.pdf,FACE_SKETCH
5f3e2801e342656bca4966c6,5f3e2801e342656bca4966c6,,DyK1017+237.00_伯舒拉岭右线洞身素描记录表 56.pdf,1,20260729,IN_SCOPE,non_standard_water_custom_value,/Users/zhaoxiaoda/Library/CloudStorage/GoogleDrive-xiaodazhao0608@gmail.com/我的云端硬盘/TBM9/SKETCH/DyK1017+237.00_伯舒拉岭右线洞身素描记录表 56.pdf,FACE_SKETCH
636ad293c952180054cc36a6,636ad293c952180054cc36a6,,DyK1014+038.60_伯舒拉岭进口右线DyK1014+038.6洞身素描记录表.pdf,1,20260729,IN_SCOPE,non_standard_water_custom_value,/Users/zhaoxiaoda/Library/CloudStorage/GoogleDrive-xiaodazhao0608@gmail.com/我的云端硬盘/TBM9/SKETCH/DyK1014+038.60_伯舒拉岭进口右线DyK1014+038.6洞身素描记录表.pdf,FACE_SKETCH
677502242ca7e9a5ce91ba78,677502242ca7e9a5ce91ba78,,DyK1013+250.20_伯舒拉岭进口右线DyK10+250.2洞身素描记录表.pdf,2,20260729,IN_SCOPE,non_standard_water_custom_value,/Users/zhaoxiaoda/Library/CloudStorage/GoogleDrive-xiaodazhao0608@gmail.com/我的云端硬盘/TBM9/SKETCH/DyK1013+250.20_伯舒拉岭进口右线DyK10+250.2洞身素描记录表.pdf,FACE_SKETCH
699573f6fb9dc9e1feaadbff,699573f6fb9dc9e1feaadbff,,DyK1017+305.00_伯舒拉岭隧道进口右线地震波反射法超前地质预报报告(DyK1017+305～DyK1017+405)-20240901.pdf,23,20260729,IN_SCOPE,random_es_ed_tsp;random_success_TSP_REPORT,/Users/zhaoxiaoda/Library/CloudStorage/GoogleDrive-xiaodazhao0608@gmail.com/我的云端硬盘/TBM9/TSP/DyK1017+305.00_伯舒拉岭隧道进口右线地震波反射法超前地质预报报告(DyK1017+305～DyK1017+405)-20240901.pdf,TSP_REPORT
6dbf7d532471c1d0bd10c19f,6dbf7d532471c1d0bd10c19f,,DyK1015+625.00_伯舒拉岭右线DyK1015+625洞身素描记录表.pdf,1,20260729,IN_SCOPE,non_standard_water_custom_value,/Users/zhaoxiaoda/Library/CloudStorage/GoogleDrive-xiaodazhao0608@gmail.com/我的云端硬盘/TBM9/SKETCH/DyK1015+625.00_伯舒拉岭右线DyK1015+625洞身素描记录表.pdf,FACE_SKETCH
6e388030c6a54da3eaf7be02,6e388030c6a54da3eaf7be02,,DyK1017+156.00_伯舒拉岭右线洞身素描记录表 52.pdf,1,20260729,IN_SCOPE,non_standard_water_custom_value,/Users/zhaoxiaoda/Library/CloudStorage/GoogleDrive-xiaodazhao0608@gmail.com/我的云端硬盘/TBM9/SKETCH/DyK1017+156.00_伯舒拉岭右线洞身素描记录表 52.pdf,FACE_SKETCH
6e942e09ef8e4f22d0ea76aa,6e942e09ef8e4f22d0ea76aa,,DyK1013+813.60_伯舒拉岭进口右线DyK10+813.6洞身素描记录表.pdf,1,20260729,IN_SCOPE,non_standard_water_custom_value,/Users/zhaoxiaoda/Library/CloudStorage/GoogleDrive-xiaodazhao0608@gmail.com/我的云端硬盘/TBM9/SKETCH/DyK1013+813.60_伯舒拉岭进口右线DyK10+813.6洞身素描记录表.pdf,FACE_SKETCH
6e9b84bef760f35770fba4c9,6e9b84bef760f35770fba4c9,,DyK1017+139.00_伯舒拉岭左线洞身素描记录表 43.pdf,1,20260729,OUT_OF_SCOPE,INVALID_DOCUMENT,/Users/zhaoxiaoda/Library/CloudStorage/GoogleDrive-xiaodazhao0608@gmail.com/我的云端硬盘/TBM9/SKETCH/DyK1017+139.00_伯舒拉岭左线洞身素描记录表 43.pdf,FACE_SKETCH
70282e52d635fdbb51f5a3ab,70282e52d635fdbb51f5a3ab,,DyK1015+789.00_伯舒拉岭右线洞身素描记录表 6.pdf,1,20260729,IN_SCOPE,non_standard_water_custom_value,/Users/zhaoxiaoda/Library/CloudStorage/GoogleDrive-xiaodazhao0608@gmail.com/我的云端硬盘/TBM9/SKETCH/DyK1015+789.00_伯舒拉岭右线洞身素描记录表 6.pdf,FACE_SKETCH
7063eb72ab80d5ee64f01b2f,7063eb72ab80d5ee64f01b2f,,DyK1016+899.00_伯舒拉岭右线洞身素描记录表 43.pdf,1,20260729,IN_SCOPE,non_standard_water_custom_value,/Users/zhaoxiaoda/Library/CloudStorage/GoogleDrive-xiaodazhao0608@gmail.com/我的云端硬盘/TBM9/SKETCH/DyK1016+899.00_伯舒拉岭右线洞身素描记录表 43.pdf,FACE_SKETCH
768ef42847f6d8bfa5af2a91,768ef42847f6d8bfa5af2a91,,DyK1013+840.60_伯舒拉岭进口右线DyK10+840.6洞身素描记录表.pdf,1,20260729,IN_SCOPE,non_standard_water_custom_value,/Users/zhaoxiaoda/Library/CloudStorage/GoogleDrive-xiaodazhao0608@gmail.com/我的云端硬盘/TBM9/SKETCH/DyK1013+840.60_伯舒拉岭进口右线DyK10+840.6洞身素描记录表.pdf,FACE_SKETCH
7993ad9361913d13bd849430,7993ad9361913d13bd849430,,DyK1015+909.00_伯舒拉岭右线洞身素描记录表 10.pdf,1,20260729,IN_SCOPE,non_standard_water_custom_value,/Users/zhaoxiaoda/Library/CloudStorage/GoogleDrive-xiaodazhao0608@gmail.com/我的云端硬盘/TBM9/SKETCH/DyK1015+909.00_伯舒拉岭右线洞身素描记录表 10.pdf,FACE_SKETCH
79a3a1c078d4fa12f19289fb,79a3a1c078d4fa12f19289fb,,DyK1016+642.00_伯舒拉岭隧道进口右线水平声波剖面法超前地质预报报告(Dyk1016+642～Dyk1016+742)-20240703.pdf,12,20260729,IN_SCOPE,random_success_SONIC_FORECAST,/Users/zhaoxiaoda/Library/CloudStorage/GoogleDrive-xiaodazhao0608@gmail.com/我的云端硬盘/TBM9/HSP/DyK1016+642.00_伯舒拉岭隧道进口右线水平声波剖面法超前地质预报报告(Dyk1016+642～Dyk1016+742)-20240703.pdf,SONIC_FORECAST
7eedb3382993e018f1353ec8,7eedb3382993e018f1353ec8,,DyK1017+407.00_伯舒拉岭右线洞身素描记录表 67.pdf,1,20260729,IN_SCOPE,non_standard_water_custom_value,/Users/zhaoxiaoda/Library/CloudStorage/GoogleDrive-xiaodazhao0608@gmail.com/我的云端硬盘/TBM9/SKETCH/DyK1017+407.00_伯舒拉岭右线洞身素描记录表 67.pdf,FACE_SKETCH
80b7850a0e4320724f94c1d1,80b7850a0e4320724f94c1d1,,DyK1015+407.00_伯舒拉岭右线DyK1015+407洞身素描记录表.pdf,1,20260729,IN_SCOPE,non_standard_water_custom_value,/Users/zhaoxiaoda/Library/CloudStorage/GoogleDrive-xiaodazhao0608@gmail.com/我的云端硬盘/TBM9/SKETCH/DyK1015+407.00_伯舒拉岭右线DyK1015+407洞身素描记录表.pdf,FACE_SKETCH
816b585a83f4a542122cb49e,816b585a83f4a542122cb49e,,DyK1017+177.99_伯舒拉岭右线洞身素描记录表 52.pdf,1,20260729,IN_SCOPE,non_standard_water_custom_value,/Users/zhaoxiaoda/Library/CloudStorage/GoogleDrive-xiaodazhao0608@gmail.com/我的云端硬盘/TBM9/SKETCH/DyK1017+177.99_伯舒拉岭右线洞身素描记录表 52.pdf,FACE_SKETCH
833916369b4511458c6616f7,833916369b4511458c6616f7,,DyK1015+227.00_伯舒拉岭右线DyK1015+227洞身素描记录表.pdf,1,20260729,IN_SCOPE,non_standard_water_custom_value,/Users/zhaoxiaoda/Library/CloudStorage/GoogleDrive-xiaodazhao0608@gmail.com/我的云端硬盘/TBM9/SKETCH/DyK1015+227.00_伯舒拉岭右线DyK1015+227洞身素描记录表.pdf,FACE_SKETCH
83b3edad4953f55492994132,83b3edad4953f55492994132,,DyK1014+130.40_伯舒拉岭进口右线DyK1014+130.6洞身素描记录表.pdf,1,20260729,IN_SCOPE,non_standard_water_custom_value,/Users/zhaoxiaoda/Library/CloudStorage/GoogleDrive-xiaodazhao0608@gmail.com/我的云端硬盘/TBM9/SKETCH/DyK1014+130.40_伯舒拉岭进口右线DyK1014+130.6洞身素描记录表.pdf,FACE_SKETCH
84699b164857fac21e93e346,84699b164857fac21e93e346,,DyK1017+357.00_伯舒拉岭右线洞身素描记录表 62.pdf,1,20260729,IN_SCOPE,non_standard_water_custom_value,/Users/zhaoxiaoda/Library/CloudStorage/GoogleDrive-xiaodazhao0608@gmail.com/我的云端硬盘/TBM9/SKETCH/DyK1017+357.00_伯舒拉岭右线洞身素描记录表 62.pdf,FACE_SKETCH
859f83de3f71c5e2e55823bf,859f83de3f71c5e2e55823bf,,DyK1013+190.20_伯舒拉岭进口右线DyK1013+190.2洞身素描记录表.pdf,2,20260729,IN_SCOPE,non_standard_water_custom_value,/Users/zhaoxiaoda/Library/CloudStorage/GoogleDrive-xiaodazhao0608@gmail.com/我的云端硬盘/TBM9/SKETCH/DyK1013+190.20_伯舒拉岭进口右线DyK1013+190.2洞身素描记录表.pdf,FACE_SKETCH
8a0b0138842b059a82fc42bd,8a0b0138842b059a82fc42bd,,DyK1015+565.00_伯舒拉岭右线DyK1015+565洞身素描记录表.pdf,1,20260729,IN_SCOPE,non_standard_water_custom_value,/Users/zhaoxiaoda/Library/CloudStorage/GoogleDrive-xiaodazhao0608@gmail.com/我的云端硬盘/TBM9/SKETCH/DyK1015+565.00_伯舒拉岭右线DyK1015+565洞身素描记录表.pdf,FACE_SKETCH
8ef945d86a83ab636d7ed610,8ef945d86a83ab636d7ed610,,DyK1017+208.00_伯舒拉岭右线洞身素描记录表 53.pdf,1,20260729,IN_SCOPE,non_standard_water_custom_value,/Users/zhaoxiaoda/Library/CloudStorage/GoogleDrive-xiaodazhao0608@gmail.com/我的云端硬盘/TBM9/SKETCH/DyK1017+208.00_伯舒拉岭右线洞身素描记录表 53.pdf,FACE_SKETCH
8ef9c0ac2650a53aecb254e4,8ef9c0ac2650a53aecb254e4,,DyK1017+297.00_伯舒拉岭右线洞身素描记录表 58.pdf,1,20260729,IN_SCOPE,non_standard_water_custom_value,/Users/zhaoxiaoda/Library/CloudStorage/GoogleDrive-xiaodazhao0608@gmail.com/我的云端硬盘/TBM9/SKETCH/DyK1017+297.00_伯舒拉岭右线洞身素描记录表 58.pdf,FACE_SKETCH
90c07a70085f286a40774a8e,90c07a70085f286a40774a8e,,DyK1015+247.00_伯舒拉岭隧道进口右线水平声波剖面法超前地质预报报告(DyK1015+247～DyK1015+347)-202400311.pdf,12,20260729,IN_SCOPE,random_success_SONIC_FORECAST,/Users/zhaoxiaoda/Library/CloudStorage/GoogleDrive-xiaodazhao0608@gmail.com/我的云端硬盘/TBM9/HSP/DyK1015+247.00_伯舒拉岭隧道进口右线水平声波剖面法超前地质预报报告(DyK1015+247～DyK1015+347)-202400311.pdf,SONIC_FORECAST
92c9f09650bfb809905dbdca,92c9f09650bfb809905dbdca,,DyK1016+959.00_伯舒拉岭右线洞身素描记录表 45.pdf,1,20260729,IN_SCOPE,non_standard_water_custom_value,/Users/zhaoxiaoda/Library/CloudStorage/GoogleDrive-xiaodazhao0608@gmail.com/我的云端硬盘/TBM9/SKETCH/DyK1016+959.00_伯舒拉岭右线洞身素描记录表 45.pdf,FACE_SKETCH
92ed6fc990e0bcf3c15a3e67,92ed6fc990e0bcf3c15a3e67,,DyK1014+081.80_伯舒拉岭进口右线DyK1014+081.8洞身素描记录表.pdf,1,20260729,IN_SCOPE,non_standard_water_custom_value,/Users/zhaoxiaoda/Library/CloudStorage/GoogleDrive-xiaodazhao0608@gmail.com/我的云端硬盘/TBM9/SKETCH/DyK1014+081.80_伯舒拉岭进口右线DyK1014+081.8洞身素描记录表.pdf,FACE_SKETCH
952a8d49731afcc31840a716,952a8d49731afcc31840a716,,DyK1017+216.00_伯舒拉岭右线洞身素描记录表 54.pdf,1,20260729,IN_SCOPE,non_standard_water_custom_value,/Users/zhaoxiaoda/Library/CloudStorage/GoogleDrive-xiaodazhao0608@gmail.com/我的云端硬盘/TBM9/SKETCH/DyK1017+216.00_伯舒拉岭右线洞身素描记录表 54.pdf,FACE_SKETCH
96f8d3c0780d9576f68724de,96f8d3c0780d9576f68724de,,DyK1013+925.20_伯舒拉岭进口右线DyK1013+925.2洞身素描记录表.pdf,1,20260729,IN_SCOPE,non_standard_water_custom_value,/Users/zhaoxiaoda/Library/CloudStorage/GoogleDrive-xiaodazhao0608@gmail.com/我的云端硬盘/TBM9/SKETCH/DyK1013+925.20_伯舒拉岭进口右线DyK1013+925.2洞身素描记录表.pdf,FACE_SKETCH
97df1854be67fffd716afda2,97df1854be67fffd716afda2,,DyK1017+267.00_伯舒拉岭右线洞身素描记录表 57.pdf,1,20260729,IN_SCOPE,non_standard_water_custom_value,/Users/zhaoxiaoda/Library/CloudStorage/GoogleDrive-xiaodazhao0608@gmail.com/我的云端硬盘/TBM9/SKETCH/DyK1017+267.00_伯舒拉岭右线洞身素描记录表 57.pdf,FACE_SKETCH
9a53bb1a466335f33ba34d8c,9a53bb1a466335f33ba34d8c,,DyK1017+367.00_伯舒拉岭左线洞身素描记录表 64.pdf,1,20260729,OUT_OF_SCOPE,INVALID_DOCUMENT,/Users/zhaoxiaoda/Library/CloudStorage/GoogleDrive-xiaodazhao0608@gmail.com/我的云端硬盘/TBM9/SKETCH/DyK1017+367.00_伯舒拉岭左线洞身素描记录表 64.pdf,FACE_SKETCH
9bfbef3c8d722891f0b62c67,9bfbef3c8d722891f0b62c67,,DyK1014+936.00_伯舒拉岭右线DyK1014+936洞身素描记录表.pdf,1,20260729,IN_SCOPE,non_standard_water_custom_value,/Users/zhaoxiaoda/Library/CloudStorage/GoogleDrive-xiaodazhao0608@gmail.com/我的云端硬盘/TBM9/SKETCH/DyK1014+936.00_伯舒拉岭右线DyK1014+936洞身素描记录表.pdf,FACE_SKETCH
9c909304462731024235bfbf,9c909304462731024235bfbf,,DyK1014+004.40_伯舒拉岭进口右线DyK1014+004洞身素描记录表.pdf,2,20260729,IN_SCOPE,non_standard_water_custom_value,/Users/zhaoxiaoda/Library/CloudStorage/GoogleDrive-xiaodazhao0608@gmail.com/我的云端硬盘/TBM9/SKETCH/DyK1014+004.40_伯舒拉岭进口右线DyK1014+004洞身素描记录表.pdf,FACE_SKETCH
9c9b28ca1b4ec7355d61f2d8,9c9b28ca1b4ec7355d61f2d8,,DyK1015+750.00_伯舒拉岭隧道进口右线地震波反射法超前地质预报报告(DyK1015+750～DyK1015+850)-20240416.pdf,21,20260729,IN_SCOPE,internal_conflict_document;random_success_TSP_REPORT,/Users/zhaoxiaoda/Library/CloudStorage/GoogleDrive-xiaodazhao0608@gmail.com/我的云端硬盘/TBM9/TSP/DyK1015+750.00_伯舒拉岭隧道进口右线地震波反射法超前地质预报报告(DyK1015+750～DyK1015+850)-20240416.pdf,TSP_REPORT
9edad7b96c52d6d71196765e,9edad7b96c52d6d71196765e,,DyK1016+239.00_伯舒拉岭右线洞身素描记录表 21.pdf,1,20260729,IN_SCOPE,non_standard_water_custom_value,/Users/zhaoxiaoda/Library/CloudStorage/GoogleDrive-xiaodazhao0608@gmail.com/我的云端硬盘/TBM9/SKETCH/DyK1016+239.00_伯舒拉岭右线洞身素描记录表 21.pdf,FACE_SKETCH
a19771b1abe7ec31f80b8c3a,a19771b1abe7ec31f80b8c3a,,DyK1015+257.00_伯舒拉岭右线DyK1015+257洞身素描记录表.pdf,1,20260729,IN_SCOPE,non_standard_water_custom_value,/Users/zhaoxiaoda/Library/CloudStorage/GoogleDrive-xiaodazhao0608@gmail.com/我的云端硬盘/TBM9/SKETCH/DyK1015+257.00_伯舒拉岭右线DyK1015+257洞身素描记录表.pdf,FACE_SKETCH
a3035df5a0b90c579bbc0aa7,a3035df5a0b90c579bbc0aa7,,DyK1015+453.00_伯舒拉岭右线DyK1015+453洞身素描记录表.pdf,1,20260729,IN_SCOPE,non_standard_water_custom_value,/Users/zhaoxiaoda/Library/CloudStorage/GoogleDrive-xiaodazhao0608@gmail.com/我的云端硬盘/TBM9/SKETCH/DyK1015+453.00_伯舒拉岭右线DyK1015+453洞身素描记录表.pdf,FACE_SKETCH
a4c3d9da48db63b054999ebb,a4c3d9da48db63b054999ebb,,DyK1015+047.00_伯舒拉岭右线DyK1015+047洞身素描记录表.pdf,1,20260729,IN_SCOPE,non_standard_water_custom_value,/Users/zhaoxiaoda/Library/CloudStorage/GoogleDrive-xiaodazhao0608@gmail.com/我的云端硬盘/TBM9/SKETCH/DyK1015+047.00_伯舒拉岭右线DyK1015+047洞身素描记录表.pdf,FACE_SKETCH
a741eef2dd324195a6fd8d85,a741eef2dd324195a6fd8d85,,DyK1016+479.00_伯舒拉岭右线洞身素描记录表 29.pdf,1,20260729,IN_SCOPE,non_standard_water_custom_value,/Users/zhaoxiaoda/Library/CloudStorage/GoogleDrive-xiaodazhao0608@gmail.com/我的云端硬盘/TBM9/SKETCH/DyK1016+479.00_伯舒拉岭右线洞身素描记录表 29.pdf,FACE_SKETCH
a78d4ad4e8f5dc81b15b774a,a78d4ad4e8f5dc81b15b774a,,DyK1013+545.00_伯舒拉岭进口右线DyK10+545洞身素描记录表.pdf,2,20260729,IN_SCOPE,non_standard_water_custom_value,/Users/zhaoxiaoda/Library/CloudStorage/GoogleDrive-xiaodazhao0608@gmail.com/我的云端硬盘/TBM9/SKETCH/DyK1013+545.00_伯舒拉岭进口右线DyK10+545洞身素描记录表.pdf,FACE_SKETCH
ab6ec63c7363a766c9f752eb,ab6ec63c7363a766c9f752eb,,DyK1015+347.00_伯舒拉岭右线DyK1015+347洞身素描记录表.pdf,1,20260729,IN_SCOPE,non_standard_water_custom_value,/Users/zhaoxiaoda/Library/CloudStorage/GoogleDrive-xiaodazhao0608@gmail.com/我的云端硬盘/TBM9/SKETCH/DyK1015+347.00_伯舒拉岭右线DyK1015+347洞身素描记录表.pdf,FACE_SKETCH
ab72a15766eaabde79d3c49e,ab72a15766eaabde79d3c49e,,DyK1016+509.00_伯舒拉岭右线洞身素描记录表 30.pdf,1,20260729,IN_SCOPE,non_standard_water_custom_value,/Users/zhaoxiaoda/Library/CloudStorage/GoogleDrive-xiaodazhao0608@gmail.com/我的云端硬盘/TBM9/SKETCH/DyK1016+509.00_伯舒拉岭右线洞身素描记录表 30.pdf,FACE_SKETCH
b290b377eec3a4f765a29e4b,b290b377eec3a4f765a29e4b,,DyK1013+350.20_伯舒拉岭进口右线DyK10+350.2洞身素描记录表.pdf,2,20260729,IN_SCOPE,non_standard_water_custom_value,/Users/zhaoxiaoda/Library/CloudStorage/GoogleDrive-xiaodazhao0608@gmail.com/我的云端硬盘/TBM9/SKETCH/DyK1013+350.20_伯舒拉岭进口右线DyK10+350.2洞身素描记录表.pdf,FACE_SKETCH
b2a13700b7fc4b9e74a27578,b2a13700b7fc4b9e74a27578,,DyK1017+387.00_伯舒拉岭右线洞身素描记录表 65.pdf,1,20260729,IN_SCOPE,non_standard_water_custom_value,/Users/zhaoxiaoda/Library/CloudStorage/GoogleDrive-xiaodazhao0608@gmail.com/我的云端硬盘/TBM9/SKETCH/DyK1017+387.00_伯舒拉岭右线洞身素描记录表 65.pdf,FACE_SKETCH
b5debd8437ffd7739b20f51b,b5debd8437ffd7739b20f51b,,DyK1015+763.00_伯舒拉岭隧道进口右线水平声波剖面法超前地质预报报告(DyK1015+763～DyK1015+863)-20230418.pdf,12,20260729,IN_SCOPE,random_success_SONIC_FORECAST,/Users/zhaoxiaoda/Library/CloudStorage/GoogleDrive-xiaodazhao0608@gmail.com/我的云端硬盘/TBM9/HSP/DyK1015+763.00_伯舒拉岭隧道进口右线水平声波剖面法超前地质预报报告(DyK1015+763～DyK1015+863)-20230418.pdf,SONIC_FORECAST
b6f41b0f8e27bb5957bdc568,b6f41b0f8e27bb5957bdc568,,DyK1013+621.00_伯舒拉岭进口右线DyK10+621洞身素描记录表.pdf,1,20260729,IN_SCOPE,non_standard_water_custom_value,/Users/zhaoxiaoda/Library/CloudStorage/GoogleDrive-xiaodazhao0608@gmail.com/我的云端硬盘/TBM9/SKETCH/DyK1013+621.00_伯舒拉岭进口右线DyK10+621洞身素描记录表.pdf,FACE_SKETCH
b9a85c15b19eec41cbc579b8,816b585a83f4a542122cb49e,816b585a83f4a542122cb49e,DyK1017+178.01_伯舒拉岭右线洞身素描记录表 52.pdf,1,20260729,IN_SCOPE,INVALID_DOCUMENT,/Users/zhaoxiaoda/Library/CloudStorage/GoogleDrive-xiaodazhao0608@gmail.com/我的云端硬盘/TBM9/SKETCH/DyK1017+178.01_伯舒拉岭右线洞身素描记录表 52.pdf,FACE_SKETCH
be6f6142364475b8a4f6f41a,be6f6142364475b8a4f6f41a,,DyK1014+119.00_伯舒拉岭进口右线DyK1014+119洞身素描记录表.pdf,1,20260729,IN_SCOPE,non_standard_water_custom_value,/Users/zhaoxiaoda/Library/CloudStorage/GoogleDrive-xiaodazhao0608@gmail.com/我的云端硬盘/TBM9/SKETCH/DyK1014+119.00_伯舒拉岭进口右线DyK1014+119洞身素描记录表.pdf,FACE_SKETCH
befb6be4f11cc40fd7fab4bc,befb6be4f11cc40fd7fab4bc,,DyK1014+795.00_伯舒拉岭右线DyK1014+795洞身素描记录表.pdf,1,20260729,IN_SCOPE,non_standard_water_custom_value,/Users/zhaoxiaoda/Library/CloudStorage/GoogleDrive-xiaodazhao0608@gmail.com/我的云端硬盘/TBM9/SKETCH/DyK1014+795.00_伯舒拉岭右线DyK1014+795洞身素描记录表.pdf,FACE_SKETCH
bf8c2cee9abfa2e95988037e,bf8c2cee9abfa2e95988037e,,DyK1016+299.00_伯舒拉岭右线洞身素描记录表 23.pdf,1,20260729,IN_SCOPE,non_standard_water_custom_value,/Users/zhaoxiaoda/Library/CloudStorage/GoogleDrive-xiaodazhao0608@gmail.com/我的云端硬盘/TBM9/SKETCH/DyK1016+299.00_伯舒拉岭右线洞身素描记录表 23.pdf,FACE_SKETCH
c07b0a00996054098b2a9fb7,c07b0a00996054098b2a9fb7,,DyK1013+701.00_伯舒拉岭进口右线DyK10+701洞身素描记录表.pdf,1,20260729,IN_SCOPE,non_standard_water_custom_value,/Users/zhaoxiaoda/Library/CloudStorage/GoogleDrive-xiaodazhao0608@gmail.com/我的云端硬盘/TBM9/SKETCH/DyK1013+701.00_伯舒拉岭进口右线DyK10+701洞身素描记录表.pdf,FACE_SKETCH
c19c0e4b52882f445108f4a0,c19c0e4b52882f445108f4a0,,DyK1014+266.00_伯舒拉岭隧道进口右线水平声波剖面法超前地质预报报告(DyK1014+266～DyK1014+366)-20231203.pdf,12,20260729,IN_SCOPE,random_success_SONIC_FORECAST,/Users/zhaoxiaoda/Library/CloudStorage/GoogleDrive-xiaodazhao0608@gmail.com/我的云端硬盘/TBM9/HSP/DyK1014+266.00_伯舒拉岭隧道进口右线水平声波剖面法超前地质预报报告(DyK1014+266～DyK1014+366)-20231203.pdf,SONIC_FORECAST
c2a97afe5640c6aedeee1652,c2a97afe5640c6aedeee1652,,DyK1016+929.00_伯舒拉岭右线洞身素描记录表 44.pdf,1,20260729,IN_SCOPE,non_standard_water_custom_value,/Users/zhaoxiaoda/Library/CloudStorage/GoogleDrive-xiaodazhao0608@gmail.com/我的云端硬盘/TBM9/SKETCH/DyK1016+929.00_伯舒拉岭右线洞身素描记录表 44.pdf,FACE_SKETCH
c7913d31f3c243104a92f4db,c7913d31f3c243104a92f4db,,DyK1016+689.00_伯舒拉岭右线洞身素描记录表 36.pdf,1,20260729,IN_SCOPE,non_standard_water_custom_value,/Users/zhaoxiaoda/Library/CloudStorage/GoogleDrive-xiaodazhao0608@gmail.com/我的云端硬盘/TBM9/SKETCH/DyK1016+689.00_伯舒拉岭右线洞身素描记录表 36.pdf,FACE_SKETCH
c8a3d54146269f4c6cd9c169,c8a3d54146269f4c6cd9c169,,DyK1015+849.00_伯舒拉岭右线洞身素描记录表 8.pdf,1,20260729,IN_SCOPE,non_standard_water_custom_value,/Users/zhaoxiaoda/Library/CloudStorage/GoogleDrive-xiaodazhao0608@gmail.com/我的云端硬盘/TBM9/SKETCH/DyK1015+849.00_伯舒拉岭右线洞身素描记录表 8.pdf,FACE_SKETCH
c8d0a38f8c5d9e4d2e428224,c8d0a38f8c5d9e4d2e428224,,DyK1015+713.00_伯舒拉岭右线洞身素描记录表 3.pdf,1,20260729,IN_SCOPE,non_standard_water_custom_value,/Users/zhaoxiaoda/Library/CloudStorage/GoogleDrive-xiaodazhao0608@gmail.com/我的云端硬盘/TBM9/SKETCH/DyK1015+713.00_伯舒拉岭右线洞身素描记录表 3.pdf,FACE_SKETCH
cae21ab80a31f71dbe3e20e9,cae21ab80a31f71dbe3e20e9,,DyK1014+455.00_伯舒拉岭隧道进口右线水平声波剖面法超前地质预报报告(DyK1014+455～DyK1014+555)-20231219.pdf,12,20260729,IN_SCOPE,random_success_SONIC_FORECAST,/Users/zhaoxiaoda/Library/CloudStorage/GoogleDrive-xiaodazhao0608@gmail.com/我的云端硬盘/TBM9/HSP/DyK1014+455.00_伯舒拉岭隧道进口右线水平声波剖面法超前地质预报报告(DyK1014+455～DyK1014+555)-20231219.pdf,SONIC_FORECAST
cb110d511a48341115a6270d,cb110d511a48341115a6270d,,DyK1017+377.00_伯舒拉岭右线洞身素描记录表 64.pdf,1,20260729,IN_SCOPE,non_standard_water_custom_value,/Users/zhaoxiaoda/Library/CloudStorage/GoogleDrive-xiaodazhao0608@gmail.com/我的云端硬盘/TBM9/SKETCH/DyK1017+377.00_伯舒拉岭右线洞身素描记录表 64.pdf,FACE_SKETCH
cbaa16a8d1f054c07369f26d,cbaa16a8d1f054c07369f26d,,DyK1013+747.00_伯舒拉岭进口右线DyK10+747洞身素描记录表.pdf,1,20260729,IN_SCOPE,non_standard_water_custom_value,/Users/zhaoxiaoda/Library/CloudStorage/GoogleDrive-xiaodazhao0608@gmail.com/我的云端硬盘/TBM9/SKETCH/DyK1013+747.00_伯舒拉岭进口右线DyK10+747洞身素描记录表.pdf,FACE_SKETCH
cd57f2166c74fd620e9db302,cd57f2166c74fd620e9db302,,DyK1015+137.00_伯舒拉岭右线DyK1015+137洞身素描记录表.pdf,1,20260729,IN_SCOPE,non_standard_water_custom_value;random_success_FACE_SKETCH,/Users/zhaoxiaoda/Library/CloudStorage/GoogleDrive-xiaodazhao0608@gmail.com/我的云端硬盘/TBM9/SKETCH/DyK1015+137.00_伯舒拉岭右线DyK1015+137洞身素描记录表.pdf,FACE_SKETCH
cd8277b917b2390805b73439,cd8277b917b2390805b73439,,DyK1015+283.00_伯舒拉岭右线DyK1015+283洞身素描记录表.pdf,1,20260729,IN_SCOPE,non_standard_water_custom_value,/Users/zhaoxiaoda/Library/CloudStorage/GoogleDrive-xiaodazhao0608@gmail.com/我的云端硬盘/TBM9/SKETCH/DyK1015+283.00_伯舒拉岭右线DyK1015+283洞身素描记录表.pdf,FACE_SKETCH
cec90076ae694b23cd96714c,cec90076ae694b23cd96714c,,DyK1016+269.00_伯舒拉岭右线洞身素描记录表 22.pdf,1,20260729,IN_SCOPE,non_standard_water_custom_value,/Users/zhaoxiaoda/Library/CloudStorage/GoogleDrive-xiaodazhao0608@gmail.com/我的云端硬盘/TBM9/SKETCH/DyK1016+269.00_伯舒拉岭右线洞身素描记录表 22.pdf,FACE_SKETCH
cff33cb10ecf7c0284c44d03,816b585a83f4a542122cb49e,816b585a83f4a542122cb49e,DyK1017+178.00_伯舒拉岭右线洞身素描记录表 52.pdf,1,20260729,IN_SCOPE,INVALID_DOCUMENT,/Users/zhaoxiaoda/Library/CloudStorage/GoogleDrive-xiaodazhao0608@gmail.com/我的云端硬盘/TBM9/SKETCH/DyK1017+178.00_伯舒拉岭右线洞身素描记录表 52.pdf,FACE_SKETCH
d18280884169f13cf2a02c5f,d18280884169f13cf2a02c5f,,DyK1013+894.60_伯舒拉岭进口右线DyK10+894.6洞身素描记录表.pdf,1,20260729,IN_SCOPE,non_standard_water_custom_value,/Users/zhaoxiaoda/Library/CloudStorage/GoogleDrive-xiaodazhao0608@gmail.com/我的云端硬盘/TBM9/SKETCH/DyK1013+894.60_伯舒拉岭进口右线DyK10+894.6洞身素描记录表.pdf,FACE_SKETCH
d4d239117cf91c326097d573,d4d239117cf91c326097d573,,DyK1013+790.20_伯舒拉岭进口右线DyK10+790.2洞身素描记录表.pdf,1,20260729,IN_SCOPE,non_standard_water_custom_value,/Users/zhaoxiaoda/Library/CloudStorage/GoogleDrive-xiaodazhao0608@gmail.com/我的云端硬盘/TBM9/SKETCH/DyK1013+790.20_伯舒拉岭进口右线DyK10+790.2洞身素描记录表.pdf,FACE_SKETCH
d5fae21a2ace09d5cd052187,d5fae21a2ace09d5cd052187,,DyK1017+079.00_伯舒拉岭右线洞身素描记录表 49.pdf,1,20260729,IN_SCOPE,non_standard_water_custom_value,/Users/zhaoxiaoda/Library/CloudStorage/GoogleDrive-xiaodazhao0608@gmail.com/我的云端硬盘/TBM9/SKETCH/DyK1017+079.00_伯舒拉岭右线洞身素描记录表 49.pdf,FACE_SKETCH
d6a117ef990078f68315eda7,d6a117ef990078f68315eda7,,DyK1015+017.00_伯舒拉岭右线DyK1015+017洞身素描记录表.pdf,1,20260729,IN_SCOPE,non_standard_water_custom_value,/Users/zhaoxiaoda/Library/CloudStorage/GoogleDrive-xiaodazhao0608@gmail.com/我的云端硬盘/TBM9/SKETCH/DyK1015+017.00_伯舒拉岭右线DyK1015+017洞身素描记录表.pdf,FACE_SKETCH
d8909d2b749384327cc08d47,d8909d2b749384327cc08d47,,DyK1015+423.00_伯舒拉岭右线DyK1015+423洞身素描记录表.pdf,1,20260729,IN_SCOPE,non_standard_water_custom_value,/Users/zhaoxiaoda/Library/CloudStorage/GoogleDrive-xiaodazhao0608@gmail.com/我的云端硬盘/TBM9/SKETCH/DyK1015+423.00_伯舒拉岭右线DyK1015+423洞身素描记录表.pdf,FACE_SKETCH
da98da5ae2750f54728a633f,da98da5ae2750f54728a633f,,DyK1013+373.00_伯舒拉岭进口右线DyK10+373洞身素描记录表.pdf,2,20260729,IN_SCOPE,non_standard_water_custom_value,/Users/zhaoxiaoda/Library/CloudStorage/GoogleDrive-xiaodazhao0608@gmail.com/我的云端硬盘/TBM9/SKETCH/DyK1013+373.00_伯舒拉岭进口右线DyK10+373洞身素描记录表.pdf,FACE_SKETCH
db5d790994059546fd8f6993,db5d790994059546fd8f6993,,DyK1015+759.00-_伯舒拉岭右线洞身素描记录表 5.pdf,1,20260729,IN_SCOPE,non_standard_water_custom_value,/Users/zhaoxiaoda/Library/CloudStorage/GoogleDrive-xiaodazhao0608@gmail.com/我的云端硬盘/TBM9/SKETCH/DyK1015+759.00-_伯舒拉岭右线洞身素描记录表 5.pdf,FACE_SKETCH
deace5b0d7364edd757edfac,deace5b0d7364edd757edfac,,DyK1015+313.00_伯舒拉岭右线DyK1015+313洞身素描记录表.pdf,1,20260729,IN_SCOPE,non_standard_water_custom_value,/Users/zhaoxiaoda/Library/CloudStorage/GoogleDrive-xiaodazhao0608@gmail.com/我的云端硬盘/TBM9/SKETCH/DyK1015+313.00_伯舒拉岭右线DyK1015+313洞身素描记录表.pdf,FACE_SKETCH
e0ff3b59ed0034eecfeafa58,e0ff3b59ed0034eecfeafa58,,DyK1016+989.00_伯舒拉岭右线洞身素描记录表 46.pdf,1,20260729,IN_SCOPE,non_standard_water_custom_value,/Users/zhaoxiaoda/Library/CloudStorage/GoogleDrive-xiaodazhao0608@gmail.com/我的云端硬盘/TBM9/SKETCH/DyK1016+989.00_伯舒拉岭右线洞身素描记录表 46.pdf,FACE_SKETCH
e1a99079c3c45a64bc910980,e1a99079c3c45a64bc910980,,DyK1014+996.00_伯舒拉岭右线DyK1014+996洞身素描记录表.pdf,1,20260729,IN_SCOPE,non_standard_water_custom_value,/Users/zhaoxiaoda/Library/CloudStorage/GoogleDrive-xiaodazhao0608@gmail.com/我的云端硬盘/TBM9/SKETCH/DyK1014+996.00_伯舒拉岭右线DyK1014+996洞身素描记录表.pdf,FACE_SKETCH
e232dd8cf6552b9c10fc40e8,e232dd8cf6552b9c10fc40e8,,DyK1015+819.00_伯舒拉岭右线洞身素描记录表 7.pdf,1,20260729,IN_SCOPE,non_standard_water_custom_value,/Users/zhaoxiaoda/Library/CloudStorage/GoogleDrive-xiaodazhao0608@gmail.com/我的云端硬盘/TBM9/SKETCH/DyK1015+819.00_伯舒拉岭右线洞身素描记录表 7.pdf,FACE_SKETCH
e4b76bf670e8c3b905975a18,e4b76bf670e8c3b905975a18,,DyK1015+197.00_伯舒拉岭右线DyK1015+197洞身素描记录表.pdf,1,20260729,IN_SCOPE,non_standard_water_custom_value,/Users/zhaoxiaoda/Library/CloudStorage/GoogleDrive-xiaodazhao0608@gmail.com/我的云端硬盘/TBM9/SKETCH/DyK1015+197.00_伯舒拉岭右线DyK1015+197洞身素描记录表.pdf,FACE_SKETCH
e611ed466064baf84ce50d73,e611ed466064baf84ce50d73,,DyK1014+966.00_伯舒拉岭右线DyK1014+966洞身素描记录表.pdf,1,20260729,IN_SCOPE,non_standard_water_custom_value,/Users/zhaoxiaoda/Library/CloudStorage/GoogleDrive-xiaodazhao0608@gmail.com/我的云端硬盘/TBM9/SKETCH/DyK1014+966.00_伯舒拉岭右线DyK1014+966洞身素描记录表.pdf,FACE_SKETCH
e95bf7649e33a83630b86171,e95bf7649e33a83630b86171,,DyK1016+389.00_伯舒拉岭右线洞身素描记录表 26.pdf,1,20260729,IN_SCOPE,non_standard_water_custom_value,/Users/zhaoxiaoda/Library/CloudStorage/GoogleDrive-xiaodazhao0608@gmail.com/我的云端硬盘/TBM9/SKETCH/DyK1016+389.00_伯舒拉岭右线洞身素描记录表 26.pdf,FACE_SKETCH
ead2355fccd1e00c0543ffb1,ead2355fccd1e00c0543ffb1,,DyK1015+655.00_伯舒拉岭右线洞身素描记录表 1.pdf,1,20260729,IN_SCOPE,non_standard_water_custom_value,/Users/zhaoxiaoda/Library/CloudStorage/GoogleDrive-xiaodazhao0608@gmail.com/我的云端硬盘/TBM9/SKETCH/DyK1015+655.00_伯舒拉岭右线洞身素描记录表 1.pdf,FACE_SKETCH
eaddf910631e211597b5a192,eaddf910631e211597b5a192,,DyK1015+505.00_伯舒拉岭右线DyK1015+505洞身素描记录表.pdf,1,20260729,IN_SCOPE,non_standard_water_custom_value,/Users/zhaoxiaoda/Library/CloudStorage/GoogleDrive-xiaodazhao0608@gmail.com/我的云端硬盘/TBM9/SKETCH/DyK1015+505.00_伯舒拉岭右线DyK1015+505洞身素描记录表.pdf,FACE_SKETCH
ebfbde8efe848d385f452311,ebfbde8efe848d385f452311,,DyK1015+879.00_伯舒拉岭右线洞身素描记录表 9.pdf,1,20260729,IN_SCOPE,non_standard_water_custom_value,/Users/zhaoxiaoda/Library/CloudStorage/GoogleDrive-xiaodazhao0608@gmail.com/我的云端硬盘/TBM9/SKETCH/DyK1015+879.00_伯舒拉岭右线洞身素描记录表 9.pdf,FACE_SKETCH
ec175e09cec4dd7f79757054,ec175e09cec4dd7f79757054,,DyK1013+605.00_伯舒拉岭进口右线DyK10+605洞身素描记录表.pdf,2,20260729,IN_SCOPE,non_standard_water_custom_value,/Users/zhaoxiaoda/Library/CloudStorage/GoogleDrive-xiaodazhao0608@gmail.com/我的云端硬盘/TBM9/SKETCH/DyK1013+605.00_伯舒拉岭进口右线DyK10+605洞身素描记录表.pdf,FACE_SKETCH
ef1f13d1332945f7a370fa19,ef1f13d1332945f7a370fa19,,DyK1013+869.40_伯舒拉岭进口右线DyK10+869.4洞身素描记录表.pdf,1,20260729,IN_SCOPE,non_standard_water_custom_value,/Users/zhaoxiaoda/Library/CloudStorage/GoogleDrive-xiaodazhao0608@gmail.com/我的云端硬盘/TBM9/SKETCH/DyK1013+869.40_伯舒拉岭进口右线DyK10+869.4洞身素描记录表.pdf,FACE_SKETCH
f0472a89bd7fa4fcf169c354,f0472a89bd7fa4fcf169c354,,DyK1017+215.00_伯舒拉岭隧道进口右线地震波反射法超前地质预报报告(DyK1017+215～DyK1017+315)-20240808.pdf,21,20260729,IN_SCOPE,random_es_ed_tsp;random_success_TSP_REPORT,/Users/zhaoxiaoda/Library/CloudStorage/GoogleDrive-xiaodazhao0608@gmail.com/我的云端硬盘/TBM9/TSP/DyK1017+215.00_伯舒拉岭隧道进口右线地震波反射法超前地质预报报告(DyK1017+215～DyK1017+315)-20240808.pdf,TSP_REPORT
f0558c8e83f2dff9d2fe3354,f0558c8e83f2dff9d2fe3354,,DyK1017+019.00_伯舒拉岭右线洞身素描记录表 47.pdf,1,20260729,IN_SCOPE,non_standard_water_custom_value;random_success_FACE_SKETCH,/Users/zhaoxiaoda/Library/CloudStorage/GoogleDrive-xiaodazhao0608@gmail.com/我的云端硬盘/TBM9/SKETCH/DyK1017+019.00_伯舒拉岭右线洞身素描记录表 47.pdf,FACE_SKETCH
f09c487f84df68ddb3c386c1,f09c487f84df68ddb3c386c1,,DyK1016+869.00_伯舒拉岭右线洞身素描记录表 42.pdf,1,20260729,IN_SCOPE,non_standard_water_custom_value,/Users/zhaoxiaoda/Library/CloudStorage/GoogleDrive-xiaodazhao0608@gmail.com/我的云端硬盘/TBM9/SKETCH/DyK1016+869.00_伯舒拉岭右线洞身素描记录表 42.pdf,FACE_SKETCH
f18a2f957fd17baf43c4355b,f18a2f957fd17baf43c4355b,,DyK1015+495.00_伯舒拉岭隧道进口右线水平声波剖面法超前地质预报报告(DyK1015+495～DyK1015+595).pdf,12,20260729,IN_SCOPE,random_success_SONIC_FORECAST,/Users/zhaoxiaoda/Library/CloudStorage/GoogleDrive-xiaodazhao0608@gmail.com/我的云端硬盘/TBM9/HSP/DyK1015+495.00_伯舒拉岭隧道进口右线水平声波剖面法超前地质预报报告(DyK1015+495～DyK1015+595).pdf,SONIC_FORECAST
f35a75c4f6674700c040b8a2,f35a75c4f6674700c040b8a2,,DyK1014+018.80_伯舒拉岭进口右线DyK1014+018.8洞身素描记录表.pdf,1,20260729,IN_SCOPE,non_standard_water_custom_value,/Users/zhaoxiaoda/Library/CloudStorage/GoogleDrive-xiaodazhao0608@gmail.com/我的云端硬盘/TBM9/SKETCH/DyK1014+018.80_伯舒拉岭进口右线DyK1014+018.8洞身素描记录表.pdf,FACE_SKETCH
f3a6ba7e67146413eefe7cbc,f3a6ba7e67146413eefe7cbc,,DyK1015+483.00_伯舒拉岭右线DyK1015+483洞身素描记录表.pdf,1,20260729,IN_SCOPE,non_standard_water_custom_value,/Users/zhaoxiaoda/Library/CloudStorage/GoogleDrive-xiaodazhao0608@gmail.com/我的云端硬盘/TBM9/SKETCH/DyK1015+483.00_伯舒拉岭右线DyK1015+483洞身素描记录表.pdf,FACE_SKETCH
f4614b7cc245815098c5ba13,f4614b7cc245815098c5ba13,,DyK1013+674.40_伯舒拉岭进口右线DyK10+674.4洞身素描记录表.pdf,1,20260729,IN_SCOPE,non_standard_water_custom_value,/Users/zhaoxiaoda/Library/CloudStorage/GoogleDrive-xiaodazhao0608@gmail.com/我的云端硬盘/TBM9/SKETCH/DyK1013+674.40_伯舒拉岭进口右线DyK10+674.4洞身素描记录表.pdf,FACE_SKETCH
f8a2461fc50563098bdd8ca1,f8a2461fc50563098bdd8ca1,,DyK1016+209.00_伯舒拉岭右线洞身素描记录表 20.pdf,1,20260729,IN_SCOPE,non_standard_water_custom_value,/Users/zhaoxiaoda/Library/CloudStorage/GoogleDrive-xiaodazhao0608@gmail.com/我的云端硬盘/TBM9/SKETCH/DyK1016+209.00_伯舒拉岭右线洞身素描记录表 20.pdf,FACE_SKETCH
f979e6cf61672e4caf94aa65,f979e6cf61672e4caf94aa65,,DyK1017+397.00_伯舒拉岭右线洞身素描记录表 66.pdf,1,20260729,IN_SCOPE,non_standard_water_custom_value,/Users/zhaoxiaoda/Library/CloudStorage/GoogleDrive-xiaodazhao0608@gmail.com/我的云端硬盘/TBM9/SKETCH/DyK1017+397.00_伯舒拉岭右线洞身素描记录表 66.pdf,FACE_SKETCH
f9d7b028077917484ab028c9,f9d7b028077917484ab028c9,,DyK1013+644.40_伯舒拉岭进口右线DyK10+644.4洞身素描记录表.pdf,1,20260729,IN_SCOPE,non_standard_water_custom_value,/Users/zhaoxiaoda/Library/CloudStorage/GoogleDrive-xiaodazhao0608@gmail.com/我的云端硬盘/TBM9/SKETCH/DyK1013+644.40_伯舒拉岭进口右线DyK10+644.4洞身素描记录表.pdf,FACE_SKETCH
fbd3f5a129997cf4351bed7d,fbd3f5a129997cf4351bed7d,,DyK1015+535.00_伯舒拉岭右线DyK1015+535洞身素描记录表.pdf,1,20260729,IN_SCOPE,non_standard_water_custom_value,/Users/zhaoxiaoda/Library/CloudStorage/GoogleDrive-xiaodazhao0608@gmail.com/我的云端硬盘/TBM9/SKETCH/DyK1015+535.00_伯舒拉岭右线DyK1015+535洞身素描记录表.pdf,FACE_SKETCH
ffbefe95742f621fcb678877,ffbefe95742f621fcb678877,,DyK1017+423.00_伯舒拉岭隧道进口右线地震波反射法超前地质预报报告(DyK1017+423～DyK1017+523)-20241107.pdf,23,20260729,IN_SCOPE,random_es_ed_tsp;random_success_TSP_REPORT,/Users/zhaoxiaoda/Library/CloudStorage/GoogleDrive-xiaodazhao0608@gmail.com/我的云端硬盘/TBM9/TSP/DyK1017+423.00_伯舒拉岭隧道进口右线地震波反射法超前地质预报报告(DyK1017+423～DyK1017+523)-20241107.pdf,TSP_REPORT
