bundle_file,row_number,row_label,column,numeric_value,result_id,source_file,status
tables/Table_1_Dataset_and_System_Scale.csv,1,PLC,count,328217,PAPER_CELL_TABLE_1_DATASET_AND_SYSTEM_SCALE_R1_COUNT,artifacts/final_research_handoff_v1/paper_tables/table_1_dataset_scale.csv,PASS
tables/Table_1_Dataset_and_System_Scale.csv,2,PLC,count,91,PAPER_CELL_TABLE_1_DATASET_AND_SYSTEM_SCALE_R2_COUNT,artifacts/final_research_handoff_v1/paper_tables/table_1_dataset_scale.csv,PASS
tables/Table_1_Dataset_and_System_Scale.csv,3,Process,count,1119,PAPER_CELL_TABLE_1_DATASET_AND_SYSTEM_SCALE_R3_COUNT,artifacts/final_research_handoff_v1/paper_tables/table_1_dataset_scale.csv,PASS
tables/Table_1_Dataset_and_System_Scale.csv,4,Operational evidence,count,5595,PAPER_CELL_TABLE_1_DATASET_AND_SYSTEM_SCALE_R4_COUNT,artifacts/final_research_handoff_v1/paper_tables/table_1_dataset_scale.csv,PASS
tables/Table_1_Dataset_and_System_Scale.csv,5,Geology,count,223,PAPER_CELL_TABLE_1_DATASET_AND_SYSTEM_SCALE_R5_COUNT,artifacts/final_research_handoff_v1/paper_tables/table_1_dataset_scale.csv,PASS
tables/Table_1_Dataset_and_System_Scale.csv,6,Geology,count,659,PAPER_CELL_TABLE_1_DATASET_AND_SYSTEM_SCALE_R6_COUNT,artifacts/final_research_handoff_v1/paper_tables/table_1_dataset_scale.csv,PASS
tables/Table_1_Dataset_and_System_Scale.csv,7,Geology,count,278,PAPER_CELL_TABLE_1_DATASET_AND_SYSTEM_SCALE_R7_COUNT,artifacts/final_research_handoff_v1/paper_tables/table_1_dataset_scale.csv,PASS
tables/Table_1_Dataset_and_System_Scale.csv,8,Geology,count,381,PAPER_CELL_TABLE_1_DATASET_AND_SYSTEM_SCALE_R8_COUNT,artifacts/final_research_handoff_v1/paper_tables/table_1_dataset_scale.csv,PASS
tables/Table_1_Dataset_and_System_Scale.csv,9,Geology,count,122,PAPER_CELL_TABLE_1_DATASET_AND_SYSTEM_SCALE_R9_COUNT,artifacts/final_research_handoff_v1/paper_tables/table_1_dataset_scale.csv,PASS
tables/Table_1_Dataset_and_System_Scale.csv,10,Provenance,count,4713,PAPER_CELL_TABLE_1_DATASET_AND_SYSTEM_SCALE_R10_COUNT,artifacts/final_research_handoff_v1/paper_tables/table_1_dataset_scale.csv,PASS
tables/Table_1_Dataset_and_System_Scale.csv,11,State,count,156,PAPER_CELL_TABLE_1_DATASET_AND_SYSTEM_SCALE_R11_COUNT,artifacts/final_research_handoff_v1/paper_tables/table_1_dataset_scale.csv,PASS
tables/Table_1_Dataset_and_System_Scale.csv,12,State,count,91,PAPER_CELL_TABLE_1_DATASET_AND_SYSTEM_SCALE_R12_COUNT,artifacts/final_research_handoff_v1/paper_tables/table_1_dataset_scale.csv,PASS
tables/Table_1_Dataset_and_System_Scale.csv,13,State,count,1322,PAPER_CELL_TABLE_1_DATASET_AND_SYSTEM_SCALE_R13_COUNT,artifacts/final_research_handoff_v1/paper_tables/table_1_dataset_scale.csv,PASS
tables/Table_1_Dataset_and_System_Scale.csv,14,Bitemporal state,count,1375,PAPER_CELL_TABLE_1_DATASET_AND_SYSTEM_SCALE_R14_COUNT,artifacts/final_research_handoff_v1/paper_tables/table_1_dataset_scale.csv,PASS
tables/Table_1_Dataset_and_System_Scale.csv,15,Bitemporal state,count,53,PAPER_CELL_TABLE_1_DATASET_AND_SYSTEM_SCALE_R15_COUNT,artifacts/final_research_handoff_v1/paper_tables/table_1_dataset_scale.csv,PASS
tables/Table_1_Dataset_and_System_Scale.csv,16,Metrics,count,174,PAPER_CELL_TABLE_1_DATASET_AND_SYSTEM_SCALE_R16_COUNT,artifacts/final_research_handoff_v1/paper_tables/table_1_dataset_scale.csv,PASS
tables/Table_1_Dataset_and_System_Scale.csv,17,Metrics,count,1211,PAPER_CELL_TABLE_1_DATASET_AND_SYSTEM_SCALE_R17_COUNT,artifacts/final_research_handoff_v1/paper_tables/table_1_dataset_scale.csv,PASS
tables/Table_1_Dataset_and_System_Scale.csv,18,Metrics,count,174,PAPER_CELL_TABLE_1_DATASET_AND_SYSTEM_SCALE_R18_COUNT,artifacts/final_research_handoff_v1/paper_tables/table_1_dataset_scale.csv,PASS
tables/Table_1_Dataset_and_System_Scale.csv,19,Claim,count,8679,PAPER_CELL_TABLE_1_DATASET_AND_SYSTEM_SCALE_R19_COUNT,artifacts/final_research_handoff_v1/paper_tables/table_1_dataset_scale.csv,PASS
tables/Table_1_Dataset_and_System_Scale.csv,20,Claim,count,6279,PAPER_CELL_TABLE_1_DATASET_AND_SYSTEM_SCALE_R20_COUNT,artifacts/final_research_handoff_v1/paper_tables/table_1_dataset_scale.csv,PASS
tables/Table_1_Dataset_and_System_Scale.csv,21,Claim,count,2400,PAPER_CELL_TABLE_1_DATASET_AND_SYSTEM_SCALE_R21_COUNT,artifacts/final_research_handoff_v1/paper_tables/table_1_dataset_scale.csv,PASS
tables/Table_2_Claim_Admissibility.csv,1,EXPRESSIBLE,count,6279,PAPER_CELL_TABLE_2_CLAIM_ADMISSIBILITY_R1_COUNT,artifacts/final_research_handoff_v1/paper_tables/table_2_claim_admissibility.csv,PASS
tables/Table_2_Claim_Admissibility.csv,2,ABSTAIN,count,1078,PAPER_CELL_TABLE_2_CLAIM_ADMISSIBILITY_R2_COUNT,artifacts/final_research_handoff_v1/paper_tables/table_2_claim_admissibility.csv,PASS
tables/Table_2_Claim_Admissibility.csv,2,ABSTAIN,share_of_abstentions,0.44916666666666666,PAPER_CELL_TABLE_2_CLAIM_ADMISSIBILITY_R2_SHARE_OF_ABSTENTIONS,artifacts/final_research_handoff_v1/paper_tables/table_2_claim_admissibility.csv,PASS
tables/Table_2_Claim_Admissibility.csv,3,ABSTAIN,count,880,PAPER_CELL_TABLE_2_CLAIM_ADMISSIBILITY_R3_COUNT,artifacts/final_research_handoff_v1/paper_tables/table_2_claim_admissibility.csv,PASS
tables/Table_2_Claim_Admissibility.csv,3,ABSTAIN,share_of_abstentions,0.36666666666666664,PAPER_CELL_TABLE_2_CLAIM_ADMISSIBILITY_R3_SHARE_OF_ABSTENTIONS,artifacts/final_research_handoff_v1/paper_tables/table_2_claim_admissibility.csv,PASS
tables/Table_2_Claim_Admissibility.csv,4,ABSTAIN,count,305,PAPER_CELL_TABLE_2_CLAIM_ADMISSIBILITY_R4_COUNT,artifacts/final_research_handoff_v1/paper_tables/table_2_claim_admissibility.csv,PASS
tables/Table_2_Claim_Admissibility.csv,4,ABSTAIN,share_of_abstentions,0.12708333333333333,PAPER_CELL_TABLE_2_CLAIM_ADMISSIBILITY_R4_SHARE_OF_ABSTENTIONS,artifacts/final_research_handoff_v1/paper_tables/table_2_claim_admissibility.csv,PASS
tables/Table_2_Claim_Admissibility.csv,5,ABSTAIN,count,105,PAPER_CELL_TABLE_2_CLAIM_ADMISSIBILITY_R5_COUNT,artifacts/final_research_handoff_v1/paper_tables/table_2_claim_admissibility.csv,PASS
tables/Table_2_Claim_Admissibility.csv,5,ABSTAIN,share_of_abstentions,0.04375,PAPER_CELL_TABLE_2_CLAIM_ADMISSIBILITY_R5_SHARE_OF_ABSTENTIONS,artifacts/final_research_handoff_v1/paper_tables/table_2_claim_admissibility.csv,PASS
tables/Table_2_Claim_Admissibility.csv,6,ABSTAIN,count,32,PAPER_CELL_TABLE_2_CLAIM_ADMISSIBILITY_R6_COUNT,artifacts/final_research_handoff_v1/paper_tables/table_2_claim_admissibility.csv,PASS
tables/Table_2_Claim_Admissibility.csv,6,ABSTAIN,share_of_abstentions,0.013333333333333334,PAPER_CELL_TABLE_2_CLAIM_ADMISSIBILITY_R6_SHARE_OF_ABSTENTIONS,artifacts/final_research_handoff_v1/paper_tables/table_2_claim_admissibility.csv,PASS
tables/Table_3_Main_Comparison.csv,1,B0_DIRECT_LLM,planned_tasks,48,PAPER_CELL_TABLE_3_MAIN_COMPARISON_R1_PLANNED_TASKS,artifacts/stage7b_main_comparison_v1/run_summary.json,PASS
tables/Table_3_Main_Comparison.csv,1,B0_DIRECT_LLM,actual_outputs,48,PAPER_CELL_TABLE_3_MAIN_COMPARISON_R1_ACTUAL_OUTPUTS,artifacts/stage7b_main_comparison_v1/run_summary.json,PASS
tables/Table_3_Main_Comparison.csv,1,B0_DIRECT_LLM,output_availability_rate,1.0,PAPER_CELL_TABLE_3_MAIN_COMPARISON_R1_OUTPUT_AVAILABILITY_RATE,artifacts/stage7b_main_comparison_v1/run_summary.json,PASS
tables/Table_3_Main_Comparison.csv,1,B0_DIRECT_LLM,structure_fail_closed,0,PAPER_CELL_TABLE_3_MAIN_COMPARISON_R1_STRUCTURE_FAIL_CLOSED,artifacts/stage7b_main_comparison_v1/run_summary.json,PASS
tables/Table_3_Main_Comparison.csv,2,B1_STRUCTURED_PROMPT_LLM,planned_tasks,48,PAPER_CELL_TABLE_3_MAIN_COMPARISON_R2_PLANNED_TASKS,artifacts/stage7b_main_comparison_v1/run_summary.json,PASS
tables/Table_3_Main_Comparison.csv,2,B1_STRUCTURED_PROMPT_LLM,actual_outputs,48,PAPER_CELL_TABLE_3_MAIN_COMPARISON_R2_ACTUAL_OUTPUTS,artifacts/stage7b_main_comparison_v1/run_summary.json,PASS
tables/Table_3_Main_Comparison.csv,2,B1_STRUCTURED_PROMPT_LLM,output_availability_rate,1.0,PAPER_CELL_TABLE_3_MAIN_COMPARISON_R2_OUTPUT_AVAILABILITY_RATE,artifacts/stage7b_main_comparison_v1/run_summary.json,PASS
tables/Table_3_Main_Comparison.csv,2,B1_STRUCTURED_PROMPT_LLM,structure_fail_closed,0,PAPER_CELL_TABLE_3_MAIN_COMPARISON_R2_STRUCTURE_FAIL_CLOSED,artifacts/stage7b_main_comparison_v1/run_summary.json,PASS
tables/Table_3_Main_Comparison.csv,3,P_PROPOSED,planned_tasks,48,PAPER_CELL_TABLE_3_MAIN_COMPARISON_R3_PLANNED_TASKS,artifacts/stage7b_main_comparison_v1/run_summary.json,PASS
tables/Table_3_Main_Comparison.csv,3,P_PROPOSED,actual_outputs,45,PAPER_CELL_TABLE_3_MAIN_COMPARISON_R3_ACTUAL_OUTPUTS,artifacts/stage7b_main_comparison_v1/run_summary.json,PASS
tables/Table_3_Main_Comparison.csv,3,P_PROPOSED,output_availability_rate,0.9375,PAPER_CELL_TABLE_3_MAIN_COMPARISON_R3_OUTPUT_AVAILABILITY_RATE,artifacts/stage7b_main_comparison_v1/run_summary.json,PASS
tables/Table_3_Main_Comparison.csv,3,P_PROPOSED,structure_fail_closed,3,PAPER_CELL_TABLE_3_MAIN_COMPARISON_R3_STRUCTURE_FAIL_CLOSED,artifacts/stage7b_main_comparison_v1/run_summary.json,PASS
tables/Table_4_Bitemporal_Revision.csv,1,48-task benchmark alignment,numerator,0,PAPER_CELL_TABLE_4_BITEMPORAL_REVISION_R1_NUMERATOR,artifacts/stage7d_bitemporal_value_v1_1/stage7d_secondary_endpoints.json,PASS
tables/Table_4_Bitemporal_Revision.csv,1,48-task benchmark alignment,denominator,48,PAPER_CELL_TABLE_4_BITEMPORAL_REVISION_R1_DENOMINATOR,artifacts/stage7d_bitemporal_value_v1_1/stage7d_secondary_endpoints.json,PASS
tables/Table_4_Bitemporal_Revision.csv,1,48-task benchmark alignment,rate,0.0,PAPER_CELL_TABLE_4_BITEMPORAL_REVISION_R1_RATE,artifacts/stage7d_bitemporal_value_v1_1/stage7d_secondary_endpoints.json,PASS
tables/Table_4_Bitemporal_Revision.csv,2,full revision census,numerator,53,PAPER_CELL_TABLE_4_BITEMPORAL_REVISION_R2_NUMERATOR,artifacts/stage7d_bitemporal_value_v1_1/stage7d_secondary_endpoints.json,PASS
tables/Table_4_Bitemporal_Revision.csv,2,full revision census,denominator,53,PAPER_CELL_TABLE_4_BITEMPORAL_REVISION_R2_DENOMINATOR,artifacts/stage7d_bitemporal_value_v1_1/stage7d_secondary_endpoints.json,PASS
tables/Table_4_Bitemporal_Revision.csv,2,full revision census,rate,1.0,PAPER_CELL_TABLE_4_BITEMPORAL_REVISION_R2_RATE,artifacts/stage7d_bitemporal_value_v1_1/stage7d_secondary_endpoints.json,PASS
tables/Table_4_Bitemporal_Revision.csv,3,full revision census,numerator,0,PAPER_CELL_TABLE_4_BITEMPORAL_REVISION_R3_NUMERATOR,artifacts/stage7d_bitemporal_value_v1_1/stage7d_secondary_endpoints.json,PASS
tables/Table_4_Bitemporal_Revision.csv,3,full revision census,denominator,53,PAPER_CELL_TABLE_4_BITEMPORAL_REVISION_R3_DENOMINATOR,artifacts/stage7d_bitemporal_value_v1_1/stage7d_secondary_endpoints.json,PASS
tables/Table_4_Bitemporal_Revision.csv,3,full revision census,rate,0.0,PAPER_CELL_TABLE_4_BITEMPORAL_REVISION_R3_RATE,artifacts/stage7d_bitemporal_value_v1_1/stage7d_secondary_endpoints.json,PASS
tables/Table_4_Bitemporal_Revision.csv,4,full revision census,numerator,36,PAPER_CELL_TABLE_4_BITEMPORAL_REVISION_R4_NUMERATOR,artifacts/stage7d_bitemporal_value_v1_1/stage7d_secondary_endpoints.json,PASS
tables/Table_4_Bitemporal_Revision.csv,4,full revision census,denominator,53,PAPER_CELL_TABLE_4_BITEMPORAL_REVISION_R4_DENOMINATOR,artifacts/stage7d_bitemporal_value_v1_1/stage7d_secondary_endpoints.json,PASS
tables/Table_4_Bitemporal_Revision.csv,4,full revision census,rate,0.6792452830188679,PAPER_CELL_TABLE_4_BITEMPORAL_REVISION_R4_RATE,artifacts/stage7d_bitemporal_value_v1_1/stage7d_secondary_endpoints.json,PASS
tables/Table_4_Bitemporal_Revision.csv,5,full revision census,numerator,1,PAPER_CELL_TABLE_4_BITEMPORAL_REVISION_R5_NUMERATOR,artifacts/stage7d_bitemporal_value_v1_1/stage7d_secondary_endpoints.json,PASS
tables/Table_4_Bitemporal_Revision.csv,5,full revision census,denominator,53,PAPER_CELL_TABLE_4_BITEMPORAL_REVISION_R5_DENOMINATOR,artifacts/stage7d_bitemporal_value_v1_1/stage7d_secondary_endpoints.json,PASS
tables/Table_4_Bitemporal_Revision.csv,5,full revision census,rate,0.018867924528301886,PAPER_CELL_TABLE_4_BITEMPORAL_REVISION_R5_RATE,artifacts/stage7d_bitemporal_value_v1_1/stage7d_secondary_endpoints.json,PASS
tables/Table_4_Bitemporal_Revision.csv,6,full revision census,numerator,27,PAPER_CELL_TABLE_4_BITEMPORAL_REVISION_R6_NUMERATOR,artifacts/stage7d_bitemporal_value_v1_1/stage7d_secondary_endpoints.json,PASS
tables/Table_4_Bitemporal_Revision.csv,6,full revision census,denominator,53,PAPER_CELL_TABLE_4_BITEMPORAL_REVISION_R6_DENOMINATOR,artifacts/stage7d_bitemporal_value_v1_1/stage7d_secondary_endpoints.json,PASS
tables/Table_4_Bitemporal_Revision.csv,6,full revision census,rate,0.5094339622641509,PAPER_CELL_TABLE_4_BITEMPORAL_REVISION_R6_RATE,artifacts/stage7d_bitemporal_value_v1_1/stage7d_secondary_endpoints.json,PASS
tables/Table_4_Bitemporal_Revision.csv,7,transition-row descriptive accounting,numerator,540,PAPER_CELL_TABLE_4_BITEMPORAL_REVISION_R7_NUMERATOR,artifacts/stage7d_bitemporal_value_v1_1a_correction/freeze_manifest.json,PASS
tables/Table_4_Bitemporal_Revision.csv,8,transition-row descriptive accounting,numerator,454,PAPER_CELL_TABLE_4_BITEMPORAL_REVISION_R8_NUMERATOR,artifacts/stage7d_bitemporal_value_v1_1a_correction/freeze_manifest.json,PASS
tables/Table_4_Bitemporal_Revision.csv,9,transition-row descriptive accounting,numerator,86,PAPER_CELL_TABLE_4_BITEMPORAL_REVISION_R9_NUMERATOR,artifacts/stage7d_bitemporal_value_v1_1a_correction/freeze_manifest.json,PASS
tables/Table_5_Ablation.csv,2,A2,numerator,31,PAPER_CELL_TABLE_5_ABLATION_R2_NUMERATOR,artifacts/stage7e_ablation_execution_v1_1a_metadata_cleanup/stage7e_final_machine_result_summary.json,PASS
tables/Table_5_Ablation.csv,3,A3 strict primary,numerator,125,PAPER_CELL_TABLE_5_ABLATION_R3_NUMERATOR,artifacts/stage7e_ablation_execution_v1_1a_metadata_cleanup/stage7e_final_machine_result_summary.json,PASS
tables/Table_5_Ablation.csv,3,A3 strict primary,denominator,147,PAPER_CELL_TABLE_5_ABLATION_R3_DENOMINATOR,artifacts/stage7e_ablation_execution_v1_1a_metadata_cleanup/stage7e_final_machine_result_summary.json,PASS
tables/Table_5_Ablation.csv,3,A3 strict primary,rate,0.8503401360544217,PAPER_CELL_TABLE_5_ABLATION_R3_RATE,artifacts/stage7e_ablation_execution_v1_1a_metadata_cleanup/stage7e_final_machine_result_summary.json,PASS
tables/Table_5_Ablation.csv,4,A3 strict primary,numerator,149,PAPER_CELL_TABLE_5_ABLATION_R4_NUMERATOR,artifacts/stage7e_ablation_execution_v1_1a_metadata_cleanup/stage7e_final_machine_result_summary.json,PASS
tables/Table_5_Ablation.csv,4,A3 strict primary,denominator,149,PAPER_CELL_TABLE_5_ABLATION_R4_DENOMINATOR,artifacts/stage7e_ablation_execution_v1_1a_metadata_cleanup/stage7e_final_machine_result_summary.json,PASS
tables/Table_5_Ablation.csv,4,A3 strict primary,rate,1.0,PAPER_CELL_TABLE_5_ABLATION_R4_RATE,artifacts/stage7e_ablation_execution_v1_1a_metadata_cleanup/stage7e_final_machine_result_summary.json,PASS
tables/Table_5_Ablation.csv,5,A3 fence-only secondary,numerator,147,PAPER_CELL_TABLE_5_ABLATION_R5_NUMERATOR,artifacts/stage7e_ablation_execution_v1_1a_metadata_cleanup/stage7e_final_machine_result_summary.json,PASS
tables/Table_5_Ablation.csv,5,A3 fence-only secondary,denominator,147,PAPER_CELL_TABLE_5_ABLATION_R5_DENOMINATOR,artifacts/stage7e_ablation_execution_v1_1a_metadata_cleanup/stage7e_final_machine_result_summary.json,PASS
tables/Table_5_Ablation.csv,5,A3 fence-only secondary,rate,1.0,PAPER_CELL_TABLE_5_ABLATION_R5_RATE,artifacts/stage7e_ablation_execution_v1_1a_metadata_cleanup/stage7e_final_machine_result_summary.json,PASS
tables/Table_5_Ablation.csv,6,A3 fence-only secondary,numerator,164,PAPER_CELL_TABLE_5_ABLATION_R6_NUMERATOR,artifacts/stage7e_ablation_execution_v1_1a_metadata_cleanup/stage7e_final_machine_result_summary.json,PASS
tables/Table_5_Ablation.csv,6,A3 fence-only secondary,denominator,164,PAPER_CELL_TABLE_5_ABLATION_R6_DENOMINATOR,artifacts/stage7e_ablation_execution_v1_1a_metadata_cleanup/stage7e_final_machine_result_summary.json,PASS
tables/Table_5_Ablation.csv,6,A3 fence-only secondary,rate,1.0,PAPER_CELL_TABLE_5_ABLATION_R6_RATE,artifacts/stage7e_ablation_execution_v1_1a_metadata_cleanup/stage7e_final_machine_result_summary.json,PASS
tables/Table_5_Ablation.csv,7,A4,numerator,848,PAPER_CELL_TABLE_5_ABLATION_R7_NUMERATOR,artifacts/stage7e_ablation_execution_v1_1a_metadata_cleanup/stage7e_final_machine_result_summary.json,PASS
tables/Table_5_Ablation.csv,7,A4,denominator,1022,PAPER_CELL_TABLE_5_ABLATION_R7_DENOMINATOR,artifacts/stage7e_ablation_execution_v1_1a_metadata_cleanup/stage7e_final_machine_result_summary.json,PASS
tables/Table_5_Ablation.csv,7,A4,rate,0.8297455968688845,PAPER_CELL_TABLE_5_ABLATION_R7_RATE,artifacts/stage7e_ablation_execution_v1_1a_metadata_cleanup/stage7e_final_machine_result_summary.json,PASS
tables/Table_5_Ablation.csv,8,A4,numerator,162,PAPER_CELL_TABLE_5_ABLATION_R8_NUMERATOR,artifacts/stage7e_ablation_execution_v1_1a_metadata_cleanup/stage7e_final_machine_result_summary.json,PASS
tables/Table_5_Ablation.csv,8,A4,denominator,171,PAPER_CELL_TABLE_5_ABLATION_R8_DENOMINATOR,artifacts/stage7e_ablation_execution_v1_1a_metadata_cleanup/stage7e_final_machine_result_summary.json,PASS
tables/Table_5_Ablation.csv,8,A4,rate,0.9473684210526315,PAPER_CELL_TABLE_5_ABLATION_R8_RATE,artifacts/stage7e_ablation_execution_v1_1a_metadata_cleanup/stage7e_final_machine_result_summary.json,PASS
tables/Table_6_Sensitivity.csv,1,cell_size,claim_opportunities,14534,PAPER_CELL_TABLE_6_SENSITIVITY_R1_CLAIM_OPPORTUNITIES,artifacts/stage7f_sensitivity_execution_v1_1_final_interpretation/stage7f_final_machine_summary.json,PASS
tables/Table_6_Sensitivity.csv,1,cell_size,expressible,9963,PAPER_CELL_TABLE_6_SENSITIVITY_R1_EXPRESSIBLE,artifacts/stage7f_sensitivity_execution_v1_1_final_interpretation/stage7f_final_machine_summary.json,PASS
tables/Table_6_Sensitivity.csv,1,cell_size,abstain,4571,PAPER_CELL_TABLE_6_SENSITIVITY_R1_ABSTAIN,artifacts/stage7f_sensitivity_execution_v1_1_final_interpretation/stage7f_final_machine_summary.json,PASS
tables/Table_6_Sensitivity.csv,1,cell_size,rai_available,279,PAPER_CELL_TABLE_6_SENSITIVITY_R1_RAI_AVAILABLE,artifacts/stage7f_sensitivity_execution_v1_1_final_interpretation/stage7f_final_machine_summary.json,PASS
tables/Table_6_Sensitivity.csv,1,cell_size,grs_available,2318,PAPER_CELL_TABLE_6_SENSITIVITY_R1_GRS_AVAILABLE,artifacts/stage7f_sensitivity_execution_v1_1_final_interpretation/stage7f_final_machine_summary.json,PASS
tables/Table_6_Sensitivity.csv,1,cell_size,grci_available,279,PAPER_CELL_TABLE_6_SENSITIVITY_R1_GRCI_AVAILABLE,artifacts/stage7f_sensitivity_execution_v1_1_final_interpretation/stage7f_final_machine_summary.json,PASS
tables/Table_6_Sensitivity.csv,2,cell_size,claim_opportunities,8679,PAPER_CELL_TABLE_6_SENSITIVITY_R2_CLAIM_OPPORTUNITIES,artifacts/stage7f_sensitivity_execution_v1_1_final_interpretation/stage7f_final_machine_summary.json,PASS
tables/Table_6_Sensitivity.csv,2,cell_size,expressible,6279,PAPER_CELL_TABLE_6_SENSITIVITY_R2_EXPRESSIBLE,artifacts/stage7f_sensitivity_execution_v1_1_final_interpretation/stage7f_final_machine_summary.json,PASS
tables/Table_6_Sensitivity.csv,2,cell_size,abstain,2400,PAPER_CELL_TABLE_6_SENSITIVITY_R2_ABSTAIN,artifacts/stage7f_sensitivity_execution_v1_1_final_interpretation/stage7f_final_machine_summary.json,PASS
tables/Table_6_Sensitivity.csv,2,cell_size,rai_available,174,PAPER_CELL_TABLE_6_SENSITIVITY_R2_RAI_AVAILABLE,artifacts/stage7f_sensitivity_execution_v1_1_final_interpretation/stage7f_final_machine_summary.json,PASS
tables/Table_6_Sensitivity.csv,2,cell_size,grs_available,1211,PAPER_CELL_TABLE_6_SENSITIVITY_R2_GRS_AVAILABLE,artifacts/stage7f_sensitivity_execution_v1_1_final_interpretation/stage7f_final_machine_summary.json,PASS
tables/Table_6_Sensitivity.csv,2,cell_size,grci_available,174,PAPER_CELL_TABLE_6_SENSITIVITY_R2_GRCI_AVAILABLE,artifacts/stage7f_sensitivity_execution_v1_1_final_interpretation/stage7f_final_machine_summary.json,PASS
tables/Table_6_Sensitivity.csv,3,cell_size,claim_opportunities,6572,PAPER_CELL_TABLE_6_SENSITIVITY_R3_CLAIM_OPPORTUNITIES,artifacts/stage7f_sensitivity_execution_v1_1_final_interpretation/stage7f_final_machine_summary.json,PASS
tables/Table_6_Sensitivity.csv,3,cell_size,expressible,5027,PAPER_CELL_TABLE_6_SENSITIVITY_R3_EXPRESSIBLE,artifacts/stage7f_sensitivity_execution_v1_1_final_interpretation/stage7f_final_machine_summary.json,PASS
tables/Table_6_Sensitivity.csv,3,cell_size,abstain,1545,PAPER_CELL_TABLE_6_SENSITIVITY_R3_ABSTAIN,artifacts/stage7f_sensitivity_execution_v1_1_final_interpretation/stage7f_final_machine_summary.json,PASS
tables/Table_6_Sensitivity.csv,3,cell_size,rai_available,132,PAPER_CELL_TABLE_6_SENSITIVITY_R3_RAI_AVAILABLE,artifacts/stage7f_sensitivity_execution_v1_1_final_interpretation/stage7f_final_machine_summary.json,PASS
tables/Table_6_Sensitivity.csv,3,cell_size,grs_available,694,PAPER_CELL_TABLE_6_SENSITIVITY_R3_GRS_AVAILABLE,artifacts/stage7f_sensitivity_execution_v1_1_final_interpretation/stage7f_final_machine_summary.json,PASS
tables/Table_6_Sensitivity.csv,3,cell_size,grci_available,132,PAPER_CELL_TABLE_6_SENSITIVITY_R3_GRCI_AVAILABLE,artifacts/stage7f_sensitivity_execution_v1_1_final_interpretation/stage7f_final_machine_summary.json,PASS
tables/Table_6_Sensitivity.csv,4,history_min_observations,arm,20,PAPER_CELL_TABLE_6_SENSITIVITY_R4_ARM,artifacts/stage7f_sensitivity_execution_v1_1_final_interpretation/stage7f_final_machine_summary.json,PASS
tables/Table_6_Sensitivity.csv,4,history_min_observations,claim_opportunities,8679,PAPER_CELL_TABLE_6_SENSITIVITY_R4_CLAIM_OPPORTUNITIES,artifacts/stage7f_sensitivity_execution_v1_1_final_interpretation/stage7f_final_machine_summary.json,PASS
tables/Table_6_Sensitivity.csv,4,history_min_observations,expressible,6283,PAPER_CELL_TABLE_6_SENSITIVITY_R4_EXPRESSIBLE,artifacts/stage7f_sensitivity_execution_v1_1_final_interpretation/stage7f_final_machine_summary.json,PASS
tables/Table_6_Sensitivity.csv,4,history_min_observations,abstain,2396,PAPER_CELL_TABLE_6_SENSITIVITY_R4_ABSTAIN,artifacts/stage7f_sensitivity_execution_v1_1_final_interpretation/stage7f_final_machine_summary.json,PASS
tables/Table_6_Sensitivity.csv,4,history_min_observations,rai_available,176,PAPER_CELL_TABLE_6_SENSITIVITY_R4_RAI_AVAILABLE,artifacts/stage7f_sensitivity_execution_v1_1_final_interpretation/stage7f_final_machine_summary.json,PASS
tables/Table_6_Sensitivity.csv,4,history_min_observations,grs_available,1211,PAPER_CELL_TABLE_6_SENSITIVITY_R4_GRS_AVAILABLE,artifacts/stage7f_sensitivity_execution_v1_1_final_interpretation/stage7f_final_machine_summary.json,PASS
tables/Table_6_Sensitivity.csv,4,history_min_observations,grci_available,176,PAPER_CELL_TABLE_6_SENSITIVITY_R4_GRCI_AVAILABLE,artifacts/stage7f_sensitivity_execution_v1_1_final_interpretation/stage7f_final_machine_summary.json,PASS
tables/Table_6_Sensitivity.csv,5,history_min_observations,arm,30,PAPER_CELL_TABLE_6_SENSITIVITY_R5_ARM,artifacts/stage7f_sensitivity_execution_v1_1_final_interpretation/stage7f_final_machine_summary.json,PASS
tables/Table_6_Sensitivity.csv,5,history_min_observations,claim_opportunities,8679,PAPER_CELL_TABLE_6_SENSITIVITY_R5_CLAIM_OPPORTUNITIES,artifacts/stage7f_sensitivity_execution_v1_1_final_interpretation/stage7f_final_machine_summary.json,PASS
tables/Table_6_Sensitivity.csv,5,history_min_observations,expressible,6279,PAPER_CELL_TABLE_6_SENSITIVITY_R5_EXPRESSIBLE,artifacts/stage7f_sensitivity_execution_v1_1_final_interpretation/stage7f_final_machine_summary.json,PASS
tables/Table_6_Sensitivity.csv,5,history_min_observations,abstain,2400,PAPER_CELL_TABLE_6_SENSITIVITY_R5_ABSTAIN,artifacts/stage7f_sensitivity_execution_v1_1_final_interpretation/stage7f_final_machine_summary.json,PASS
tables/Table_6_Sensitivity.csv,5,history_min_observations,rai_available,174,PAPER_CELL_TABLE_6_SENSITIVITY_R5_RAI_AVAILABLE,artifacts/stage7f_sensitivity_execution_v1_1_final_interpretation/stage7f_final_machine_summary.json,PASS
tables/Table_6_Sensitivity.csv,5,history_min_observations,grs_available,1211,PAPER_CELL_TABLE_6_SENSITIVITY_R5_GRS_AVAILABLE,artifacts/stage7f_sensitivity_execution_v1_1_final_interpretation/stage7f_final_machine_summary.json,PASS
tables/Table_6_Sensitivity.csv,5,history_min_observations,grci_available,174,PAPER_CELL_TABLE_6_SENSITIVITY_R5_GRCI_AVAILABLE,artifacts/stage7f_sensitivity_execution_v1_1_final_interpretation/stage7f_final_machine_summary.json,PASS
tables/Table_6_Sensitivity.csv,6,history_min_observations,arm,40,PAPER_CELL_TABLE_6_SENSITIVITY_R6_ARM,artifacts/stage7f_sensitivity_execution_v1_1_final_interpretation/stage7f_final_machine_summary.json,PASS
tables/Table_6_Sensitivity.csv,6,history_min_observations,claim_opportunities,8679,PAPER_CELL_TABLE_6_SENSITIVITY_R6_CLAIM_OPPORTUNITIES,artifacts/stage7f_sensitivity_execution_v1_1_final_interpretation/stage7f_final_machine_summary.json,PASS
tables/Table_6_Sensitivity.csv,6,history_min_observations,expressible,6275,PAPER_CELL_TABLE_6_SENSITIVITY_R6_EXPRESSIBLE,artifacts/stage7f_sensitivity_execution_v1_1_final_interpretation/stage7f_final_machine_summary.json,PASS
tables/Table_6_Sensitivity.csv,6,history_min_observations,abstain,2404,PAPER_CELL_TABLE_6_SENSITIVITY_R6_ABSTAIN,artifacts/stage7f_sensitivity_execution_v1_1_final_interpretation/stage7f_final_machine_summary.json,PASS
tables/Table_6_Sensitivity.csv,6,history_min_observations,rai_available,172,PAPER_CELL_TABLE_6_SENSITIVITY_R6_RAI_AVAILABLE,artifacts/stage7f_sensitivity_execution_v1_1_final_interpretation/stage7f_final_machine_summary.json,PASS
tables/Table_6_Sensitivity.csv,6,history_min_observations,grs_available,1211,PAPER_CELL_TABLE_6_SENSITIVITY_R6_GRS_AVAILABLE,artifacts/stage7f_sensitivity_execution_v1_1_final_interpretation/stage7f_final_machine_summary.json,PASS
tables/Table_6_Sensitivity.csv,6,history_min_observations,grci_available,172,PAPER_CELL_TABLE_6_SENSITIVITY_R6_GRCI_AVAILABLE,artifacts/stage7f_sensitivity_execution_v1_1_final_interpretation/stage7f_final_machine_summary.json,PASS
tables/Table_6_Sensitivity.csv,7,rai_saturation_robust_z,arm,2,PAPER_CELL_TABLE_6_SENSITIVITY_R7_ARM,artifacts/stage7f_sensitivity_execution_v1_1_final_interpretation/stage7f_final_machine_summary.json,PASS
tables/Table_6_Sensitivity.csv,7,rai_saturation_robust_z,claim_opportunities,8679,PAPER_CELL_TABLE_6_SENSITIVITY_R7_CLAIM_OPPORTUNITIES,artifacts/stage7f_sensitivity_execution_v1_1_final_interpretation/stage7f_final_machine_summary.json,PASS
tables/Table_6_Sensitivity.csv,7,rai_saturation_robust_z,expressible,6279,PAPER_CELL_TABLE_6_SENSITIVITY_R7_EXPRESSIBLE,artifacts/stage7f_sensitivity_execution_v1_1_final_interpretation/stage7f_final_machine_summary.json,PASS
tables/Table_6_Sensitivity.csv,7,rai_saturation_robust_z,abstain,2400,PAPER_CELL_TABLE_6_SENSITIVITY_R7_ABSTAIN,artifacts/stage7f_sensitivity_execution_v1_1_final_interpretation/stage7f_final_machine_summary.json,PASS
tables/Table_6_Sensitivity.csv,7,rai_saturation_robust_z,rai_available,174,PAPER_CELL_TABLE_6_SENSITIVITY_R7_RAI_AVAILABLE,artifacts/stage7f_sensitivity_execution_v1_1_final_interpretation/stage7f_final_machine_summary.json,PASS
tables/Table_6_Sensitivity.csv,7,rai_saturation_robust_z,grs_available,1211,PAPER_CELL_TABLE_6_SENSITIVITY_R7_GRS_AVAILABLE,artifacts/stage7f_sensitivity_execution_v1_1_final_interpretation/stage7f_final_machine_summary.json,PASS
tables/Table_6_Sensitivity.csv,7,rai_saturation_robust_z,grci_available,174,PAPER_CELL_TABLE_6_SENSITIVITY_R7_GRCI_AVAILABLE,artifacts/stage7f_sensitivity_execution_v1_1_final_interpretation/stage7f_final_machine_summary.json,PASS
tables/Table_6_Sensitivity.csv,7,rai_saturation_robust_z,claim_transition,0,PAPER_CELL_TABLE_6_SENSITIVITY_R7_CLAIM_TRANSITION,artifacts/stage7f_sensitivity_execution_v1_1_final_interpretation/stage7f_final_machine_summary.json,PASS
tables/Table_6_Sensitivity.csv,8,rai_saturation_robust_z,arm,3,PAPER_CELL_TABLE_6_SENSITIVITY_R8_ARM,artifacts/stage7f_sensitivity_execution_v1_1_final_interpretation/stage7f_final_machine_summary.json,PASS
tables/Table_6_Sensitivity.csv,8,rai_saturation_robust_z,claim_opportunities,8679,PAPER_CELL_TABLE_6_SENSITIVITY_R8_CLAIM_OPPORTUNITIES,artifacts/stage7f_sensitivity_execution_v1_1_final_interpretation/stage7f_final_machine_summary.json,PASS
tables/Table_6_Sensitivity.csv,8,rai_saturation_robust_z,expressible,6279,PAPER_CELL_TABLE_6_SENSITIVITY_R8_EXPRESSIBLE,artifacts/stage7f_sensitivity_execution_v1_1_final_interpretation/stage7f_final_machine_summary.json,PASS
tables/Table_6_Sensitivity.csv,8,rai_saturation_robust_z,abstain,2400,PAPER_CELL_TABLE_6_SENSITIVITY_R8_ABSTAIN,artifacts/stage7f_sensitivity_execution_v1_1_final_interpretation/stage7f_final_machine_summary.json,PASS
tables/Table_6_Sensitivity.csv,8,rai_saturation_robust_z,rai_available,174,PAPER_CELL_TABLE_6_SENSITIVITY_R8_RAI_AVAILABLE,artifacts/stage7f_sensitivity_execution_v1_1_final_interpretation/stage7f_final_machine_summary.json,PASS
tables/Table_6_Sensitivity.csv,8,rai_saturation_robust_z,grs_available,1211,PAPER_CELL_TABLE_6_SENSITIVITY_R8_GRS_AVAILABLE,artifacts/stage7f_sensitivity_execution_v1_1_final_interpretation/stage7f_final_machine_summary.json,PASS
tables/Table_6_Sensitivity.csv,8,rai_saturation_robust_z,grci_available,174,PAPER_CELL_TABLE_6_SENSITIVITY_R8_GRCI_AVAILABLE,artifacts/stage7f_sensitivity_execution_v1_1_final_interpretation/stage7f_final_machine_summary.json,PASS
tables/Table_6_Sensitivity.csv,8,rai_saturation_robust_z,claim_transition,0,PAPER_CELL_TABLE_6_SENSITIVITY_R8_CLAIM_TRANSITION,artifacts/stage7f_sensitivity_execution_v1_1_final_interpretation/stage7f_final_machine_summary.json,PASS
tables/Table_6_Sensitivity.csv,9,rai_saturation_robust_z,arm,4,PAPER_CELL_TABLE_6_SENSITIVITY_R9_ARM,artifacts/stage7f_sensitivity_execution_v1_1_final_interpretation/stage7f_final_machine_summary.json,PASS
tables/Table_6_Sensitivity.csv,9,rai_saturation_robust_z,claim_opportunities,8679,PAPER_CELL_TABLE_6_SENSITIVITY_R9_CLAIM_OPPORTUNITIES,artifacts/stage7f_sensitivity_execution_v1_1_final_interpretation/stage7f_final_machine_summary.json,PASS
tables/Table_6_Sensitivity.csv,9,rai_saturation_robust_z,expressible,6279,PAPER_CELL_TABLE_6_SENSITIVITY_R9_EXPRESSIBLE,artifacts/stage7f_sensitivity_execution_v1_1_final_interpretation/stage7f_final_machine_summary.json,PASS
tables/Table_6_Sensitivity.csv,9,rai_saturation_robust_z,abstain,2400,PAPER_CELL_TABLE_6_SENSITIVITY_R9_ABSTAIN,artifacts/stage7f_sensitivity_execution_v1_1_final_interpretation/stage7f_final_machine_summary.json,PASS
tables/Table_6_Sensitivity.csv,9,rai_saturation_robust_z,rai_available,174,PAPER_CELL_TABLE_6_SENSITIVITY_R9_RAI_AVAILABLE,artifacts/stage7f_sensitivity_execution_v1_1_final_interpretation/stage7f_final_machine_summary.json,PASS
tables/Table_6_Sensitivity.csv,9,rai_saturation_robust_z,grs_available,1211,PAPER_CELL_TABLE_6_SENSITIVITY_R9_GRS_AVAILABLE,artifacts/stage7f_sensitivity_execution_v1_1_final_interpretation/stage7f_final_machine_summary.json,PASS
tables/Table_6_Sensitivity.csv,9,rai_saturation_robust_z,grci_available,174,PAPER_CELL_TABLE_6_SENSITIVITY_R9_GRCI_AVAILABLE,artifacts/stage7f_sensitivity_execution_v1_1_final_interpretation/stage7f_final_machine_summary.json,PASS
tables/Table_6_Sensitivity.csv,9,rai_saturation_robust_z,claim_transition,0,PAPER_CELL_TABLE_6_SENSITIVITY_R9_CLAIM_TRANSITION,artifacts/stage7f_sensitivity_execution_v1_1_final_interpretation/stage7f_final_machine_summary.json,PASS
figures/Figure_Ablation_Data.csv,2,A2,numerator,31,PAPER_CELL_FIGURE_ABLATION_DATA_R2_NUMERATOR,artifacts/final_research_handoff_v1/paper_figures/figure_ablation.csv,PASS
figures/Figure_Ablation_Data.csv,3,A3 strict primary,numerator,125,PAPER_CELL_FIGURE_ABLATION_DATA_R3_NUMERATOR,artifacts/final_research_handoff_v1/paper_figures/figure_ablation.csv,PASS
figures/Figure_Ablation_Data.csv,3,A3 strict primary,denominator,147,PAPER_CELL_FIGURE_ABLATION_DATA_R3_DENOMINATOR,artifacts/final_research_handoff_v1/paper_figures/figure_ablation.csv,PASS
figures/Figure_Ablation_Data.csv,3,A3 strict primary,rate,0.8503401360544217,PAPER_CELL_FIGURE_ABLATION_DATA_R3_RATE,artifacts/final_research_handoff_v1/paper_figures/figure_ablation.csv,PASS
figures/Figure_Ablation_Data.csv,4,A3 strict primary,numerator,149,PAPER_CELL_FIGURE_ABLATION_DATA_R4_NUMERATOR,artifacts/final_research_handoff_v1/paper_figures/figure_ablation.csv,PASS
figures/Figure_Ablation_Data.csv,4,A3 strict primary,denominator,149,PAPER_CELL_FIGURE_ABLATION_DATA_R4_DENOMINATOR,artifacts/final_research_handoff_v1/paper_figures/figure_ablation.csv,PASS
figures/Figure_Ablation_Data.csv,4,A3 strict primary,rate,1.0,PAPER_CELL_FIGURE_ABLATION_DATA_R4_RATE,artifacts/final_research_handoff_v1/paper_figures/figure_ablation.csv,PASS
figures/Figure_Ablation_Data.csv,5,A3 fence-only secondary,numerator,147,PAPER_CELL_FIGURE_ABLATION_DATA_R5_NUMERATOR,artifacts/final_research_handoff_v1/paper_figures/figure_ablation.csv,PASS
figures/Figure_Ablation_Data.csv,5,A3 fence-only secondary,denominator,147,PAPER_CELL_FIGURE_ABLATION_DATA_R5_DENOMINATOR,artifacts/final_research_handoff_v1/paper_figures/figure_ablation.csv,PASS
figures/Figure_Ablation_Data.csv,5,A3 fence-only secondary,rate,1.0,PAPER_CELL_FIGURE_ABLATION_DATA_R5_RATE,artifacts/final_research_handoff_v1/paper_figures/figure_ablation.csv,PASS
figures/Figure_Ablation_Data.csv,6,A3 fence-only secondary,numerator,164,PAPER_CELL_FIGURE_ABLATION_DATA_R6_NUMERATOR,artifacts/final_research_handoff_v1/paper_figures/figure_ablation.csv,PASS
figures/Figure_Ablation_Data.csv,6,A3 fence-only secondary,denominator,164,PAPER_CELL_FIGURE_ABLATION_DATA_R6_DENOMINATOR,artifacts/final_research_handoff_v1/paper_figures/figure_ablation.csv,PASS
figures/Figure_Ablation_Data.csv,6,A3 fence-only secondary,rate,1.0,PAPER_CELL_FIGURE_ABLATION_DATA_R6_RATE,artifacts/final_research_handoff_v1/paper_figures/figure_ablation.csv,PASS
figures/Figure_Ablation_Data.csv,7,A4,numerator,848,PAPER_CELL_FIGURE_ABLATION_DATA_R7_NUMERATOR,artifacts/final_research_handoff_v1/paper_figures/figure_ablation.csv,PASS
figures/Figure_Ablation_Data.csv,7,A4,denominator,1022,PAPER_CELL_FIGURE_ABLATION_DATA_R7_DENOMINATOR,artifacts/final_research_handoff_v1/paper_figures/figure_ablation.csv,PASS
figures/Figure_Ablation_Data.csv,7,A4,rate,0.8297455968688845,PAPER_CELL_FIGURE_ABLATION_DATA_R7_RATE,artifacts/final_research_handoff_v1/paper_figures/figure_ablation.csv,PASS
figures/Figure_Ablation_Data.csv,8,A4,numerator,162,PAPER_CELL_FIGURE_ABLATION_DATA_R8_NUMERATOR,artifacts/final_research_handoff_v1/paper_figures/figure_ablation.csv,PASS
figures/Figure_Ablation_Data.csv,8,A4,denominator,171,PAPER_CELL_FIGURE_ABLATION_DATA_R8_DENOMINATOR,artifacts/final_research_handoff_v1/paper_figures/figure_ablation.csv,PASS
figures/Figure_Ablation_Data.csv,8,A4,rate,0.9473684210526315,PAPER_CELL_FIGURE_ABLATION_DATA_R8_RATE,artifacts/final_research_handoff_v1/paper_figures/figure_ablation.csv,PASS
figures/Figure_Bitemporal_Revision_Data.csv,1,48-task benchmark alignment,numerator,0,PAPER_CELL_FIGURE_BITEMPORAL_REVISION_DATA_R1_NUMERATOR,artifacts/stage7d_bitemporal_value_v1_1/stage7d_secondary_endpoints.json,PASS
figures/Figure_Bitemporal_Revision_Data.csv,1,48-task benchmark alignment,denominator,48,PAPER_CELL_FIGURE_BITEMPORAL_REVISION_DATA_R1_DENOMINATOR,artifacts/stage7d_bitemporal_value_v1_1/stage7d_secondary_endpoints.json,PASS
figures/Figure_Bitemporal_Revision_Data.csv,1,48-task benchmark alignment,rate,0.0,PAPER_CELL_FIGURE_BITEMPORAL_REVISION_DATA_R1_RATE,artifacts/stage7d_bitemporal_value_v1_1/stage7d_secondary_endpoints.json,PASS
figures/Figure_Bitemporal_Revision_Data.csv,2,full revision census,numerator,53,PAPER_CELL_FIGURE_BITEMPORAL_REVISION_DATA_R2_NUMERATOR,artifacts/stage7d_bitemporal_value_v1_1/stage7d_secondary_endpoints.json,PASS
figures/Figure_Bitemporal_Revision_Data.csv,2,full revision census,denominator,53,PAPER_CELL_FIGURE_BITEMPORAL_REVISION_DATA_R2_DENOMINATOR,artifacts/stage7d_bitemporal_value_v1_1/stage7d_secondary_endpoints.json,PASS
figures/Figure_Bitemporal_Revision_Data.csv,2,full revision census,rate,1.0,PAPER_CELL_FIGURE_BITEMPORAL_REVISION_DATA_R2_RATE,artifacts/stage7d_bitemporal_value_v1_1/stage7d_secondary_endpoints.json,PASS
figures/Figure_Bitemporal_Revision_Data.csv,3,full revision census,numerator,0,PAPER_CELL_FIGURE_BITEMPORAL_REVISION_DATA_R3_NUMERATOR,artifacts/stage7d_bitemporal_value_v1_1/stage7d_secondary_endpoints.json,PASS
figures/Figure_Bitemporal_Revision_Data.csv,3,full revision census,denominator,53,PAPER_CELL_FIGURE_BITEMPORAL_REVISION_DATA_R3_DENOMINATOR,artifacts/stage7d_bitemporal_value_v1_1/stage7d_secondary_endpoints.json,PASS
figures/Figure_Bitemporal_Revision_Data.csv,3,full revision census,rate,0.0,PAPER_CELL_FIGURE_BITEMPORAL_REVISION_DATA_R3_RATE,artifacts/stage7d_bitemporal_value_v1_1/stage7d_secondary_endpoints.json,PASS
figures/Figure_Bitemporal_Revision_Data.csv,4,full revision census,numerator,36,PAPER_CELL_FIGURE_BITEMPORAL_REVISION_DATA_R4_NUMERATOR,artifacts/stage7d_bitemporal_value_v1_1/stage7d_secondary_endpoints.json,PASS
figures/Figure_Bitemporal_Revision_Data.csv,4,full revision census,denominator,53,PAPER_CELL_FIGURE_BITEMPORAL_REVISION_DATA_R4_DENOMINATOR,artifacts/stage7d_bitemporal_value_v1_1/stage7d_secondary_endpoints.json,PASS
figures/Figure_Bitemporal_Revision_Data.csv,4,full revision census,rate,0.6792452830188679,PAPER_CELL_FIGURE_BITEMPORAL_REVISION_DATA_R4_RATE,artifacts/stage7d_bitemporal_value_v1_1/stage7d_secondary_endpoints.json,PASS
figures/Figure_Bitemporal_Revision_Data.csv,5,full revision census,numerator,1,PAPER_CELL_FIGURE_BITEMPORAL_REVISION_DATA_R5_NUMERATOR,artifacts/stage7d_bitemporal_value_v1_1/stage7d_secondary_endpoints.json,PASS
figures/Figure_Bitemporal_Revision_Data.csv,5,full revision census,denominator,53,PAPER_CELL_FIGURE_BITEMPORAL_REVISION_DATA_R5_DENOMINATOR,artifacts/stage7d_bitemporal_value_v1_1/stage7d_secondary_endpoints.json,PASS
figures/Figure_Bitemporal_Revision_Data.csv,5,full revision census,rate,0.018867924528301886,PAPER_CELL_FIGURE_BITEMPORAL_REVISION_DATA_R5_RATE,artifacts/stage7d_bitemporal_value_v1_1/stage7d_secondary_endpoints.json,PASS
figures/Figure_Bitemporal_Revision_Data.csv,6,full revision census,numerator,27,PAPER_CELL_FIGURE_BITEMPORAL_REVISION_DATA_R6_NUMERATOR,artifacts/stage7d_bitemporal_value_v1_1/stage7d_secondary_endpoints.json,PASS
figures/Figure_Bitemporal_Revision_Data.csv,6,full revision census,denominator,53,PAPER_CELL_FIGURE_BITEMPORAL_REVISION_DATA_R6_DENOMINATOR,artifacts/stage7d_bitemporal_value_v1_1/stage7d_secondary_endpoints.json,PASS
figures/Figure_Bitemporal_Revision_Data.csv,6,full revision census,rate,0.5094339622641509,PAPER_CELL_FIGURE_BITEMPORAL_REVISION_DATA_R6_RATE,artifacts/stage7d_bitemporal_value_v1_1/stage7d_secondary_endpoints.json,PASS
figures/Figure_Bitemporal_Revision_Data.csv,7,transition-row descriptive accounting,numerator,540,PAPER_CELL_FIGURE_BITEMPORAL_REVISION_DATA_R7_NUMERATOR,artifacts/stage7d_bitemporal_value_v1_1a_correction/freeze_manifest.json,PASS
figures/Figure_Bitemporal_Revision_Data.csv,8,transition-row descriptive accounting,numerator,454,PAPER_CELL_FIGURE_BITEMPORAL_REVISION_DATA_R8_NUMERATOR,artifacts/stage7d_bitemporal_value_v1_1a_correction/freeze_manifest.json,PASS
figures/Figure_Bitemporal_Revision_Data.csv,9,transition-row descriptive accounting,numerator,86,PAPER_CELL_FIGURE_BITEMPORAL_REVISION_DATA_R9_NUMERATOR,artifacts/stage7d_bitemporal_value_v1_1a_correction/freeze_manifest.json,PASS
figures/Figure_Claim_Admissibility_Data.csv,1,EXPRESSIBLE,count,6279,PAPER_CELL_FIGURE_CLAIM_ADMISSIBILITY_DATA_R1_COUNT,artifacts/final_research_handoff_v1/paper_figures/figure_claim_gate.csv,PASS
figures/Figure_Claim_Admissibility_Data.csv,2,ABSTAIN,count,1078,PAPER_CELL_FIGURE_CLAIM_ADMISSIBILITY_DATA_R2_COUNT,artifacts/final_research_handoff_v1/paper_figures/figure_claim_gate.csv,PASS
figures/Figure_Claim_Admissibility_Data.csv,2,ABSTAIN,share_of_abstentions,0.44916666666666666,PAPER_CELL_FIGURE_CLAIM_ADMISSIBILITY_DATA_R2_SHARE_OF_ABSTENTIONS,artifacts/final_research_handoff_v1/paper_figures/figure_claim_gate.csv,PASS
figures/Figure_Claim_Admissibility_Data.csv,3,ABSTAIN,count,880,PAPER_CELL_FIGURE_CLAIM_ADMISSIBILITY_DATA_R3_COUNT,artifacts/final_research_handoff_v1/paper_figures/figure_claim_gate.csv,PASS
figures/Figure_Claim_Admissibility_Data.csv,3,ABSTAIN,share_of_abstentions,0.36666666666666664,PAPER_CELL_FIGURE_CLAIM_ADMISSIBILITY_DATA_R3_SHARE_OF_ABSTENTIONS,artifacts/final_research_handoff_v1/paper_figures/figure_claim_gate.csv,PASS
figures/Figure_Claim_Admissibility_Data.csv,4,ABSTAIN,count,305,PAPER_CELL_FIGURE_CLAIM_ADMISSIBILITY_DATA_R4_COUNT,artifacts/final_research_handoff_v1/paper_figures/figure_claim_gate.csv,PASS
figures/Figure_Claim_Admissibility_Data.csv,4,ABSTAIN,share_of_abstentions,0.12708333333333333,PAPER_CELL_FIGURE_CLAIM_ADMISSIBILITY_DATA_R4_SHARE_OF_ABSTENTIONS,artifacts/final_research_handoff_v1/paper_figures/figure_claim_gate.csv,PASS
figures/Figure_Claim_Admissibility_Data.csv,5,ABSTAIN,count,105,PAPER_CELL_FIGURE_CLAIM_ADMISSIBILITY_DATA_R5_COUNT,artifacts/final_research_handoff_v1/paper_figures/figure_claim_gate.csv,PASS
figures/Figure_Claim_Admissibility_Data.csv,5,ABSTAIN,share_of_abstentions,0.04375,PAPER_CELL_FIGURE_CLAIM_ADMISSIBILITY_DATA_R5_SHARE_OF_ABSTENTIONS,artifacts/final_research_handoff_v1/paper_figures/figure_claim_gate.csv,PASS
figures/Figure_Claim_Admissibility_Data.csv,6,ABSTAIN,count,32,PAPER_CELL_FIGURE_CLAIM_ADMISSIBILITY_DATA_R6_COUNT,artifacts/final_research_handoff_v1/paper_figures/figure_claim_gate.csv,PASS
figures/Figure_Claim_Admissibility_Data.csv,6,ABSTAIN,share_of_abstentions,0.013333333333333334,PAPER_CELL_FIGURE_CLAIM_ADMISSIBILITY_DATA_R6_SHARE_OF_ABSTENTIONS,artifacts/final_research_handoff_v1/paper_figures/figure_claim_gate.csv,PASS
figures/Figure_Main_Experiment_Data.csv,1,B0_DIRECT_LLM,planned_tasks,48,PAPER_CELL_FIGURE_MAIN_EXPERIMENT_DATA_R1_PLANNED_TASKS,artifacts/stage7b_main_comparison_v1/run_summary.json,PASS
figures/Figure_Main_Experiment_Data.csv,1,B0_DIRECT_LLM,actual_outputs,48,PAPER_CELL_FIGURE_MAIN_EXPERIMENT_DATA_R1_ACTUAL_OUTPUTS,artifacts/stage7b_main_comparison_v1/run_summary.json,PASS
figures/Figure_Main_Experiment_Data.csv,1,B0_DIRECT_LLM,output_availability_rate,1.0,PAPER_CELL_FIGURE_MAIN_EXPERIMENT_DATA_R1_OUTPUT_AVAILABILITY_RATE,artifacts/stage7b_main_comparison_v1/run_summary.json,PASS
figures/Figure_Main_Experiment_Data.csv,1,B0_DIRECT_LLM,structure_fail_closed,0,PAPER_CELL_FIGURE_MAIN_EXPERIMENT_DATA_R1_STRUCTURE_FAIL_CLOSED,artifacts/stage7b_main_comparison_v1/run_summary.json,PASS
figures/Figure_Main_Experiment_Data.csv,2,B1_STRUCTURED_PROMPT_LLM,planned_tasks,48,PAPER_CELL_FIGURE_MAIN_EXPERIMENT_DATA_R2_PLANNED_TASKS,artifacts/stage7b_main_comparison_v1/run_summary.json,PASS
figures/Figure_Main_Experiment_Data.csv,2,B1_STRUCTURED_PROMPT_LLM,actual_outputs,48,PAPER_CELL_FIGURE_MAIN_EXPERIMENT_DATA_R2_ACTUAL_OUTPUTS,artifacts/stage7b_main_comparison_v1/run_summary.json,PASS
figures/Figure_Main_Experiment_Data.csv,2,B1_STRUCTURED_PROMPT_LLM,output_availability_rate,1.0,PAPER_CELL_FIGURE_MAIN_EXPERIMENT_DATA_R2_OUTPUT_AVAILABILITY_RATE,artifacts/stage7b_main_comparison_v1/run_summary.json,PASS
figures/Figure_Main_Experiment_Data.csv,2,B1_STRUCTURED_PROMPT_LLM,structure_fail_closed,0,PAPER_CELL_FIGURE_MAIN_EXPERIMENT_DATA_R2_STRUCTURE_FAIL_CLOSED,artifacts/stage7b_main_comparison_v1/run_summary.json,PASS
figures/Figure_Main_Experiment_Data.csv,3,P_PROPOSED,planned_tasks,48,PAPER_CELL_FIGURE_MAIN_EXPERIMENT_DATA_R3_PLANNED_TASKS,artifacts/stage7b_main_comparison_v1/run_summary.json,PASS
figures/Figure_Main_Experiment_Data.csv,3,P_PROPOSED,actual_outputs,45,PAPER_CELL_FIGURE_MAIN_EXPERIMENT_DATA_R3_ACTUAL_OUTPUTS,artifacts/stage7b_main_comparison_v1/run_summary.json,PASS
figures/Figure_Main_Experiment_Data.csv,3,P_PROPOSED,output_availability_rate,0.9375,PAPER_CELL_FIGURE_MAIN_EXPERIMENT_DATA_R3_OUTPUT_AVAILABILITY_RATE,artifacts/stage7b_main_comparison_v1/run_summary.json,PASS
figures/Figure_Main_Experiment_Data.csv,3,P_PROPOSED,structure_fail_closed,3,PAPER_CELL_FIGURE_MAIN_EXPERIMENT_DATA_R3_STRUCTURE_FAIL_CLOSED,artifacts/stage7b_main_comparison_v1/run_summary.json,PASS
figures/Figure_Sensitivity_Data.csv,1,cell_size,claim_opportunities,14534,PAPER_CELL_FIGURE_SENSITIVITY_DATA_R1_CLAIM_OPPORTUNITIES,artifacts/final_research_handoff_v1/paper_figures/figure_sensitivity.csv,PASS
figures/Figure_Sensitivity_Data.csv,1,cell_size,expressible,9963,PAPER_CELL_FIGURE_SENSITIVITY_DATA_R1_EXPRESSIBLE,artifacts/final_research_handoff_v1/paper_figures/figure_sensitivity.csv,PASS
figures/Figure_Sensitivity_Data.csv,1,cell_size,abstain,4571,PAPER_CELL_FIGURE_SENSITIVITY_DATA_R1_ABSTAIN,artifacts/final_research_handoff_v1/paper_figures/figure_sensitivity.csv,PASS
figures/Figure_Sensitivity_Data.csv,1,cell_size,rai_available,279,PAPER_CELL_FIGURE_SENSITIVITY_DATA_R1_RAI_AVAILABLE,artifacts/final_research_handoff_v1/paper_figures/figure_sensitivity.csv,PASS
figures/Figure_Sensitivity_Data.csv,1,cell_size,grs_available,2318,PAPER_CELL_FIGURE_SENSITIVITY_DATA_R1_GRS_AVAILABLE,artifacts/final_research_handoff_v1/paper_figures/figure_sensitivity.csv,PASS
figures/Figure_Sensitivity_Data.csv,1,cell_size,grci_available,279,PAPER_CELL_FIGURE_SENSITIVITY_DATA_R1_GRCI_AVAILABLE,artifacts/final_research_handoff_v1/paper_figures/figure_sensitivity.csv,PASS
figures/Figure_Sensitivity_Data.csv,2,cell_size,claim_opportunities,8679,PAPER_CELL_FIGURE_SENSITIVITY_DATA_R2_CLAIM_OPPORTUNITIES,artifacts/final_research_handoff_v1/paper_figures/figure_sensitivity.csv,PASS
figures/Figure_Sensitivity_Data.csv,2,cell_size,expressible,6279,PAPER_CELL_FIGURE_SENSITIVITY_DATA_R2_EXPRESSIBLE,artifacts/final_research_handoff_v1/paper_figures/figure_sensitivity.csv,PASS
figures/Figure_Sensitivity_Data.csv,2,cell_size,abstain,2400,PAPER_CELL_FIGURE_SENSITIVITY_DATA_R2_ABSTAIN,artifacts/final_research_handoff_v1/paper_figures/figure_sensitivity.csv,PASS
figures/Figure_Sensitivity_Data.csv,2,cell_size,rai_available,174,PAPER_CELL_FIGURE_SENSITIVITY_DATA_R2_RAI_AVAILABLE,artifacts/final_research_handoff_v1/paper_figures/figure_sensitivity.csv,PASS
figures/Figure_Sensitivity_Data.csv,2,cell_size,grs_available,1211,PAPER_CELL_FIGURE_SENSITIVITY_DATA_R2_GRS_AVAILABLE,artifacts/final_research_handoff_v1/paper_figures/figure_sensitivity.csv,PASS
figures/Figure_Sensitivity_Data.csv,2,cell_size,grci_available,174,PAPER_CELL_FIGURE_SENSITIVITY_DATA_R2_GRCI_AVAILABLE,artifacts/final_research_handoff_v1/paper_figures/figure_sensitivity.csv,PASS
figures/Figure_Sensitivity_Data.csv,3,cell_size,claim_opportunities,6572,PAPER_CELL_FIGURE_SENSITIVITY_DATA_R3_CLAIM_OPPORTUNITIES,artifacts/final_research_handoff_v1/paper_figures/figure_sensitivity.csv,PASS
figures/Figure_Sensitivity_Data.csv,3,cell_size,expressible,5027,PAPER_CELL_FIGURE_SENSITIVITY_DATA_R3_EXPRESSIBLE,artifacts/final_research_handoff_v1/paper_figures/figure_sensitivity.csv,PASS
figures/Figure_Sensitivity_Data.csv,3,cell_size,abstain,1545,PAPER_CELL_FIGURE_SENSITIVITY_DATA_R3_ABSTAIN,artifacts/final_research_handoff_v1/paper_figures/figure_sensitivity.csv,PASS
figures/Figure_Sensitivity_Data.csv,3,cell_size,rai_available,132,PAPER_CELL_FIGURE_SENSITIVITY_DATA_R3_RAI_AVAILABLE,artifacts/final_research_handoff_v1/paper_figures/figure_sensitivity.csv,PASS
figures/Figure_Sensitivity_Data.csv,3,cell_size,grs_available,694,PAPER_CELL_FIGURE_SENSITIVITY_DATA_R3_GRS_AVAILABLE,artifacts/final_research_handoff_v1/paper_figures/figure_sensitivity.csv,PASS
figures/Figure_Sensitivity_Data.csv,3,cell_size,grci_available,132,PAPER_CELL_FIGURE_SENSITIVITY_DATA_R3_GRCI_AVAILABLE,artifacts/final_research_handoff_v1/paper_figures/figure_sensitivity.csv,PASS
figures/Figure_Sensitivity_Data.csv,4,history_min_observations,arm,20,PAPER_CELL_FIGURE_SENSITIVITY_DATA_R4_ARM,artifacts/final_research_handoff_v1/paper_figures/figure_sensitivity.csv,PASS
figures/Figure_Sensitivity_Data.csv,4,history_min_observations,claim_opportunities,8679,PAPER_CELL_FIGURE_SENSITIVITY_DATA_R4_CLAIM_OPPORTUNITIES,artifacts/final_research_handoff_v1/paper_figures/figure_sensitivity.csv,PASS
figures/Figure_Sensitivity_Data.csv,4,history_min_observations,expressible,6283,PAPER_CELL_FIGURE_SENSITIVITY_DATA_R4_EXPRESSIBLE,artifacts/final_research_handoff_v1/paper_figures/figure_sensitivity.csv,PASS
figures/Figure_Sensitivity_Data.csv,4,history_min_observations,abstain,2396,PAPER_CELL_FIGURE_SENSITIVITY_DATA_R4_ABSTAIN,artifacts/final_research_handoff_v1/paper_figures/figure_sensitivity.csv,PASS
figures/Figure_Sensitivity_Data.csv,4,history_min_observations,rai_available,176,PAPER_CELL_FIGURE_SENSITIVITY_DATA_R4_RAI_AVAILABLE,artifacts/final_research_handoff_v1/paper_figures/figure_sensitivity.csv,PASS
figures/Figure_Sensitivity_Data.csv,4,history_min_observations,grs_available,1211,PAPER_CELL_FIGURE_SENSITIVITY_DATA_R4_GRS_AVAILABLE,artifacts/final_research_handoff_v1/paper_figures/figure_sensitivity.csv,PASS
figures/Figure_Sensitivity_Data.csv,4,history_min_observations,grci_available,176,PAPER_CELL_FIGURE_SENSITIVITY_DATA_R4_GRCI_AVAILABLE,artifacts/final_research_handoff_v1/paper_figures/figure_sensitivity.csv,PASS
figures/Figure_Sensitivity_Data.csv,5,history_min_observations,arm,30,PAPER_CELL_FIGURE_SENSITIVITY_DATA_R5_ARM,artifacts/final_research_handoff_v1/paper_figures/figure_sensitivity.csv,PASS
figures/Figure_Sensitivity_Data.csv,5,history_min_observations,claim_opportunities,8679,PAPER_CELL_FIGURE_SENSITIVITY_DATA_R5_CLAIM_OPPORTUNITIES,artifacts/final_research_handoff_v1/paper_figures/figure_sensitivity.csv,PASS
figures/Figure_Sensitivity_Data.csv,5,history_min_observations,expressible,6279,PAPER_CELL_FIGURE_SENSITIVITY_DATA_R5_EXPRESSIBLE,artifacts/final_research_handoff_v1/paper_figures/figure_sensitivity.csv,PASS
figures/Figure_Sensitivity_Data.csv,5,history_min_observations,abstain,2400,PAPER_CELL_FIGURE_SENSITIVITY_DATA_R5_ABSTAIN,artifacts/final_research_handoff_v1/paper_figures/figure_sensitivity.csv,PASS
figures/Figure_Sensitivity_Data.csv,5,history_min_observations,rai_available,174,PAPER_CELL_FIGURE_SENSITIVITY_DATA_R5_RAI_AVAILABLE,artifacts/final_research_handoff_v1/paper_figures/figure_sensitivity.csv,PASS
figures/Figure_Sensitivity_Data.csv,5,history_min_observations,grs_available,1211,PAPER_CELL_FIGURE_SENSITIVITY_DATA_R5_GRS_AVAILABLE,artifacts/final_research_handoff_v1/paper_figures/figure_sensitivity.csv,PASS
figures/Figure_Sensitivity_Data.csv,5,history_min_observations,grci_available,174,PAPER_CELL_FIGURE_SENSITIVITY_DATA_R5_GRCI_AVAILABLE,artifacts/final_research_handoff_v1/paper_figures/figure_sensitivity.csv,PASS
figures/Figure_Sensitivity_Data.csv,6,history_min_observations,arm,40,PAPER_CELL_FIGURE_SENSITIVITY_DATA_R6_ARM,artifacts/final_research_handoff_v1/paper_figures/figure_sensitivity.csv,PASS
figures/Figure_Sensitivity_Data.csv,6,history_min_observations,claim_opportunities,8679,PAPER_CELL_FIGURE_SENSITIVITY_DATA_R6_CLAIM_OPPORTUNITIES,artifacts/final_research_handoff_v1/paper_figures/figure_sensitivity.csv,PASS
figures/Figure_Sensitivity_Data.csv,6,history_min_observations,expressible,6275,PAPER_CELL_FIGURE_SENSITIVITY_DATA_R6_EXPRESSIBLE,artifacts/final_research_handoff_v1/paper_figures/figure_sensitivity.csv,PASS
figures/Figure_Sensitivity_Data.csv,6,history_min_observations,abstain,2404,PAPER_CELL_FIGURE_SENSITIVITY_DATA_R6_ABSTAIN,artifacts/final_research_handoff_v1/paper_figures/figure_sensitivity.csv,PASS
figures/Figure_Sensitivity_Data.csv,6,history_min_observations,rai_available,172,PAPER_CELL_FIGURE_SENSITIVITY_DATA_R6_RAI_AVAILABLE,artifacts/final_research_handoff_v1/paper_figures/figure_sensitivity.csv,PASS
figures/Figure_Sensitivity_Data.csv,6,history_min_observations,grs_available,1211,PAPER_CELL_FIGURE_SENSITIVITY_DATA_R6_GRS_AVAILABLE,artifacts/final_research_handoff_v1/paper_figures/figure_sensitivity.csv,PASS
figures/Figure_Sensitivity_Data.csv,6,history_min_observations,grci_available,172,PAPER_CELL_FIGURE_SENSITIVITY_DATA_R6_GRCI_AVAILABLE,artifacts/final_research_handoff_v1/paper_figures/figure_sensitivity.csv,PASS
figures/Figure_Sensitivity_Data.csv,7,rai_saturation_robust_z,arm,2,PAPER_CELL_FIGURE_SENSITIVITY_DATA_R7_ARM,artifacts/final_research_handoff_v1/paper_figures/figure_sensitivity.csv,PASS
figures/Figure_Sensitivity_Data.csv,7,rai_saturation_robust_z,claim_opportunities,8679,PAPER_CELL_FIGURE_SENSITIVITY_DATA_R7_CLAIM_OPPORTUNITIES,artifacts/final_research_handoff_v1/paper_figures/figure_sensitivity.csv,PASS
figures/Figure_Sensitivity_Data.csv,7,rai_saturation_robust_z,expressible,6279,PAPER_CELL_FIGURE_SENSITIVITY_DATA_R7_EXPRESSIBLE,artifacts/final_research_handoff_v1/paper_figures/figure_sensitivity.csv,PASS
figures/Figure_Sensitivity_Data.csv,7,rai_saturation_robust_z,abstain,2400,PAPER_CELL_FIGURE_SENSITIVITY_DATA_R7_ABSTAIN,artifacts/final_research_handoff_v1/paper_figures/figure_sensitivity.csv,PASS
figures/Figure_Sensitivity_Data.csv,7,rai_saturation_robust_z,rai_available,174,PAPER_CELL_FIGURE_SENSITIVITY_DATA_R7_RAI_AVAILABLE,artifacts/final_research_handoff_v1/paper_figures/figure_sensitivity.csv,PASS
figures/Figure_Sensitivity_Data.csv,7,rai_saturation_robust_z,grs_available,1211,PAPER_CELL_FIGURE_SENSITIVITY_DATA_R7_GRS_AVAILABLE,artifacts/final_research_handoff_v1/paper_figures/figure_sensitivity.csv,PASS
figures/Figure_Sensitivity_Data.csv,7,rai_saturation_robust_z,grci_available,174,PAPER_CELL_FIGURE_SENSITIVITY_DATA_R7_GRCI_AVAILABLE,artifacts/final_research_handoff_v1/paper_figures/figure_sensitivity.csv,PASS
figures/Figure_Sensitivity_Data.csv,7,rai_saturation_robust_z,claim_transition,0,PAPER_CELL_FIGURE_SENSITIVITY_DATA_R7_CLAIM_TRANSITION,artifacts/final_research_handoff_v1/paper_figures/figure_sensitivity.csv,PASS
figures/Figure_Sensitivity_Data.csv,8,rai_saturation_robust_z,arm,3,PAPER_CELL_FIGURE_SENSITIVITY_DATA_R8_ARM,artifacts/final_research_handoff_v1/paper_figures/figure_sensitivity.csv,PASS
figures/Figure_Sensitivity_Data.csv,8,rai_saturation_robust_z,claim_opportunities,8679,PAPER_CELL_FIGURE_SENSITIVITY_DATA_R8_CLAIM_OPPORTUNITIES,artifacts/final_research_handoff_v1/paper_figures/figure_sensitivity.csv,PASS
figures/Figure_Sensitivity_Data.csv,8,rai_saturation_robust_z,expressible,6279,PAPER_CELL_FIGURE_SENSITIVITY_DATA_R8_EXPRESSIBLE,artifacts/final_research_handoff_v1/paper_figures/figure_sensitivity.csv,PASS
figures/Figure_Sensitivity_Data.csv,8,rai_saturation_robust_z,abstain,2400,PAPER_CELL_FIGURE_SENSITIVITY_DATA_R8_ABSTAIN,artifacts/final_research_handoff_v1/paper_figures/figure_sensitivity.csv,PASS
figures/Figure_Sensitivity_Data.csv,8,rai_saturation_robust_z,rai_available,174,PAPER_CELL_FIGURE_SENSITIVITY_DATA_R8_RAI_AVAILABLE,artifacts/final_research_handoff_v1/paper_figures/figure_sensitivity.csv,PASS
figures/Figure_Sensitivity_Data.csv,8,rai_saturation_robust_z,grs_available,1211,PAPER_CELL_FIGURE_SENSITIVITY_DATA_R8_GRS_AVAILABLE,artifacts/final_research_handoff_v1/paper_figures/figure_sensitivity.csv,PASS
figures/Figure_Sensitivity_Data.csv,8,rai_saturation_robust_z,grci_available,174,PAPER_CELL_FIGURE_SENSITIVITY_DATA_R8_GRCI_AVAILABLE,artifacts/final_research_handoff_v1/paper_figures/figure_sensitivity.csv,PASS
figures/Figure_Sensitivity_Data.csv,8,rai_saturation_robust_z,claim_transition,0,PAPER_CELL_FIGURE_SENSITIVITY_DATA_R8_CLAIM_TRANSITION,artifacts/final_research_handoff_v1/paper_figures/figure_sensitivity.csv,PASS
figures/Figure_Sensitivity_Data.csv,9,rai_saturation_robust_z,arm,4,PAPER_CELL_FIGURE_SENSITIVITY_DATA_R9_ARM,artifacts/final_research_handoff_v1/paper_figures/figure_sensitivity.csv,PASS
figures/Figure_Sensitivity_Data.csv,9,rai_saturation_robust_z,claim_opportunities,8679,PAPER_CELL_FIGURE_SENSITIVITY_DATA_R9_CLAIM_OPPORTUNITIES,artifacts/final_research_handoff_v1/paper_figures/figure_sensitivity.csv,PASS
figures/Figure_Sensitivity_Data.csv,9,rai_saturation_robust_z,expressible,6279,PAPER_CELL_FIGURE_SENSITIVITY_DATA_R9_EXPRESSIBLE,artifacts/final_research_handoff_v1/paper_figures/figure_sensitivity.csv,PASS
figures/Figure_Sensitivity_Data.csv,9,rai_saturation_robust_z,abstain,2400,PAPER_CELL_FIGURE_SENSITIVITY_DATA_R9_ABSTAIN,artifacts/final_research_handoff_v1/paper_figures/figure_sensitivity.csv,PASS
figures/Figure_Sensitivity_Data.csv,9,rai_saturation_robust_z,rai_available,174,PAPER_CELL_FIGURE_SENSITIVITY_DATA_R9_RAI_AVAILABLE,artifacts/final_research_handoff_v1/paper_figures/figure_sensitivity.csv,PASS
figures/Figure_Sensitivity_Data.csv,9,rai_saturation_robust_z,grs_available,1211,PAPER_CELL_FIGURE_SENSITIVITY_DATA_R9_GRS_AVAILABLE,artifacts/final_research_handoff_v1/paper_figures/figure_sensitivity.csv,PASS
figures/Figure_Sensitivity_Data.csv,9,rai_saturation_robust_z,grci_available,174,PAPER_CELL_FIGURE_SENSITIVITY_DATA_R9_GRCI_AVAILABLE,artifacts/final_research_handoff_v1/paper_figures/figure_sensitivity.csv,PASS
figures/Figure_Sensitivity_Data.csv,9,rai_saturation_robust_z,claim_transition,0,PAPER_CELL_FIGURE_SENSITIVITY_DATA_R9_CLAIM_TRANSITION,artifacts/final_research_handoff_v1/paper_figures/figure_sensitivity.csv,PASS
tables/Table_3_Main_Comparison.csv,3,P_PROPOSED,post_audit_pass,45/45,STAGE7B_P_POST_AUDIT_PASS,artifacts/stage7b_main_comparison_v1/P_post_audit_summary.csv,PASS
figures/Figure_Main_Experiment_Data.csv,3,P_PROPOSED,post_audit_pass,45/45,STAGE7B_P_POST_AUDIT_PASS,artifacts/stage7b_main_comparison_v1/P_post_audit_summary.csv,PASS
