warning,old_result,why_invalid,correct_result,superseded_by,must_not_use_in_paper
DO NOT USE THESE VALUES IN MANUSCRIPT,Stage7C v1/v1.1 automatic evaluation summaries,later deterministic closure corrected denominator and boundary handling,use Stage7C v1.2 final closure only,stage7c-main-auto-evaluation-v1.2-frozen,true
DO NOT USE THESE VALUES IN MANUSCRIPT,A3 numeric drift = 149,Python Unicode \w boundary prevented numbers adjacent to Chinese characters from tokenizing,"strict 149/149 exact, drift=0; secondary 164/164 exact, drift=0",stage7e-ablation-execution-v1.1a-final-machine-results,true
DO NOT USE THESE VALUES IN MANUSCRIPT,A4 numeric denominator = 164,"164 was a secondary A3 mapped-claim denominator, not the frozen A4 numeric FactLock universe",A4 numeric FactLocks 162/171 used; 9 omitted; referenced 162/162 exact,stage7e-ablation-execution-v1.1a-final-machine-results,true
DO NOT USE THESE VALUES IN MANUSCRIPT,A1 is executable or has zero effect,frozen 48-task benchmark contains no concrete gate-bypass candidates,NOT_EXECUTABLE_ON_FROZEN_48_TASK_BENCHMARK / NO_CONCRETE_GATE_BYPASS_CANDIDATES,stage7e-ablation-execution-v1.1a-final-machine-results,true
DO NOT USE THESE VALUES IN MANUSCRIPT,Stage7D benchmark null means bitemporal state has no value,48 held-out tasks have zero overlap with the 53 revision events,"report null alignment separately; full census has 53 events, GRS 36 changes, 27 decision switches, 540 additions",stage7d-bitemporal-value-v1.1a-frozen,true
DO NOT USE THESE VALUES IN MANUSCRIPT,GRCI = sqrt(RAI * GRS),stale Stage7F protocol description conflicted with frozen implementation,GRCI = RAI * GRS,stage7f-sensitivity-execution-v1.1-final-machine-results,true
DO NOT USE THESE VALUES IN MANUSCRIPT,GRS uses one global maximum,stale Stage7F metadata collapsed two aggregation levels,dimension=max_mapped_attention; state=mean_non_null_dimension_attention,stage7f-sensitivity-execution-v1.1-final-machine-results,true
DO NOT USE THESE VALUES IN MANUSCRIPT,20m is a clean robustness arm or 5-20m are equally robust,"20m has 90 role conflicts, 23 point undercoverage and 76 interval undercoverage",20m is COARSE_RESOLUTION_STRESS_TEST beyond native validity boundary,stage7f-sensitivity-execution-v1.1-final-machine-results,true
DO NOT USE THESE VALUES IN MANUSCRIPT,Stage3A v1 point response links are complete,old v1 omitted trusted POINT mechanical response linkage,use Stage3A v1.1 point-response-complete,artifacts/stage3a_initial_epistemic_state_v1_1/freeze_manifest.json,true
