active_asof_version_id,cell_id,included_bitemporal_version_ids,knowledge_boundary,multiple_versions_for_same_cell,status,superseded_version_ids,task_id,valid_date
bitemporal_version_0fe4f28f30bcde0cc1b2cf31,cell_3d2558b73586465c51997f14,bitemporal_version_0fe4f28f30bcde0cc1b2cf31,2023-10-07,false,PASS,,stage7_main_task_000,2023-10-07
bitemporal_version_896b6cdef1575f39d0b9e441,cell_d633c30ff9721d955f08a540,bitemporal_version_896b6cdef1575f39d0b9e441,2023-12-28,false,PASS,,stage7_main_task_001,2023-12-28
bitemporal_version_0d5cb098f47e01f501eaba27,cell_007ae6b7a81e2b90469a65fa,bitemporal_version_0d5cb098f47e01f501eaba27;bitemporal_version_15d74c99d1a3d45dd339d513,2023-11-18,true,SUPERSEDED_EXPOSED,bitemporal_version_15d74c99d1a3d45dd339d513,stage7_main_task_002,2023-11-17
bitemporal_version_623f48c8a2398ae7604e93b6,cell_74760c064abb487c9a1b536d,bitemporal_version_623f48c8a2398ae7604e93b6;bitemporal_version_65d5f80eced5716713a4fdb8,2023-11-18,true,SUPERSEDED_EXPOSED,bitemporal_version_65d5f80eced5716713a4fdb8,stage7_main_task_002,2023-11-17
bitemporal_version_02d28ec2df7c79a3dd141295,cell_eb2c3c433c9ba2151c8c98b3,bitemporal_version_02d28ec2df7c79a3dd141295;bitemporal_version_f7338f8e24ed5801bac6b24d,2023-11-18,true,SUPERSEDED_EXPOSED,bitemporal_version_f7338f8e24ed5801bac6b24d,stage7_main_task_002,2023-11-17
bitemporal_version_8e54371853e5324ba263e140,cell_1843a9337ceb7ea09519935e,bitemporal_version_8e54371853e5324ba263e140,2023-10-02,false,PASS,,stage7_main_task_003,2023-10-02
bitemporal_version_83f6b003c91a25e7bf490d1c,cell_24b399ee6cea6a9d1d537cd9,bitemporal_version_83f6b003c91a25e7bf490d1c,2023-12-20,false,PASS,,stage7_main_task_004,2023-12-20
bitemporal_version_1e9a100bc744755b35195499,cell_759e1199e2f480da6470348f,bitemporal_version_1e9a100bc744755b35195499,2023-09-28,false,PASS,,stage7_main_task_005,2023-09-28
bitemporal_version_4834a4738caf0ce9deda4ebc,cell_2a26eb473c9d5c29f1fb18e5,bitemporal_version_4834a4738caf0ce9deda4ebc,2023-10-28,false,PASS,,stage7_main_task_006,2023-10-28
bitemporal_version_4a854c050c003733a110bebc,cell_cdc5039d5b825fe6a11681a2,bitemporal_version_4a854c050c003733a110bebc,2023-12-29,false,PASS,,stage7_main_task_007,2023-12-29
bitemporal_version_9f8d29b5e3da9cf362c7bfea,cell_e6909af68ebeb6da8c963bf6,bitemporal_version_9f8d29b5e3da9cf362c7bfea,2023-11-13,false,PASS,,stage7_main_task_008,2023-11-13
bitemporal_version_711502719d76bb990750c5c0,cell_74760c064abb487c9a1b536d,bitemporal_version_711502719d76bb990750c5c0,2023-11-18,false,PASS,,stage7_main_task_009,2023-11-18
bitemporal_version_cbe6f3f9e0f596bc88ed69c9,cell_18dcb188dff729ae040f264a,bitemporal_version_cbe6f3f9e0f596bc88ed69c9,2023-12-09,false,PASS,,stage7_main_task_010,2023-12-09
bitemporal_version_481174774170041aba15861e,cell_63f0b623e1aa623002144e00,bitemporal_version_481174774170041aba15861e,2023-12-09,false,PASS,,stage7_main_task_010,2023-12-09
bitemporal_version_12081a43b7b3b8ce3a94869b,cell_74aee36f89ce05bc1be1552b,bitemporal_version_12081a43b7b3b8ce3a94869b,2023-12-09,false,PASS,,stage7_main_task_010,2023-12-09
bitemporal_version_cc71db4e9d96606c1b707095,cell_007ae6b7a81e2b90469a65fa,bitemporal_version_cc71db4e9d96606c1b707095,2023-11-22,false,PASS,,stage7_main_task_011,2023-11-22
bitemporal_version_82262bba3ee42a2b63e4de6a,cell_09ba3be6b7c383abc8f38eb2,bitemporal_version_82262bba3ee42a2b63e4de6a,2023-11-22,false,PASS,,stage7_main_task_011,2023-11-22
bitemporal_version_bfa4bef98835dfa287e289c5,cell_1a79c4be59c0faaa67f15970,bitemporal_version_bfa4bef98835dfa287e289c5,2023-11-22,false,PASS,,stage7_main_task_011,2023-11-22
bitemporal_version_60b7bc8afef2de12caf7eda6,cell_4d176d99ebe3ce580aa54210,bitemporal_version_60b7bc8afef2de12caf7eda6,2023-11-22,false,PASS,,stage7_main_task_011,2023-11-22
bitemporal_version_edddab05bf6ba79fa0925e75,cell_74760c064abb487c9a1b536d,bitemporal_version_edddab05bf6ba79fa0925e75,2023-11-22,false,PASS,,stage7_main_task_011,2023-11-22
bitemporal_version_5c9ddf895806d919939db9b1,cell_755f0624cffe8fc133dd76a0,bitemporal_version_5c9ddf895806d919939db9b1,2023-11-22,false,PASS,,stage7_main_task_011,2023-11-22
bitemporal_version_831ac0a15128a286445a35af,cell_84a0fd97f5093abedccb6ecb,bitemporal_version_831ac0a15128a286445a35af,2023-11-22,false,PASS,,stage7_main_task_011,2023-11-22
bitemporal_version_c4159daed74e98f8baa9ec28,cell_8d1c49d3e1718f64fcb81f76,bitemporal_version_c4159daed74e98f8baa9ec28,2023-11-22,false,PASS,,stage7_main_task_011,2023-11-22
bitemporal_version_08d998a78501d5d6a920e96b,cell_8e31894debfd91db79f6b261,bitemporal_version_08d998a78501d5d6a920e96b,2023-11-22,false,PASS,,stage7_main_task_011,2023-11-22
bitemporal_version_7f5e2e2ddacdd13029e4ca42,cell_96c0aad794c12294c62b9b04,bitemporal_version_7f5e2e2ddacdd13029e4ca42,2023-11-22,false,PASS,,stage7_main_task_011,2023-11-22
bitemporal_version_bc2c76285db51f4b2cdd2619,cell_aa9a31d2a4df8d15e2b4d46f,bitemporal_version_bc2c76285db51f4b2cdd2619,2023-11-22,false,PASS,,stage7_main_task_011,2023-11-22
bitemporal_version_34a7af8cb322ed9d0fb15c4e,cell_b798b66695446a0f518c3244,bitemporal_version_34a7af8cb322ed9d0fb15c4e,2023-11-22,false,PASS,,stage7_main_task_011,2023-11-22
bitemporal_version_e1f57ba8d8a1aae167594462,cell_ba71aad8523a714a32b0c788,bitemporal_version_e1f57ba8d8a1aae167594462,2023-11-22,false,PASS,,stage7_main_task_011,2023-11-22
bitemporal_version_7c97c30e9d66acb82d7e97f3,cell_eb2c3c433c9ba2151c8c98b3,bitemporal_version_7c97c30e9d66acb82d7e97f3,2023-11-22,false,PASS,,stage7_main_task_011,2023-11-22
bitemporal_version_0a6efbacb85445d05d95e41a,cell_ff5e7be1c6332ee68423a3aa,bitemporal_version_0a6efbacb85445d05d95e41a,2023-11-22,false,PASS,,stage7_main_task_011,2023-11-22
bitemporal_version_546af95576f59984c40e6a5e,cell_b0aefb4d3bc9706a5f861ff1,bitemporal_version_546af95576f59984c40e6a5e,2023-12-23,false,PASS,,stage7_main_task_012,2023-12-23
bitemporal_version_619cef753d09525b03a8cf6d,cell_05f32b18f2a5c3e7cdc8a3bf,bitemporal_version_619cef753d09525b03a8cf6d,2023-09-17,false,PASS,,stage7_main_task_013,2023-09-17
bitemporal_version_430fe0deb57ac6302a452f3a,cell_0e03d8262312cadde60398fe,bitemporal_version_430fe0deb57ac6302a452f3a,2023-10-28,false,PASS,,stage7_main_task_014,2023-10-28
bitemporal_version_efc4ef5679e58a119c0f03f6,cell_121053c3508b6529026d1b1e,bitemporal_version_efc4ef5679e58a119c0f03f6,2023-10-28,false,PASS,,stage7_main_task_014,2023-10-28
bitemporal_version_4834a4738caf0ce9deda4ebc,cell_2a26eb473c9d5c29f1fb18e5,bitemporal_version_4834a4738caf0ce9deda4ebc,2023-10-28,false,PASS,,stage7_main_task_014,2023-10-28
bitemporal_version_2eb5d01595ceb3bda614f7a0,cell_6a1588be58e9c5a91d6b2534,bitemporal_version_2eb5d01595ceb3bda614f7a0,2023-10-28,false,PASS,,stage7_main_task_014,2023-10-28
bitemporal_version_638e913706e37530ae2f2b1f,cell_6ab76a141b599fbf0d333f38,bitemporal_version_638e913706e37530ae2f2b1f,2023-10-28,false,PASS,,stage7_main_task_014,2023-10-28
bitemporal_version_e69ae8435c46ea94354fcb80,cell_94715b3df97ea9686ead3cfe,bitemporal_version_e69ae8435c46ea94354fcb80,2023-10-28,false,PASS,,stage7_main_task_014,2023-10-28
bitemporal_version_b6730d155489b01735c7a817,cell_96b4757cd7a8528a4fb821e7,bitemporal_version_b6730d155489b01735c7a817,2023-10-28,false,PASS,,stage7_main_task_014,2023-10-28
bitemporal_version_1c8fdbee108a3dcfde84a93d,cell_99da166b69111be7d832d179,bitemporal_version_1c8fdbee108a3dcfde84a93d,2023-10-28,false,PASS,,stage7_main_task_014,2023-10-28
bitemporal_version_24aeef8318dd98edaa65f6d0,cell_9fe846ed7daeaf28b6a6e918,bitemporal_version_24aeef8318dd98edaa65f6d0,2023-10-28,false,PASS,,stage7_main_task_014,2023-10-28
bitemporal_version_c0ac54ff9e429bf32de64d2b,cell_a9e80bb164104fa9f94acd7a,bitemporal_version_c0ac54ff9e429bf32de64d2b,2023-10-28,false,PASS,,stage7_main_task_014,2023-10-28
bitemporal_version_8b432e6bc44d04eccc6d234c,cell_b1b5dac189844b4209fccbad,bitemporal_version_8b432e6bc44d04eccc6d234c,2023-10-28,false,PASS,,stage7_main_task_014,2023-10-28
bitemporal_version_73aee85ec14c96cc2478087e,cell_c8a195ce5490d52eac969260,bitemporal_version_73aee85ec14c96cc2478087e,2023-10-28,false,PASS,,stage7_main_task_014,2023-10-28
bitemporal_version_1d3a13ef3e6539cdb0f5a656,cell_cbfc1284b8ff0a829fc000d1,bitemporal_version_1d3a13ef3e6539cdb0f5a656,2023-10-28,false,PASS,,stage7_main_task_014,2023-10-28
bitemporal_version_68638b424dd812a8d79b12f5,cell_d8fa56c73ebc8ef37293fd07,bitemporal_version_68638b424dd812a8d79b12f5,2023-10-28,false,PASS,,stage7_main_task_014,2023-10-28
bitemporal_version_36462c506f8ae42a35ff2be0,cell_faa7efd3c3e249cc878fd291,bitemporal_version_36462c506f8ae42a35ff2be0,2023-10-28,false,PASS,,stage7_main_task_014,2023-10-28
bitemporal_version_42680b83a326f464b92d95e5,cell_fccd76a8459740ecc3617390,bitemporal_version_42680b83a326f464b92d95e5,2023-10-28,false,PASS,,stage7_main_task_014,2023-10-28
bitemporal_version_fbd7f672df99142de44a8e7e,cell_185eefb1956ac00e6e6c4239,bitemporal_version_fbd7f672df99142de44a8e7e,2023-12-28,false,PASS,,stage7_main_task_015,2023-12-28
bitemporal_version_bdbf8db3cd84bd0c9df3adb0,cell_24b399ee6cea6a9d1d537cd9,bitemporal_version_bdbf8db3cd84bd0c9df3adb0,2023-12-28,false,PASS,,stage7_main_task_015,2023-12-28
bitemporal_version_465ae8d70b2be6de880ed63b,cell_5ee6c0a84a9a7c9c26f550a8,bitemporal_version_465ae8d70b2be6de880ed63b,2023-12-28,false,PASS,,stage7_main_task_015,2023-12-28
bitemporal_version_63e89bd80f0acc368743bdb3,cell_679e9857384de37e21b7e8c3,bitemporal_version_63e89bd80f0acc368743bdb3,2023-12-28,false,PASS,,stage7_main_task_015,2023-12-28
bitemporal_version_92cc963c3e2e3eaf4ddca550,cell_808b3bd148c7398a6acfe429,bitemporal_version_92cc963c3e2e3eaf4ddca550,2023-12-28,false,PASS,,stage7_main_task_015,2023-12-28
bitemporal_version_6c92d37dea8ad2396d2de433,cell_8daeb32ef201b43aa2396d30,bitemporal_version_6c92d37dea8ad2396d2de433,2023-12-28,false,PASS,,stage7_main_task_015,2023-12-28
bitemporal_version_339f6e502cf8b966239acb5f,cell_9a9745f01c52edcb50fb088f,bitemporal_version_339f6e502cf8b966239acb5f,2023-12-28,false,PASS,,stage7_main_task_015,2023-12-28
bitemporal_version_71a4526b43fd2417741ba2ab,cell_b0aefb4d3bc9706a5f861ff1,bitemporal_version_71a4526b43fd2417741ba2ab,2023-12-28,false,PASS,,stage7_main_task_015,2023-12-28
bitemporal_version_2e5806b81aad51eb5ebeaa35,cell_baa0129877491a16a221c738,bitemporal_version_2e5806b81aad51eb5ebeaa35,2023-12-28,false,PASS,,stage7_main_task_015,2023-12-28
bitemporal_version_59e8872b5b535382bedec398,cell_cdc5039d5b825fe6a11681a2,bitemporal_version_59e8872b5b535382bedec398,2023-12-28,false,PASS,,stage7_main_task_015,2023-12-28
bitemporal_version_ffdf682012831ff0ed087362,cell_ce28cbcbff1448def0120b58,bitemporal_version_ffdf682012831ff0ed087362,2023-12-28,false,PASS,,stage7_main_task_015,2023-12-28
bitemporal_version_896b6cdef1575f39d0b9e441,cell_d633c30ff9721d955f08a540,bitemporal_version_896b6cdef1575f39d0b9e441,2023-12-28,false,PASS,,stage7_main_task_015,2023-12-28
bitemporal_version_8ece2502a4a1d9afc128d6d4,cell_dc3cb4a34f23706944e9a6cd,bitemporal_version_8ece2502a4a1d9afc128d6d4,2023-12-28,false,PASS,,stage7_main_task_015,2023-12-28
bitemporal_version_403b6e11a6da12815992bf16,cell_ea85c22cdbb2abd8b322b425,bitemporal_version_403b6e11a6da12815992bf16,2023-12-28,false,PASS,,stage7_main_task_015,2023-12-28
bitemporal_version_ecfff63efd0fadd2c962f655,cell_ffdbcf9fbc1ae90da8718779,bitemporal_version_ecfff63efd0fadd2c962f655,2023-09-22,false,PASS,,stage7_main_task_016,2023-09-22
bitemporal_version_0758798216ebb581804e6756,cell_e64cfd0ce48c0a1b76f17f99,bitemporal_version_0758798216ebb581804e6756,2023-10-14,false,PASS,,stage7_main_task_017,2023-10-14
bitemporal_version_cd9311e94cefd6b4c4fac751,cell_15ba0458e0da9d03f0b43817,bitemporal_version_cd9311e94cefd6b4c4fac751,2023-10-08,false,PASS,,stage7_main_task_018,2023-10-08
bitemporal_version_1edd89f74d2060787ee2c499,cell_43fd94ae193227608247e217,bitemporal_version_1edd89f74d2060787ee2c499,2023-10-08,false,PASS,,stage7_main_task_018,2023-10-08
bitemporal_version_257a725a28a8e367cef68cb7,cell_fdd3167c8ebd633010aa0306,bitemporal_version_257a725a28a8e367cef68cb7,2023-10-08,false,PASS,,stage7_main_task_018,2023-10-08
bitemporal_version_3cd37f13a0b718c14a51ef09,cell_ef1e570e1653555101dff5f3,bitemporal_version_3cd37f13a0b718c14a51ef09,2023-09-15,false,PASS,,stage7_main_task_019,2023-09-15
bitemporal_version_4dd200af4006c5407b2cccb6,cell_012f9a7ab4b7443b96de1240,bitemporal_version_4dd200af4006c5407b2cccb6,2023-12-03,false,PASS,,stage7_main_task_020,2023-12-02
bitemporal_version_28ac848e9b804e8fabc83913,cell_1786a4b270fc12b3e2cbde93,bitemporal_version_28ac848e9b804e8fabc83913,2023-12-03,false,PASS,,stage7_main_task_020,2023-12-02
bitemporal_version_192a88dbb6d7c5b082367627,cell_1f11a05f3bcc69dd553318b8,bitemporal_version_192a88dbb6d7c5b082367627,2023-12-03,false,PASS,,stage7_main_task_020,2023-12-02
bitemporal_version_0ff50cc91bccb69579fdb03b,cell_3c06fd31dd7df6b969bdbc8f,bitemporal_version_0ff50cc91bccb69579fdb03b,2023-12-03,false,PASS,,stage7_main_task_020,2023-12-02
bitemporal_version_ac6c85a962a4b63aabacea8c,cell_7f60fb415d2265a3f3a9e060,bitemporal_version_ac6c85a962a4b63aabacea8c,2023-12-03,false,PASS,,stage7_main_task_020,2023-12-02
bitemporal_version_fe231fdd0edfc0f6cc689ae4,cell_a356e7fd53aed114c2239ae5,bitemporal_version_fe231fdd0edfc0f6cc689ae4,2023-12-03,false,PASS,,stage7_main_task_020,2023-12-02
bitemporal_version_6bb26433aad07568bd59cb70,cell_af293191decaff8df7b1d72b,bitemporal_version_6bb26433aad07568bd59cb70,2023-12-03,false,PASS,,stage7_main_task_020,2023-12-02
bitemporal_version_84580164ee54832b16cdaa64,cell_b6d670d0cd786f4441e43f36,bitemporal_version_84580164ee54832b16cdaa64,2023-12-03,false,PASS,,stage7_main_task_020,2023-12-02
bitemporal_version_8b101b3735a8e58ce6c004ad,cell_b78c8fe752bb215ebc415f65,bitemporal_version_8b101b3735a8e58ce6c004ad,2023-12-03,false,PASS,,stage7_main_task_020,2023-12-02
bitemporal_version_61ecaa6077d098fae7b60568,cell_b798b66695446a0f518c3244,bitemporal_version_61ecaa6077d098fae7b60568,2023-12-03,false,PASS,,stage7_main_task_020,2023-12-02
bitemporal_version_5c5c1d321c5acc26b9abd8fe,cell_bf64fbf6243db5ccc68f8d6e,bitemporal_version_5c5c1d321c5acc26b9abd8fe,2023-12-03,false,PASS,,stage7_main_task_020,2023-12-02
bitemporal_version_115ac45b1531b0fd6db91bdc,cell_cbe6f12faedc4a536f287879,bitemporal_version_115ac45b1531b0fd6db91bdc;bitemporal_version_fc6bbbd1e543d39b6aa45919,2023-12-03,true,SUPERSEDED_EXPOSED,bitemporal_version_fc6bbbd1e543d39b6aa45919,stage7_main_task_020,2023-12-02
bitemporal_version_756f32585cdad159d2242070,cell_e05c5d458652315d2804569f,bitemporal_version_756f32585cdad159d2242070;bitemporal_version_f8cd633f7f9c36e1900da6e8,2023-12-03,true,SUPERSEDED_EXPOSED,bitemporal_version_f8cd633f7f9c36e1900da6e8,stage7_main_task_020,2023-12-02
bitemporal_version_4b641e732d48223681e74e5c,cell_ee76ecb149a38cfe2eff82bf,bitemporal_version_4b641e732d48223681e74e5c,2023-12-03,false,PASS,,stage7_main_task_020,2023-12-02
bitemporal_version_cabf72e5c673596be494b5ee,cell_0c1a8a5de6439f092738b956,bitemporal_version_cabf72e5c673596be494b5ee,2023-12-19,false,PASS,,stage7_main_task_021,2023-12-18
bitemporal_version_5c8e58ea2a1b05ecf8963d45,cell_18dcb188dff729ae040f264a,bitemporal_version_5c8e58ea2a1b05ecf8963d45,2023-12-19,false,PASS,,stage7_main_task_021,2023-12-18
bitemporal_version_e3a48a5f6994ff54730f3394,cell_3f0b8f25291fde24a559e007,bitemporal_version_e3a48a5f6994ff54730f3394,2023-12-19,false,PASS,,stage7_main_task_021,2023-12-18
bitemporal_version_fe80e12dadec0d1607aa739e,cell_45e09953a5ddef4462c0a147,bitemporal_version_fe80e12dadec0d1607aa739e,2023-12-19,false,PASS,,stage7_main_task_021,2023-12-18
bitemporal_version_ab411b02e5655dbb832046f9,cell_51ca099470b9519c3f21c337,bitemporal_version_ab411b02e5655dbb832046f9,2023-12-19,false,PASS,,stage7_main_task_021,2023-12-18
bitemporal_version_4f1f4bcd48988fda803b7b16,cell_58560187f2076d85b5a6f74a,bitemporal_version_4f1f4bcd48988fda803b7b16,2023-12-19,false,PASS,,stage7_main_task_021,2023-12-18
bitemporal_version_6d1e17a2b701f85c24fd341f,cell_63f0b623e1aa623002144e00,bitemporal_version_6d1e17a2b701f85c24fd341f,2023-12-19,false,PASS,,stage7_main_task_021,2023-12-18
bitemporal_version_304e54396fecdd90a362eb34,cell_64ff35e15826ff3f4f73e53f,bitemporal_version_26a031713c7d96da26407e9e;bitemporal_version_304e54396fecdd90a362eb34,2023-12-19,true,SUPERSEDED_EXPOSED,bitemporal_version_26a031713c7d96da26407e9e,stage7_main_task_021,2023-12-18
bitemporal_version_08bdb7abfcb9aece891abd98,cell_74aee36f89ce05bc1be1552b,bitemporal_version_08bdb7abfcb9aece891abd98,2023-12-19,false,PASS,,stage7_main_task_021,2023-12-18
bitemporal_version_e5bbdba4470a5f716c642573,cell_8daeb32ef201b43aa2396d30,bitemporal_version_60a47a5fd984377b63e4a326;bitemporal_version_e5bbdba4470a5f716c642573,2023-12-19,true,SUPERSEDED_EXPOSED,bitemporal_version_60a47a5fd984377b63e4a326,stage7_main_task_021,2023-12-18
bitemporal_version_edffb25e2b8cb8fb7da98105,cell_9cfca22fbc766370829a5d1b,bitemporal_version_edffb25e2b8cb8fb7da98105,2023-12-19,false,PASS,,stage7_main_task_021,2023-12-18
bitemporal_version_10ac3ab58ad9405eb52355a3,cell_a7cf03a43029172147498f1d,bitemporal_version_10ac3ab58ad9405eb52355a3,2023-12-19,false,PASS,,stage7_main_task_021,2023-12-18
bitemporal_version_ea8f0838e5f0c5364da9b1bb,cell_a988b2656051f7e18ac637e4,bitemporal_version_bf4d81b432532e9e60676187;bitemporal_version_ea8f0838e5f0c5364da9b1bb,2023-12-19,true,SUPERSEDED_EXPOSED,bitemporal_version_bf4d81b432532e9e60676187,stage7_main_task_021,2023-12-18
bitemporal_version_f58d0de6bd7712e1540b640e,cell_e74dbbf425d6747d204d3810,bitemporal_version_f58d0de6bd7712e1540b640e,2023-12-19,false,PASS,,stage7_main_task_021,2023-12-18
bitemporal_version_537df6363dc17f00de7f8ebd,cell_eb963d9033a751600f00caf8,bitemporal_version_537df6363dc17f00de7f8ebd,2023-12-19,false,PASS,,stage7_main_task_021,2023-12-18
bitemporal_version_156d5b272e3e7b11ac2ded03,cell_146050071152b2bd18f8a541,bitemporal_version_156d5b272e3e7b11ac2ded03;bitemporal_version_814ecfe74f72db3e0a3ce19d,2023-11-06,true,SUPERSEDED_EXPOSED,bitemporal_version_814ecfe74f72db3e0a3ce19d,stage7_main_task_022,2023-11-05
bitemporal_version_cbe6f3f9e0f596bc88ed69c9,cell_18dcb188dff729ae040f264a,bitemporal_version_cbe6f3f9e0f596bc88ed69c9,2023-12-09,false,PASS,,stage7_main_task_023,2023-12-09
bitemporal_version_fe3f915a22ed341d647d39b7,cell_64ff35e15826ff3f4f73e53f,bitemporal_version_0e8be71918da1a425a24a09a;bitemporal_version_fe3f915a22ed341d647d39b7,2023-12-17,true,SUPERSEDED_EXPOSED,bitemporal_version_0e8be71918da1a425a24a09a,stage7_main_task_024,2023-12-16
bitemporal_version_c3c84c16e72a8d2cd7f5291c,cell_0c1a8a5de6439f092738b956,bitemporal_version_c3c84c16e72a8d2cd7f5291c,2023-12-14,false,PASS,,stage7_main_task_025,2023-12-14
bitemporal_version_caca69d42a5155ca374c77a0,cell_18dcb188dff729ae040f264a,bitemporal_version_caca69d42a5155ca374c77a0,2023-12-14,false,PASS,,stage7_main_task_025,2023-12-14
bitemporal_version_28226e3546bf4c33aeccd26d,cell_3f0b8f25291fde24a559e007,bitemporal_version_28226e3546bf4c33aeccd26d,2023-12-14,false,PASS,,stage7_main_task_025,2023-12-14
bitemporal_version_828a59b877d38a9120419e06,cell_44ef6fbfe662ce889b412cff,bitemporal_version_828a59b877d38a9120419e06,2023-12-14,false,PASS,,stage7_main_task_025,2023-12-14
bitemporal_version_37675092c54a87eafb70dff1,cell_45e09953a5ddef4462c0a147,bitemporal_version_37675092c54a87eafb70dff1,2023-12-14,false,PASS,,stage7_main_task_025,2023-12-14
bitemporal_version_f6c43696471f49502c8c94bb,cell_51ca099470b9519c3f21c337,bitemporal_version_f6c43696471f49502c8c94bb,2023-12-14,false,PASS,,stage7_main_task_025,2023-12-14
bitemporal_version_a1d7e6d0f1089129c8f15367,cell_58560187f2076d85b5a6f74a,bitemporal_version_a1d7e6d0f1089129c8f15367,2023-12-14,false,PASS,,stage7_main_task_025,2023-12-14
bitemporal_version_ce8af922be70cff2a55cb3be,cell_63f0b623e1aa623002144e00,bitemporal_version_ce8af922be70cff2a55cb3be,2023-12-14,false,PASS,,stage7_main_task_025,2023-12-14
bitemporal_version_db420b88f5fd65eee761dcd0,cell_74aee36f89ce05bc1be1552b,bitemporal_version_db420b88f5fd65eee761dcd0,2023-12-14,false,PASS,,stage7_main_task_025,2023-12-14
bitemporal_version_46fb2e606e72af1fc35c4fde,cell_9cfca22fbc766370829a5d1b,bitemporal_version_46fb2e606e72af1fc35c4fde,2023-12-14,false,PASS,,stage7_main_task_025,2023-12-14
bitemporal_version_a1a678bdc680f8036f3ef8da,cell_a7cf03a43029172147498f1d,bitemporal_version_a1a678bdc680f8036f3ef8da,2023-12-14,false,PASS,,stage7_main_task_025,2023-12-14
bitemporal_version_2e5228c7cabacfb616f37cb4,cell_a988b2656051f7e18ac637e4,bitemporal_version_2e5228c7cabacfb616f37cb4,2023-12-14,false,PASS,,stage7_main_task_025,2023-12-14
bitemporal_version_1cbbab229df8d6e5082b0c85,cell_aa6a328c3c70903fa58222ee,bitemporal_version_1cbbab229df8d6e5082b0c85,2023-12-14,false,PASS,,stage7_main_task_025,2023-12-14
bitemporal_version_111220f8749248750763ab5b,cell_e74dbbf425d6747d204d3810,bitemporal_version_111220f8749248750763ab5b,2023-12-14,false,PASS,,stage7_main_task_025,2023-12-14
bitemporal_version_620f7d19c3100cbf8e656054,cell_eb963d9033a751600f00caf8,bitemporal_version_620f7d19c3100cbf8e656054,2023-12-14,false,PASS,,stage7_main_task_025,2023-12-14
bitemporal_version_74224b4b30ba9084bdd8ac94,cell_e5477cc9d090c69443f67a6a,bitemporal_version_74224b4b30ba9084bdd8ac94,2023-11-10,false,PASS,,stage7_main_task_026,2023-11-10
bitemporal_version_43194bb14cfc647ee8b539c8,cell_8f3c162903e22fbfe2cbba42,bitemporal_version_43194bb14cfc647ee8b539c8;bitemporal_version_72e60100df4f5a214d5119f4,2023-09-23,true,SUPERSEDED_EXPOSED,bitemporal_version_72e60100df4f5a214d5119f4,stage7_main_task_027,2023-09-22
bitemporal_version_227edd2b8751473fea93230b,cell_121053c3508b6529026d1b1e,bitemporal_version_227edd2b8751473fea93230b,2023-10-22,false,PASS,,stage7_main_task_028,2023-10-22
bitemporal_version_5c99ec9f129d1a026b8be57d,cell_2dfc9a7f03542dcf190b7553,bitemporal_version_5c99ec9f129d1a026b8be57d,2023-10-22,false,PASS,,stage7_main_task_028,2023-10-22
bitemporal_version_6376273395e4b492755caae5,cell_4ae16fac54b95ee524718c7e,bitemporal_version_6376273395e4b492755caae5,2023-10-22,false,PASS,,stage7_main_task_028,2023-10-22
bitemporal_version_29a6ec970cf17d8cd3b58ea8,cell_6a1588be58e9c5a91d6b2534,bitemporal_version_29a6ec970cf17d8cd3b58ea8,2023-10-22,false,PASS,,stage7_main_task_028,2023-10-22
bitemporal_version_35e52639fd4bb64e7929f925,cell_7c79414987c86917f8fe4747,bitemporal_version_35e52639fd4bb64e7929f925,2023-10-22,false,PASS,,stage7_main_task_028,2023-10-22
bitemporal_version_099fba5e70afd35ae1248935,cell_83789dbb3816b79a8bf0fcff,bitemporal_version_099fba5e70afd35ae1248935,2023-10-22,false,PASS,,stage7_main_task_028,2023-10-22
bitemporal_version_f9e2a18d77747823e1ff09a7,cell_9014e249e35a590ee949d882,bitemporal_version_f9e2a18d77747823e1ff09a7,2023-10-22,false,PASS,,stage7_main_task_028,2023-10-22
bitemporal_version_eb535e8c75c57a18d5adca25,cell_96b4757cd7a8528a4fb821e7,bitemporal_version_eb535e8c75c57a18d5adca25,2023-10-22,false,PASS,,stage7_main_task_028,2023-10-22
bitemporal_version_ec113848cdb47adc55e8ca2a,cell_a9e80bb164104fa9f94acd7a,bitemporal_version_ec113848cdb47adc55e8ca2a,2023-10-22,false,PASS,,stage7_main_task_028,2023-10-22
bitemporal_version_266a9026379e03c6579e7636,cell_bf453b474a2d9306cdad13e0,bitemporal_version_266a9026379e03c6579e7636,2023-10-22,false,PASS,,stage7_main_task_028,2023-10-22
bitemporal_version_cd8d41ee8fea9fdf498ef393,cell_c8a195ce5490d52eac969260,bitemporal_version_cd8d41ee8fea9fdf498ef393,2023-10-22,false,PASS,,stage7_main_task_028,2023-10-22
bitemporal_version_efd4a6f3fe2d0289f12bbd03,cell_e610b4ce3922994ac4da48cb,bitemporal_version_efd4a6f3fe2d0289f12bbd03,2023-10-22,false,PASS,,stage7_main_task_028,2023-10-22
bitemporal_version_817d5dc652f9a9eb3e96bd83,cell_e646a5e99626f665adf53dfb,bitemporal_version_817d5dc652f9a9eb3e96bd83,2023-10-22,false,PASS,,stage7_main_task_028,2023-10-22
bitemporal_version_e05462fe95e27ad4ca9a2bf5,cell_f2bab7e8e692c04d8beb482b,bitemporal_version_e05462fe95e27ad4ca9a2bf5,2023-10-22,false,PASS,,stage7_main_task_028,2023-10-22
bitemporal_version_243c479459aa190acd481413,cell_faa7efd3c3e249cc878fd291,bitemporal_version_243c479459aa190acd481413,2023-10-22,false,PASS,,stage7_main_task_028,2023-10-22
bitemporal_version_19e1fc849f06b2b80a323389,cell_fccd76a8459740ecc3617390,bitemporal_version_19e1fc849f06b2b80a323389,2023-10-22,false,PASS,,stage7_main_task_028,2023-10-22
bitemporal_version_d41179f1e4ef4d7ced87bcf0,cell_feb25603908516ff7807e05b,bitemporal_version_d41179f1e4ef4d7ced87bcf0,2023-10-22,false,PASS,,stage7_main_task_028,2023-10-22
bitemporal_version_13b129363dc48ac52c9e3fbc,cell_8e31894debfd91db79f6b261,bitemporal_version_13b129363dc48ac52c9e3fbc;bitemporal_version_e2417f00941455d87efc2cf9,2023-11-18,true,SUPERSEDED_EXPOSED,bitemporal_version_e2417f00941455d87efc2cf9,stage7_main_task_029,2023-11-17
bitemporal_version_9418128c653968d6175c40d1,cell_a988b2656051f7e18ac637e4,bitemporal_version_6ba5ca2e302a80eff6775e6b;bitemporal_version_9418128c653968d6175c40d1,2023-12-17,true,SUPERSEDED_EXPOSED,bitemporal_version_6ba5ca2e302a80eff6775e6b,stage7_main_task_030,2023-12-16
bitemporal_version_fe8dd696d0ae762e294b6740,cell_3d2558b73586465c51997f14,bitemporal_version_fe8dd696d0ae762e294b6740,2023-10-08,false,PASS,,stage7_main_task_031,2023-10-08
bitemporal_version_2043c50b24d81df699fa780b,cell_0c1a8a5de6439f092738b956,bitemporal_version_2043c50b24d81df699fa780b,2023-12-17,false,PASS,,stage7_main_task_032,2023-12-16
bitemporal_version_a5db2f41407c796f2fb32e0a,cell_18dcb188dff729ae040f264a,bitemporal_version_a5db2f41407c796f2fb32e0a,2023-12-17,false,PASS,,stage7_main_task_032,2023-12-16
bitemporal_version_68919cfd480b4ce48ec4daa4,cell_3f0b8f25291fde24a559e007,bitemporal_version_68919cfd480b4ce48ec4daa4,2023-12-17,false,PASS,,stage7_main_task_032,2023-12-16
bitemporal_version_cc4b6d222a68b847e6f5d1f8,cell_45e09953a5ddef4462c0a147,bitemporal_version_254cbf8959eb088abd0e81a8;bitemporal_version_cc4b6d222a68b847e6f5d1f8,2023-12-17,true,SUPERSEDED_EXPOSED,bitemporal_version_254cbf8959eb088abd0e81a8,stage7_main_task_032,2023-12-16
bitemporal_version_c78bf4d5087c5f98ce8e210c,cell_51ca099470b9519c3f21c337,bitemporal_version_c78bf4d5087c5f98ce8e210c,2023-12-17,false,PASS,,stage7_main_task_032,2023-12-16
bitemporal_version_b62d9b5495beed00865c4b45,cell_58560187f2076d85b5a6f74a,bitemporal_version_b62d9b5495beed00865c4b45,2023-12-17,false,PASS,,stage7_main_task_032,2023-12-16
bitemporal_version_4a54853c11e8b430c5c145d2,cell_63f0b623e1aa623002144e00,bitemporal_version_4a54853c11e8b430c5c145d2,2023-12-17,false,PASS,,stage7_main_task_032,2023-12-16
bitemporal_version_fe3f915a22ed341d647d39b7,cell_64ff35e15826ff3f4f73e53f,bitemporal_version_0e8be71918da1a425a24a09a;bitemporal_version_fe3f915a22ed341d647d39b7,2023-12-17,true,SUPERSEDED_EXPOSED,bitemporal_version_0e8be71918da1a425a24a09a,stage7_main_task_032,2023-12-16
bitemporal_version_2a31fd25b78add14c0156b6d,cell_74aee36f89ce05bc1be1552b,bitemporal_version_2a31fd25b78add14c0156b6d,2023-12-17,false,PASS,,stage7_main_task_032,2023-12-16
bitemporal_version_26d919feaaf6b56a1fdc7e57,cell_9cfca22fbc766370829a5d1b,bitemporal_version_26d919feaaf6b56a1fdc7e57;bitemporal_version_81c5de68556eae89ddda0efd,2023-12-17,true,SUPERSEDED_EXPOSED,bitemporal_version_81c5de68556eae89ddda0efd,stage7_main_task_032,2023-12-16
bitemporal_version_0a135d163192d7d91687997f,cell_a7cf03a43029172147498f1d,bitemporal_version_0a135d163192d7d91687997f,2023-12-17,false,PASS,,stage7_main_task_032,2023-12-16
bitemporal_version_9418128c653968d6175c40d1,cell_a988b2656051f7e18ac637e4,bitemporal_version_6ba5ca2e302a80eff6775e6b;bitemporal_version_9418128c653968d6175c40d1,2023-12-17,true,SUPERSEDED_EXPOSED,bitemporal_version_6ba5ca2e302a80eff6775e6b,stage7_main_task_032,2023-12-16
bitemporal_version_fb373c9971cdd6aab8ca2f9f,cell_e74dbbf425d6747d204d3810,bitemporal_version_fb373c9971cdd6aab8ca2f9f,2023-12-17,false,PASS,,stage7_main_task_032,2023-12-16
bitemporal_version_aa6fe236bb9d9f4300e6bb48,cell_eb963d9033a751600f00caf8,bitemporal_version_aa6fe236bb9d9f4300e6bb48,2023-12-17,false,PASS,,stage7_main_task_032,2023-12-16
bitemporal_version_f4250e9fb3b6db0f869b0130,cell_2dfc9a7f03542dcf190b7553,bitemporal_version_540063c41656a0b9aa8eaebd;bitemporal_version_f4250e9fb3b6db0f869b0130,2023-10-19,true,SUPERSEDED_EXPOSED,bitemporal_version_540063c41656a0b9aa8eaebd,stage7_main_task_033,2023-10-18
bitemporal_version_3005ef08630feaa5140bb522,cell_83789dbb3816b79a8bf0fcff,bitemporal_version_3005ef08630feaa5140bb522,2023-10-19,false,PASS,,stage7_main_task_033,2023-10-18
bitemporal_version_9bf6e3be2d520b0129fa42f7,cell_bf453b474a2d9306cdad13e0,bitemporal_version_9bf6e3be2d520b0129fa42f7,2023-10-19,false,PASS,,stage7_main_task_033,2023-10-18
bitemporal_version_cabf72e5c673596be494b5ee,cell_0c1a8a5de6439f092738b956,bitemporal_version_cabf72e5c673596be494b5ee,2023-12-19,false,PASS,,stage7_main_task_034,2023-12-18
bitemporal_version_5c8e58ea2a1b05ecf8963d45,cell_18dcb188dff729ae040f264a,bitemporal_version_5c8e58ea2a1b05ecf8963d45,2023-12-19,false,PASS,,stage7_main_task_034,2023-12-18
bitemporal_version_e3a48a5f6994ff54730f3394,cell_3f0b8f25291fde24a559e007,bitemporal_version_e3a48a5f6994ff54730f3394,2023-12-19,false,PASS,,stage7_main_task_034,2023-12-18
bitemporal_version_fe80e12dadec0d1607aa739e,cell_45e09953a5ddef4462c0a147,bitemporal_version_fe80e12dadec0d1607aa739e,2023-12-19,false,PASS,,stage7_main_task_034,2023-12-18
bitemporal_version_ab411b02e5655dbb832046f9,cell_51ca099470b9519c3f21c337,bitemporal_version_ab411b02e5655dbb832046f9,2023-12-19,false,PASS,,stage7_main_task_034,2023-12-18
bitemporal_version_4f1f4bcd48988fda803b7b16,cell_58560187f2076d85b5a6f74a,bitemporal_version_4f1f4bcd48988fda803b7b16,2023-12-19,false,PASS,,stage7_main_task_034,2023-12-18
bitemporal_version_6d1e17a2b701f85c24fd341f,cell_63f0b623e1aa623002144e00,bitemporal_version_6d1e17a2b701f85c24fd341f,2023-12-19,false,PASS,,stage7_main_task_034,2023-12-18
bitemporal_version_304e54396fecdd90a362eb34,cell_64ff35e15826ff3f4f73e53f,bitemporal_version_26a031713c7d96da26407e9e;bitemporal_version_304e54396fecdd90a362eb34,2023-12-19,true,SUPERSEDED_EXPOSED,bitemporal_version_26a031713c7d96da26407e9e,stage7_main_task_034,2023-12-18
bitemporal_version_08bdb7abfcb9aece891abd98,cell_74aee36f89ce05bc1be1552b,bitemporal_version_08bdb7abfcb9aece891abd98,2023-12-19,false,PASS,,stage7_main_task_034,2023-12-18
bitemporal_version_e5bbdba4470a5f716c642573,cell_8daeb32ef201b43aa2396d30,bitemporal_version_60a47a5fd984377b63e4a326;bitemporal_version_e5bbdba4470a5f716c642573,2023-12-19,true,SUPERSEDED_EXPOSED,bitemporal_version_60a47a5fd984377b63e4a326,stage7_main_task_034,2023-12-18
bitemporal_version_edffb25e2b8cb8fb7da98105,cell_9cfca22fbc766370829a5d1b,bitemporal_version_edffb25e2b8cb8fb7da98105,2023-12-19,false,PASS,,stage7_main_task_034,2023-12-18
bitemporal_version_10ac3ab58ad9405eb52355a3,cell_a7cf03a43029172147498f1d,bitemporal_version_10ac3ab58ad9405eb52355a3,2023-12-19,false,PASS,,stage7_main_task_034,2023-12-18
bitemporal_version_ea8f0838e5f0c5364da9b1bb,cell_a988b2656051f7e18ac637e4,bitemporal_version_bf4d81b432532e9e60676187;bitemporal_version_ea8f0838e5f0c5364da9b1bb,2023-12-19,true,SUPERSEDED_EXPOSED,bitemporal_version_bf4d81b432532e9e60676187,stage7_main_task_034,2023-12-18
bitemporal_version_f58d0de6bd7712e1540b640e,cell_e74dbbf425d6747d204d3810,bitemporal_version_f58d0de6bd7712e1540b640e,2023-12-19,false,PASS,,stage7_main_task_034,2023-12-18
bitemporal_version_537df6363dc17f00de7f8ebd,cell_eb963d9033a751600f00caf8,bitemporal_version_537df6363dc17f00de7f8ebd,2023-12-19,false,PASS,,stage7_main_task_034,2023-12-18
bitemporal_version_c12d8b91a76ec85621accc70,cell_0c7c18a1ffef6d9e83e69815,bitemporal_version_6d00be1d0e3378a03da3d3e7;bitemporal_version_c12d8b91a76ec85621accc70,2023-10-12,true,SUPERSEDED_EXPOSED,bitemporal_version_6d00be1d0e3378a03da3d3e7,stage7_main_task_035,2023-10-11
bitemporal_version_86ec5723a3ac346f6be1dbcd,cell_b78c8fe752bb215ebc415f65,bitemporal_version_47ddf12ea2da285b2ec44ebf;bitemporal_version_86ec5723a3ac346f6be1dbcd,2023-11-29,true,SUPERSEDED_EXPOSED,bitemporal_version_47ddf12ea2da285b2ec44ebf,stage7_main_task_036,2023-11-28
bitemporal_version_b80fc9058f82768576705a0c,cell_a7a9faa90556b5f0054f0fd0,bitemporal_version_3b61ba040c33594ef18e9eca;bitemporal_version_b80fc9058f82768576705a0c,2023-09-23,true,SUPERSEDED_EXPOSED,bitemporal_version_3b61ba040c33594ef18e9eca,stage7_main_task_037,2023-09-22
bitemporal_version_89c9c8c5cc5c29a3ecc3eab1,cell_59d7ded1be93617fff859fd7,bitemporal_version_14c0d3c3c5bae0f959927e2b;bitemporal_version_89c9c8c5cc5c29a3ecc3eab1,2023-09-23,true,SUPERSEDED_EXPOSED,bitemporal_version_14c0d3c3c5bae0f959927e2b,stage7_main_task_038,2023-09-22
bitemporal_version_e505f340e809e30ce92b9ec1,cell_5f623d6b57b59266e65e7d26,bitemporal_version_8235fd26d39fa446d0c4b06d;bitemporal_version_e505f340e809e30ce92b9ec1,2023-09-23,true,SUPERSEDED_EXPOSED,bitemporal_version_8235fd26d39fa446d0c4b06d,stage7_main_task_038,2023-09-22
bitemporal_version_43194bb14cfc647ee8b539c8,cell_8f3c162903e22fbfe2cbba42,bitemporal_version_43194bb14cfc647ee8b539c8;bitemporal_version_72e60100df4f5a214d5119f4,2023-09-23,true,SUPERSEDED_EXPOSED,bitemporal_version_72e60100df4f5a214d5119f4,stage7_main_task_038,2023-09-22
bitemporal_version_c19f2563a180297090a3bab9,cell_0e03d8262312cadde60398fe,bitemporal_version_c19f2563a180297090a3bab9;bitemporal_version_c6b6f20245abc677a7530f13,2023-10-27,true,SUPERSEDED_EXPOSED,bitemporal_version_c6b6f20245abc677a7530f13,stage7_main_task_039,2023-10-26
bitemporal_version_886c520d081e77e5f96d649d,cell_cb5a81a7ae16ac1f806d2b6b,bitemporal_version_886c520d081e77e5f96d649d,2023-12-06,false,PASS,,stage7_main_task_040,2023-12-06
bitemporal_version_886c520d081e77e5f96d649d,cell_cb5a81a7ae16ac1f806d2b6b,bitemporal_version_886c520d081e77e5f96d649d,2023-12-06,false,PASS,,stage7_main_task_041,2023-12-06
bitemporal_version_b80fc9058f82768576705a0c,cell_a7a9faa90556b5f0054f0fd0,bitemporal_version_3b61ba040c33594ef18e9eca;bitemporal_version_b80fc9058f82768576705a0c,2023-09-23,true,SUPERSEDED_EXPOSED,bitemporal_version_3b61ba040c33594ef18e9eca,stage7_main_task_042,2023-09-22
bitemporal_version_31e892d8d8cff9b59e635067,cell_ff5e7be1c6332ee68423a3aa,bitemporal_version_31e892d8d8cff9b59e635067;bitemporal_version_3963ca3292cdcdafe2bdf817,2023-11-22,true,SUPERSEDED_EXPOSED,bitemporal_version_3963ca3292cdcdafe2bdf817,stage7_main_task_043,2023-11-21
bitemporal_version_f4250e9fb3b6db0f869b0130,cell_2dfc9a7f03542dcf190b7553,bitemporal_version_540063c41656a0b9aa8eaebd;bitemporal_version_f4250e9fb3b6db0f869b0130,2023-10-19,true,SUPERSEDED_EXPOSED,bitemporal_version_540063c41656a0b9aa8eaebd,stage7_main_task_044,2023-10-18
bitemporal_version_f4250e9fb3b6db0f869b0130,cell_2dfc9a7f03542dcf190b7553,bitemporal_version_540063c41656a0b9aa8eaebd;bitemporal_version_f4250e9fb3b6db0f869b0130,2023-10-19,true,SUPERSEDED_EXPOSED,bitemporal_version_540063c41656a0b9aa8eaebd,stage7_main_task_045,2023-10-18
bitemporal_version_a47d9b6335c7cdb569e03fe8,cell_15d2c322bb0814f83525b455,bitemporal_version_a47d9b6335c7cdb569e03fe8,2023-10-19,false,PASS,,stage7_main_task_046,2023-10-18
bitemporal_version_f4250e9fb3b6db0f869b0130,cell_2dfc9a7f03542dcf190b7553,bitemporal_version_540063c41656a0b9aa8eaebd;bitemporal_version_f4250e9fb3b6db0f869b0130,2023-10-19,true,SUPERSEDED_EXPOSED,bitemporal_version_540063c41656a0b9aa8eaebd,stage7_main_task_046,2023-10-18
bitemporal_version_c2c02938309c4ccb7b2749f6,cell_31e74eece7a614a6a6e6ad67,bitemporal_version_c2c02938309c4ccb7b2749f6,2023-10-19,false,PASS,,stage7_main_task_046,2023-10-18
bitemporal_version_e2662dd5bfca8f58ba5059bb,cell_323c9f43486ba2940d7eb18e,bitemporal_version_e2662dd5bfca8f58ba5059bb,2023-10-19,false,PASS,,stage7_main_task_046,2023-10-18
bitemporal_version_831612ebfa13888afde32f8b,cell_350b42c938b67c3ef980544e,bitemporal_version_831612ebfa13888afde32f8b,2023-10-19,false,PASS,,stage7_main_task_046,2023-10-18
bitemporal_version_0dea87710991f32adaa9ca0a,cell_3ae33164a8e71987590e3ceb,bitemporal_version_0dea87710991f32adaa9ca0a,2023-10-19,false,PASS,,stage7_main_task_046,2023-10-18
bitemporal_version_0b2d3b47a6658eeeef3bb4e3,cell_63d1e25f2b61b93ebb0d39c0,bitemporal_version_0b2d3b47a6658eeeef3bb4e3,2023-10-19,false,PASS,,stage7_main_task_046,2023-10-18
bitemporal_version_f2c4fbc76dc7c2ceef0ec7a4,cell_739b1858e1eec353b36657cc,bitemporal_version_f2c4fbc76dc7c2ceef0ec7a4,2023-10-19,false,PASS,,stage7_main_task_046,2023-10-18
bitemporal_version_3005ef08630feaa5140bb522,cell_83789dbb3816b79a8bf0fcff,bitemporal_version_3005ef08630feaa5140bb522,2023-10-19,false,PASS,,stage7_main_task_046,2023-10-18
bitemporal_version_9adaa74c6a635ae61bd8f4ae,cell_9014e249e35a590ee949d882,bitemporal_version_9adaa74c6a635ae61bd8f4ae;bitemporal_version_f683b053f43f042eff224de6,2023-10-19,true,SUPERSEDED_EXPOSED,bitemporal_version_f683b053f43f042eff224de6,stage7_main_task_046,2023-10-18
bitemporal_version_0f2d09f548a16421440bf368,cell_9918a6975e555bb8745426a6,bitemporal_version_0f2d09f548a16421440bf368,2023-10-19,false,PASS,,stage7_main_task_046,2023-10-18
bitemporal_version_9bf6e3be2d520b0129fa42f7,cell_bf453b474a2d9306cdad13e0,bitemporal_version_9bf6e3be2d520b0129fa42f7,2023-10-19,false,PASS,,stage7_main_task_046,2023-10-18
bitemporal_version_0c1983de26a49745d8a3cb7d,cell_d0aaf3ebeddde7e26d32be3b,bitemporal_version_0c1983de26a49745d8a3cb7d,2023-10-19,false,PASS,,stage7_main_task_046,2023-10-18
bitemporal_version_99cfe2496a591a4ad0dd6260,cell_e610b4ce3922994ac4da48cb,bitemporal_version_99cfe2496a591a4ad0dd6260;bitemporal_version_c8b1ed585b1ccb9aee725d4f,2023-10-19,true,SUPERSEDED_EXPOSED,bitemporal_version_c8b1ed585b1ccb9aee725d4f,stage7_main_task_046,2023-10-18
bitemporal_version_6d2706db1318495f34a0732b,cell_e64cfd0ce48c0a1b76f17f99,bitemporal_version_6d2706db1318495f34a0732b,2023-10-19,false,PASS,,stage7_main_task_046,2023-10-18
bitemporal_version_3f751532866431f62b647174,cell_feb25603908516ff7807e05b,bitemporal_version_3f751532866431f62b647174;bitemporal_version_7411ddbf1f3c5e85c34553f9,2023-10-19,true,SUPERSEDED_EXPOSED,bitemporal_version_7411ddbf1f3c5e85c34553f9,stage7_main_task_046,2023-10-18
bitemporal_version_c0b196903f7a0184aab663fe,cell_1a79c4be59c0faaa67f15970,bitemporal_version_c0b196903f7a0184aab663fe,2023-11-22,false,PASS,,stage7_main_task_047,2023-11-21
bitemporal_version_021bc61ec3f13983dcffef5a,cell_755f0624cffe8fc133dd76a0,bitemporal_version_021bc61ec3f13983dcffef5a,2023-11-22,false,PASS,,stage7_main_task_047,2023-11-21
bitemporal_version_31e892d8d8cff9b59e635067,cell_ff5e7be1c6332ee68423a3aa,bitemporal_version_31e892d8d8cff9b59e635067;bitemporal_version_3963ca3292cdcdafe2bdf817,2023-11-22,true,SUPERSEDED_EXPOSED,bitemporal_version_3963ca3292cdcdafe2bdf817,stage7_main_task_047,2023-11-21
